RCR,F1000Total
1.605013904,5
0.869787746,1
1.561292305,2
0.822965166,2
0.551613235,1
3.934772868,2
5.211319256,6
1.604927216,2
7.708873301,9
5.479900573,4
2.167242942,2
1.419396349,2
2.536226428,2
7.763690033,17
0.890914136,1
0.815442234,1
1.54570158,1
2.011643546,2
0.629594558,1
4.569713754,1
2.856018943,1
0.89391384,4
0.617996768,1
1.837394777,1
1.508844015,4
1.594735599,1
2.201881732,1
0.188147849,2
2.878433345,4
30.73454363,1
0.452311528,1
0.602706276,2
0.982753173,2
1.477959877,2
1.838877071,2
0.467512799,4
3.364129456,1
8.812873245,10
0.599366145,1
0.358792203,3
1.299627797,1
1.766942965,1
2.442760917,2
1.176113064,2
2.848289745,3
1.178062122,1
0.233719345,2
0.904893588,1
0.594056313,1
1.62197815,1
2.904774119,2
1.365943654,1
10.8043915,6
1.170605324,1
1.417342445,1
0.860994056,2
0.64314024,2
1.017568621,2
0.335606973,1
14.29075995,2
1.162625261,3
1.258622804,2
1.760126224,1
0.655437156,1
1.340437336,2
4.370168496,2
1.174461878,1
0.405453091,1
0.909273932,6
1.760777931,1
0.607641201,2
0.264351441,2
0.663078645,2
1.682250268,2
1.057387834,2
3.08882833,4
0.537267494,1
1.60191267,1
0.948774262,2
4.696193872,3
1.9978706,1
0.88557386,3
1.107402548,1
0.733979666,2
3.501338113,3
2.423623568,1
1.380803704,2
1.507718841,2
1.767136243,6
1.746551025,1
2.948700576,3
0.211051139,1
1.233995595,1
0.975805454,1
14.12000661,1
0.355810803,1
0.431998936,2
1.768066487,4
0.873020475,3
0.79050463,1
2.426333642,2
1.145499075,1
0.996406325,2
2.116920469,1
1.989244798,2
1.593339546,1
3.701644285,1
1.002102098,8
1.37119958,1
0.674371274,1
3.387659018,2
2.958398968,1
0.867301463,1
0.975970104,2
2.242854086,1
2.749701117,1
1.181380693,1
1.151719817,3
6.774059769,3
0.739161659,1
0.325800238,1
1.414631195,1
3.527110357,1
0.397277771,2
0.411341064,1
1.527277036,1
1.383551715,1
1.054710544,2
2.153438474,2
0.728586531,3
9.314598713,5
1.629616733,1
1.579650607,3
1.437866482,1
1.153974884,1
4.793888147,6
0.936489615,2
1.586608228,5
0.60069992,1
1.328925775,3
2.026909874,6
0,2
1.843407903,1
13.985794,5
0.849493538,3
1.297103412,2
2.730396261,2
7.081519025,1
1.971897762,3
1.798964307,6
0.788123148,2
0.830310194,1
15.28460294,3
3.420884702,1
1.556651822,1
1.12926548,4
1.55859054,1
1.023782918,1
0.657111518,2
1.052597022,2
2.683268088,3
4.766505527,3
0.737912897,6
0.85968778,1
0.741161567,3
0.101791776,1
0.572076302,1
2.650255738,1
2.570802148,1
1.206754099,1
1.21068343,1
6.934502717,1
1.705211079,1
2.615766977,1
0.972917903,1
1.872392894,3
1.237695034,2
0.908317126,2
1.470642809,4
0.601530244,1
0.487538282,1
3.042996651,1
3.002201976,2
3.017875104,2
0.696127098,2
1.262760794,1
1.618209583,3
2.614662258,4
1.296660571,1
0.41564739,4
1.67711901,1
0.375664157,1
1.233210075,1
1.584127283,3
0.877225433,1
1.398521135,2
0.884834077,1
0.66321201,1
1.331604073,5
1.056013236,1
0.105658718,1
3.099140906,1
2.156944542,1
0.541719659,2
0.942079072,2
0.737395949,2
0.776884585,1
1.659408669,2
0.580751426,1
1.600291604,3
0.613204867,1
1.206558966,1
1.366825197,2
0.353081002,1
0.606584173,1
0.829934082,2
1.341737681,2
0.802294254,1
0.727006046,3
0.898812095,1
3.216712229,2
6.811021621,8
2.681969373,3
1.099656124,2
1.485220301,15
6.402434929,3
1.137312333,2
1.413008362,2
5.020600066,6
1.866148118,2
2.994910767,2
2.259296732,5
2.240416314,5
5.331058099,1
2.232241429,3
6.052770401,1
0.141479348,1
1.852005115,1
0.76693754,1
0.410496393,1
0.499659564,3
0.06419735,1
0.541898177,4
0.574001077,1
0.905942487,2
6.498523661,2
2.01718189,1
3.27395284,4
0.936510146,4
1.322304549,2
2.0808748,1
1.164869004,3
1.571226804,2
1.116275096,1
2.708444334,1
1.433442989,4
5.889554524,6
13.94823476,8
1.952296745,1
5.429809432,4
1.20480831,1
0.981761368,2
2.225505505,4
1.153485502,1
1.668245471,1
6.930505136,4
0.317767046,2
1.124791365,1
1.141476939,1
6.200247924,4
2.2856565,5
4.608162921,4
1.259401288,2
1.450838797,1
0.900877538,1
0.388705712,1
0.183268444,1
1.329846189,1
10.46896993,8
0.530026604,1
1.876887497,2
0.494794866,1
0,2
1.533836909,3
6.458962657,3
1.692656471,3
4.405421708,3
1.021274621,1
4.123222185,1
0.602094367,1
2.089682363,1
1.090745477,6
0.663371437,1
1.057608394,1
2.921564443,2
3.742003931,1
1.208829113,2
0.679371843,1
1.714278677,1
0.101501284,1
2.018996015,2
1.295938117,1
1.336054683,1
1.198103093,2
0.765475621,1
1.638716535,4
1.433542081,2
3.686742731,2
1.840896559,5
8.940925891,4
1.819794069,5
4.567253419,3
0.582780315,1
1.999819861,2
1.048692229,2
0.859932977,1
1.250311515,1
1.032612055,2
0.361337614,1
0.814576174,2
2.805061637,2
2.461990262,1
0.265715614,1
0.73948167,1
0.831960067,1
2.443021923,4
0.328883258,1
0.363570212,1
0.812031945,1
1.593874372,1
0.501370012,2
1.316120977,2
0.298021621,1
2.325596362,1
0.831090232,1
2.577242529,2
0.4743856,1
1.187182622,1
5.484929337,1
0.924890391,1
1.499610969,1
6.565926477,6
1.453097951,1
4.672092427,2
11.60477857,4
1.732811282,2
1.262203389,1
6.522763076,6
1.726046318,1
1.44732207,1
0.130448429,2
2.602593297,3
1.912998879,1
1.304576209,1
3.989921447,1
1.289869519,1
2.034596509,5
8.452952463,13
0,2
1.445106129,1
0.399307282,1
0.634204613,1
2.411738116,2
3.127583772,3
2.698088434,1
0.708966956,3
15.33577724,7
1.501433316,1
0.707063853,3
0.883533891,1
0.841092749,1
4.017114726,1
0.882690323,1
0.062172033,1
0.622633577,2
7.579498942,13
1.33733375,3
0.308657521,2
0.74298881,1
1.274957581,4
1.774608461,1
0.855303632,2
1.441749815,1
1.129806555,2
0.861547927,1
2.203295226,1
0.828138941,2
0.633193244,1
0,1
0.623747446,2
2.773123287,3
1.2619633,2
2.403848155,1
1.638794257,2
2.630841195,1
1.682754965,2
0.474616017,2
4.521011247,1
1.660264021,1
0.443399785,3
1.081323888,2
0.490092488,1
2.452243646,1
3.793603075,6
1.66667891,1
0.663715091,2
2.44061217,7
0.177121633,1
1.621677953,2
7.83696088,2
1.503833035,1
4.100367081,1
0.377516143,1
2.791529113,3
1.693489802,2
1.474927492,2
3.811907082,1
0.586290739,1
1.955449683,3
5.633627048,2
0.928637073,1
1.328398746,1
6.090804183,4
1.545364862,1
0.550009198,1
0.186178581,2
0.469960714,1
1.187562063,2
1.856180371,1
3.425730579,2
11.15501735,2
1.331973139,1
1.671934139,2
4.740035859,5
1.188506767,2
2.926187293,2
1.04051567,2
0.194918698,1
3.880633769,5
1.288036874,2
1.992819241,1
0.325372078,1
2.545622191,4
1.370741213,2
0.501529183,2
1.677927958,2
0.270907175,1
1.068370639,3
3.713034123,2
0.966797129,2
0.76587247,1
1.309330565,1
0.580744595,2
2.307115812,2
1.630137824,2
3.396459149,2
13.77707872,17
0.189149948,1
1.067882129,1
5.325797284,6
2.62919539,1
4.382332752,1
2.361565133,2
1.397721303,1
1.299235758,3
2.149875121,1
2.649594262,2
2.863284217,2
0.193565061,1
2.392396135,1
1.298728699,1
1.641948224,1
1.670307638,1
17.66804257,5
2.373280197,1
0.705545456,1
0.960572869,1
0.560826738,5
2.090018472,3
0.912049707,2
1.771454982,1
1.952668914,2
3.801006884,11
3.846851615,1
2.763586517,2
0.766870117,3
0.84101883,2
0.608104065,1
3.98211206,3
1.040249881,3
1.108184563,1
2.654042287,3
0.347631236,1
4.56820143,1
0.568528149,1
0.325516924,1
1.007875345,2
1.409006785,2
2.90995256,3
1.475381165,1
0.502084897,2
2.212224399,1
0.293028754,2
2.2362944,3
0.367168763,2
1.485251674,5
2.464255053,1
3.358725372,1
1.210637717,2
2.461102767,1
1.931270462,2
11.03293054,6
1.497300648,1
0.991058446,2
2.329391814,2
1.544375292,2
1.146266938,1
3.023939247,1
0.609261833,2
0.568137212,1
0.576900944,3
1.472104726,1
1.428766673,3
1.110924846,4
0.511495576,1
0.441621485,1
1.942813614,3
1.029977393,1
0.928139558,4
1.168743716,1
1.060192669,1
0.178672971,1
1.06100145,2
0.457980942,4
1.317645818,1
4.823947287,1
1.022226821,2
1.924919623,1
0.743872001,1
0.268431301,1
4.464886412,4
1.988350764,1
0.462028589,2
0.256259199,1
1.717985765,1
0.367671266,1
1.600629129,2
3.696251753,3
2.970876296,1
1.554875629,2
1.342601176,2
0.343822331,2
0.609428981,1
1.314554363,2
1.173658122,6
4.909161652,3
1.679625972,4
13.68068478,10
0.805507188,1
0.897909379,1
0,2
0.907948094,2
2.0588423,2
4.625368605,4
3.077670936,1
4.807148583,12
0.784519554,3
1.262301897,2
0.39317118,1
1.948797141,4
1.468252234,2
1.010407946,4
3.27058628,3
3.063633286,2
1.758089705,4
1.384775763,1
1.871261281,1
1.350016547,2
0.322246846,2
0.999808837,1
1.2284244,2
1.362078062,1
1.169479702,1
1.178694213,4
1.587464908,1
1.481852011,1
2.610594937,2
0.554821496,1
0.509580918,1
0,1
3.508253027,2
0.662449037,1
2.054242506,3
1.332211677,2
1.054755982,1
1.724188794,5
4.468629463,4
1.396063313,2
1.4344195,1
1.527630679,2
0.831205739,2
1.394873637,2
0.166537753,1
2.189091601,1
1.787388762,2
3.197312673,1
2.652011731,2
0.499829153,3
1.840522986,1
0.200833395,1
2.74912253,3
0.165656752,1
0.998713078,3
0.601895788,1
1.143861568,2
0.51541433,1
1.837593168,1
5.925239513,6
2.231810802,2
1.740410565,1
1.680424357,2
3.894731015,3
1.149879201,1
1.808622707,3
4.81287319,7
1.472941564,2
2.459939984,1
0.950687059,2
0.625512468,2
1.05280339,2
1.881453112,1
1.081453775,2
0.38302459,1
0.85782783,2
0.559891182,1
1.170607385,1
1.231884444,1
1.593441909,6
3.177203637,2
1.765644001,2
1.439520004,1
0.642689287,1
0.460592099,1
5.151682929,2
1.17540082,1
2.963369183,2
0.423899533,2
0.461574961,1
5.236559417,2
1.274482982,1
1.524462696,2
2.796636442,2
3.19044619,1
0.453883988,2
0.229348012,1
0.610206041,2
0.776780074,1
1.312587572,2
0.201291046,1
1.785693948,1
0.269973068,1
12.76232048,4
2.200217626,1
2.409202763,2
4.667067263,1
1.014616739,2
0.275510963,1
3.832702838,1
1.749245547,1
3.145435808,10
2.216915371,1
1.280240184,1
1.061965125,1
3.234772173,1
0.785895747,3
2.182598904,2
2.8312923,2
3.256246552,2
1.292977107,1
2.13658568,6
1.775453691,2
2.279346116,2
0.834078289,1
3.447478364,1
3.034975771,1
6.519735676,5
0.690644352,1
0.101932163,1
1.586881975,1
0.989682917,4
0.39842759,1
0,1
3.763581856,1
1.563689391,2
0.462000443,1
3.535061901,2
3.337938169,1
2.238269023,1
0.787421661,1
0.316133683,1
0.370786472,3
0.059970694,2
0.326442804,2
0.401947097,1
1.747731507,3
1.353590513,4
0.261075361,1
0.676302747,1
1.52989864,1
2.949099972,2
2.520134714,5
1.444010233,1
0.422437566,1
0.997025883,2
1.563186565,1
0.589853105,1
0.811109097,2
0.823006006,2
1.349609666,4
1.124684419,1
4.41814134,2
0.519726617,1
1.046144179,1
0.865601531,2
0.436805696,3
3.308109035,2
2.003556827,1
0.565722546,1
1.517988407,1
2.559172653,3
0.903837451,1
2.821564909,2
1.7825596,2
1.78732111,1
0.451862292,1
0.444748133,2
2.611784088,1
7.305216605,3
1.9156687,1
7.711760644,5
1.983405991,2
1.83231753,1
4.135258211,2
0.688501116,1
5.462722098,2
0.514532201,1
0.053934126,1
4.185387206,3
1.607331794,1
6.224605578,3
2.403553737,2
1.252918768,1
0.535688606,3
3.760144858,3
0.777258755,1
2.270419151,2
0.957393738,1
1.116221026,2
1.423920753,4
3.723870178,3
2.868988042,2
16.06614611,5
0.521548549,2
4.464255609,4
3.461965255,1
1.707627192,1
12.71521714,1
1.615683629,2
1.240589528,5
1.511991183,2
3.570972498,6
2.885497476,1
0.331668561,1
6.035055043,2
1.720868652,1
1.938753812,1
0.982226631,3
1.662567631,6
1.710766863,2
0.566367196,1
1.300764841,1
0.30777857,1
0.860893642,2
1.591573165,1
5.865903283,1
1.141491093,3
3.769360893,4
0.588307042,2
4.077578607,4
1.144545559,1
0.755881877,6
0,2
0.805015335,1
0.71340155,3
2.731191134,1
0.394783469,1
1.926127706,4
1.882148323,1
4.693257925,2
0.164560812,1
3.323608961,1
3.910357613,1
1.397502111,2
2.570182675,2
0.501641075,2
1.271160931,1
0.588996914,1
1.794911761,1
0.55824196,1
0.187410993,1
1.316111328,7
0.891233187,1
1.370147822,2
0.732837017,3
1.2106275,2
2.43752746,2
1.441913773,1
0.526419976,2
11.95809417,2
2.13452428,3
1.343166013,2
2.160706215,3
0.974483688,1
1.853282464,1
7.994014028,1
4.787660704,1
0.69793362,1
2.333816764,1
6.729413727,5
1.654306028,4
0.79764137,1
1.396733042,2
0.580240201,1
0.728284273,2
0.532175694,1
0.604975873,5
3.009475158,5
2.473554733,3
1.392840918,2
2.897960113,2
4.736022388,7
2.125181901,1
0.314332367,4
2.10701381,3
1.061219313,1
1.102079957,1
0.507342676,1
1.36809834,2
0.090358995,1
1.047555738,1
0.743782761,1
5.612987994,1
2.107951003,3
0.280795434,1
4.156565762,3
13.65345032,15
1.325365489,2
0.350027657,1
0.247658368,1
17.42144385,1
6.958714859,1
1.866988839,3
0.708994174,2
4.248302407,2
4.883990349,2
0.20594503,1
0.475346437,1
8.74989978,1
0.770950591,2
2.011420281,2
0.819936518,1
1.727149256,1
3.267493605,4
0.794694387,1
1.008402818,2
2.353966207,1
1.31518474,1
1.710757151,2
1.310691511,3
3.779882344,5
3.21374479,2
7.249938606,6
0.238906054,1
2.201788186,1
0.956838254,2
0.30483673,2
1.926888996,1
0.059022491,3
3.376398163,3
1.436165915,2
4.963196349,6
1.122228379,2
1.334614667,2
2.736518607,1
0.492763642,2
2.260561293,1
3.008139033,1
12.61082524,1
1.615635519,1
1.029941057,3
0.79051981,1
1.626117345,1
1.961515248,1
0.818829267,2
0.795692195,2
2.41565913,2
1.264669854,1
3.167584917,6
0.969929785,1
5.171676606,2
2.755650285,2
6.890711321,2
0.354981334,2
9.675699275,7
0.793460525,1
2.054184647,2
2.261253744,6
3.432582212,9
1.309755487,2
4.249080465,5
1.394481608,3
5.103872303,1
0.46282797,1
3.797944481,2
4.643771011,2
1.240545077,3
1.261797327,1
1.088133372,2
1.241712292,4
1.241664284,4
0.325943656,2
2.109029135,1
1.151077876,1
3.858232133,11
0.830246571,1
0.9520113,1
1.395601488,1
5.757600403,3
1.023077117,1
2.939496293,5
0.158110411,1
2.320728781,3
8.974079092,9
3.296275302,8
0.357148169,1
2.218371448,1
0.482753078,2
0.432377011,3
2.692699334,1
0.436972004,1
4.445228881,2
1.374682303,1
5.902585678,3
1.786932151,1
3.000327854,2
0.662054694,1
6.165825146,8
2.157262128,1
0.736456073,1
1.428992144,1
0.370335742,1
2.595072732,3
0.826412636,1
0.3053939,1
3.9603218,1
0.738124497,1
0.222433591,1
0.448522128,1
1.792400848,1
6.854286132,5
1.369206896,2
1.246248922,2
2.260769582,2
0.878642135,2
1.233140326,1
2.47177657,2
0.992978932,1
1.038435027,1
1.415548829,1
1.331086475,2
1.345532925,2
3.535706262,1
2.778542855,3
0.737522462,2
3.275269401,3
7.760051716,8
7.887624521,4
6.597387775,2
2.321451136,1
0.332205654,1
4.692502893,7
0.920942644,1
0.366541187,2
0.409506772,1
1.675332405,1
0.745080176,1
3.459623165,1
1.591303954,3
2.193963086,5
1.693305095,1
5.116728392,4
2.300562171,2
4.163764603,1
0.489908868,3
0.979469954,1
1.436916148,1
1.294913326,2
0.430393926,3
0.981842024,4
8.543993321,5
2.393577316,1
1.51952126,1
1.229244528,4
0.935680787,3
0.604315597,1
8.295175972,3
0.373273381,1
0.354311685,1
0.42898902,2
0.993610178,2
1.471212233,2
1.846167165,1
1.390079917,1
0.879059095,1
0.676929847,1
1.008964846,1
0.140097945,2
2.342107351,2
3.12586555,5
2.106705598,2
0.293635519,1
6.542152617,2
0.789209758,3
3.321581843,1
9.31453319,18
0.513443216,2
1.854579081,3
1.135922839,3
0.545225463,4
1.477217333,1
2.169073559,2
1.097111314,1
0.846994623,1
2.041784829,7
1.538695506,1
3.546582481,1
2.683705814,2
2.034217011,2
1.368739636,1
2.025736578,4
0.442663255,2
0.442885183,2
0.127360991,1
0.976295336,1
2.052395312,9
0.969186817,2
1.010680604,1
2.577208605,2
2.864069682,4
0.922984304,1
1.798683511,1
0.539759056,2
2.449605404,1
1.51943893,6
0.675698839,2
1.35024087,2
1.328016921,1
3.29720726,2
1.908283355,2
4.863554304,5
1.159325427,3
1.206097929,2
2.069950967,6
1.227500578,1
0.399396034,1
0.786432122,1
3.782633771,1
1.001492555,2
2.14948463,2
0.338273985,3
2.80461719,1
4.725083708,8
3.755681075,5
1.238439659,3
8.262868961,2
1.714983061,1
1.950478232,3
1.55644796,1
1.517714863,2
3.078704372,3
1.635514355,1
3.474141107,10
4.272661701,4
3.846066873,3
1.241853692,1
2.342647059,1
1.181807846,1
0.501342312,1
3.9463578,2
1.541077517,2
1.650576436,1
1.231965497,2
1.35634388,1
7.060287524,10
1.674113456,2
0.615952622,1
6.089426564,2
0.836201771,1
1.729346798,2
1.055110802,1
1.886782796,1
1.539925954,1
2.517243281,2
1.572943122,1
4.337420846,7
0.903523965,1
0.71400074,1
1.940170459,1
5.357535824,5
1.896403341,2
0.398107949,1
4.010220224,1
1.476670402,2
0.769214034,2
0.279735142,4
4.989852413,16
1.537206409,2
0.326283862,1
1.165299238,2
2.680412233,4
2.153434991,1
0.32711347,2
2.711847641,2
3.1762337,4
2.916585808,3
0.73911465,1
0.912051839,2
0.734296603,2
0.989232379,1
0.259184436,1
0.640970729,3
0.509329056,2
2.315515806,2
1.011506196,1
1.495764076,1
8.732559723,4
4.766726054,4
4.853561871,1
2.015997034,2
0.617266727,1
1.23790082,1
1.998988174,2
7.825225691,7
0.405760761,1
0.627214649,4
0.20283055,1
1.014811174,1
1.058906024,2
0.222072988,2
1.160670074,1
1.941540175,1
1.145989595,2
0.825878084,1
0.788435468,2
1.43686972,1
1.711507643,1
1.666327098,1
0.485000273,1
1.425648283,2
0.408053106,1
1.543988095,2
0.486368133,1
1.300656596,2
0.281116941,1
5.887270989,5
24.691032,5
1.83222179,2
3.778693426,1
0.429169268,5
1.388736461,1
2.878972302,3
4.014762384,8
1.088671947,1
1.196683196,3
1.026762114,2
2.124484297,2
0.605031273,2
2.013237108,12
0.479579117,1
2.038739002,1
21.75625229,8
1.983882107,2
0.468770307,1
1.21854549,1
1.371302413,7
3.807356639,5
18.79754199,5
2.93659721,1
0.254531513,2
0.821133845,1
1.170568712,1
1.105931604,2
1.900070623,2
1.01847635,1
1.663016887,3
0.88267363,1
1.163267675,1
4.0454238,4
1.297834673,1
0.325672905,1
14.17535853,3
1.937797851,1
0.771404715,3
0.032942343,1
3.045650439,1
1.146882502,1
4.623072352,12
2.434528577,1
11.37382943,4
1.121910258,2
3.48801293,1
2.085022484,5
2.088199109,3
0.661560799,1
0.511902372,1
1.108200323,1
1.239128682,2
0.970792303,1
14.78012818,2
1.966968931,4
0.32351697,2
0.44404602,4
5.399325918,2
1.550072673,1
0.966175169,1
1.253979149,1
0.637410217,1
6.451560853,3
0.701837767,1
1.500657853,1
3.837224528,2
2.847223877,1
0.750575972,1
2.034522363,3
1.686772862,3
0.691718808,1
0.457246647,1
1.070259701,1
0.553755976,2
1.601488446,1
0.690885233,1
1.093870737,2
0.958344674,1
3.113902893,2
2.0939642,5
0.48498257,3
1.06646566,1
2.961112,1
3.399053708,5
0.91070693,6
10.11341055,2
1.378435794,3
0.810621326,2
6.481252421,6
0,1
1.690197099,2
1.767270117,4
0.218939054,1
9.378538912,2
2.191532156,1
0.605568071,1
2.05616126,2
1.801363199,1
1.815191296,2
5.453614929,4
1.243217755,5
0,3
1.238024803,1
1.265258574,2
1.44019141,2
0.111033119,1
0.442455734,1
1.503606138,1
0.637198196,1
0.709255116,4
0.844290171,1
0.904476146,1
0.384767949,1
1.605036726,2
2.607200654,1
1.545356052,1
1.451536119,2
1.4697231,2
6.38786085,2
1.490502444,2
1.052941443,2
0,2
0.567286091,1
1.218673525,2
2.108087613,2
0.35368145,2
1.12671521,2
0,2
8.237148583,5
6.618640813,4
1.220790272,2
2.360031787,1
2.092650485,1
1.127659545,1
2.085899181,2
1.872378878,1
2.568457524,3
1.057922086,3
0.435404509,2
0.962871741,1
1.41189027,4
3.795161353,2
1.962965431,1
2.86197978,2
0.953969518,2
4.415212246,4
3.679065008,2
4.535117901,2
0.77090974,2
1.841296727,1
1.242725329,2
0.100205884,2
1.002302474,2
0.561502108,1
2.483086686,2
5.879455771,2
0.636052461,7
0.4723545,1
0.633399015,1
1.019203975,1
0.402703347,1
1.157192443,3
0.544465967,2
1.694412015,3
1.184675823,1
1.529554473,4
0.295046914,1
1.957671421,1
0.231879958,1
0.650386495,1
4.174801798,1
0.595197184,1
1.182440971,1
1.746597381,1
0.441188017,1
0.873657445,1
1.486646655,2
4.086911776,2
0.375079755,1
1.074763575,1
0.614274063,2
1.825264619,3
5.328262127,4
1.242025941,1
0.638169738,3
0.468321127,1
0.362614329,1
0.906791615,1
1.15563917,2
0.131954184,2
0.867745397,2
0.771014224,5
2.686374545,2
2.315425101,1
2.029254467,1
0.263378705,1
0.57746558,3
1.172095348,1
1.4358301,1
7.665281667,5
1.622854788,1
1.638108817,1
1.753370222,1
0.167957553,1
2.003160825,2
5.532869111,3
3.508839687,1
3.827278083,2
4.77750567,1
3.531253767,4
1.341499508,1
5.537743945,5
4.854482778,4
0.434551425,1
1.461661161,1
3.341688581,3
2.236362036,2
1.479177139,2
0.564315705,1
1.262105053,1
0.498596832,1
3.706647119,5
3.106231799,3
0.725216142,2
2.864114541,1
0.99797229,1
3.207688403,1
1.909802779,5
1.73867079,4
1.024094297,4
1.554807043,1
0.746155354,1
4.455091562,3
0.873058755,2
1.037874017,3
2.14664029,4
6.070828262,3
1.009897684,1
2.301035228,2
26.55816654,8
1.440571837,6
2.280755805,4
0.745751346,2
8.184930581,2
0.800923968,1
0.493523818,1
0.795201576,1
1.1996365,1
6.009721088,1
8.348249866,3
0.79328231,2
1.650145346,1
1.030319238,2
1.05033352,4
0.549703456,1
3.251962753,7
5.85179351,2
1.461354342,1
8.794192883,9
4.6115918,2
12.51326044,10
0.700077811,1
1.070568765,1
3.168361095,2
0.304363857,1
0.897197731,1
6.991024193,4
0.448466613,1
0.821907277,1
0.372819361,2
1.753185364,1
1.037902193,3
2.762433606,2
0.373353172,1
4.640780582,4
0.889502667,1
0,1
1.4365716,2
2.797719228,2
4.122495587,3
2.749222273,1
1.689688205,2
1.179148561,1
0.595513667,1
3.061835462,1
1.133244268,1
2.348617762,1
1.250751256,2
0.138486613,1
2.65045331,2
2.354096364,1
0.755229047,1
2.144402892,2
2.097852588,2
3.407737204,11
0.546235099,1
1.436649084,2
1.299467066,1
0.845687342,3
0.175798642,1
4.479004223,1
1.42865344,2
4.247739847,4
0.333310251,1
0.399868638,1
1.735669493,4
1.764704962,2
1.710711415,1
4.711483694,4
1.205495099,2
1.463414813,1
0.6149964,1
5.288403459,3
2.397586501,2
0.665429457,1
0.772922501,2
14.21206618,5
2.338569812,1
1.281505727,1
4.652646164,8
0.424767074,1
5.323791672,2
0.420032513,1
1.429543419,3
7.756174626,2
1.016536159,2
1.06943896,1
0.928735452,1
0.304038523,2
2.295479594,1
7.918510724,2
0.442725806,1
0.698964077,1
0.660236707,2
1.205757384,1
2.05642881,2
0.834058689,1
1.245613088,1
0.500605588,1
1.056578432,1
7.707538985,2
14.85440534,12
1.391756286,2
0.57981147,4
0.752756239,2
0.610415756,1
0.998265118,2
1.695736108,1
1.614686612,2
2.021236033,1
1.778906723,2
5.757021839,5
4.872700773,2
1.555771041,5
1.337278387,2
1.661440836,1
2.331674767,1
0.626513035,1
2.076644497,2
2.627560858,1
2.032625714,1
2.004167746,2
3.968585828,1
10.17747487,4
1.08230583,2
1.805264549,1
4.15247513,4
0.620701618,3
9.731924505,11
1.167530868,1
1.747430052,3
0.826294964,2
1.306948995,4
0.712964729,1
0.934599616,4
0.903493477,1
1.116834446,2
0.564088832,2
1.312261515,1
0.619917954,2
0.745268956,3
1.656090026,1
0.476011202,1
1.382912496,3
1.667367437,1
0.480429576,1
0.680004864,1
6.538699755,2
1.422715756,1
0.427090275,2
3.008761283,2
4.988496437,1
0.622807627,1
1.276374455,1
0.390442115,2
10.4173031,9
1.349165135,1
0.979451237,1
3.879441842,4
0.870849229,1
1.087649851,3
1.26584489,2
0.308798752,1
4.116296634,4
0.758210254,4
1.230087766,1
1.137052477,4
2.059597849,3
0.783828067,1
0.594145993,2
0.682913959,1
4.175917841,3
0.378211949,1
3.216004233,4
0.495245883,1
2.591307717,2
0,1
1.630225143,2
1.219022893,1
14.25318899,4
0.345517915,1
1.162258857,1
0.353680642,1
0.710087863,1
3.22066834,2
0.497040388,2
0.141872328,1
0.754143133,2
1.658213103,3
1.651364217,1
0.432356593,1
2.370680882,1
0.803009483,1
1.938956568,1
0.790741272,2
1.434585862,1
1.338338892,3
3.27829451,1
0.185796008,1
1.332393791,1
2.826612402,1
0.612872426,1
3.005561649,1
3.539311321,1
2.589150464,1
2.58526945,3
2.328747127,2
7.405311589,2
1.259288398,5
1.266444609,1
1.205753817,2
2.86388548,2
1.671988511,1
9.094127068,3
0.369818455,1
3.373158924,1
2.298244213,1
2.493079248,11
1.819626989,1
0.762701884,2
1.508162577,2
1.228931731,4
0.450113556,2
0.973203251,1
3.466127152,2
4.010130306,9
0.314427747,2
1.736828687,1
0.549706339,1
1.025532557,3
6.705927706,2
4.567745937,1
1.680385095,1
0.660707273,1
1.264827742,3
1.373372409,1
4.31507235,6
0.328435266,3
1.387541564,3
0.48830558,1
0.433679933,3
0.659152065,2
3.091725965,3
18.96778583,10
0.282245163,1
5.438995496,5
0.4709711,2
3.790795945,1
2.497191257,1
0.802283418,1
1.148487307,1
0.210339116,1
2.861369037,3
1.324771811,4
1.364539546,1
1.506245967,1
10.18315909,9
0.538851866,1
0.863360901,1
0.282268096,2
1.452948176,1
3.196017835,2
0.423767686,1
9.38981325,4
1.99608385,3
1.935263435,1
0.548678026,2
1.867451858,1
1.446255587,2
2.24756818,1
7.861626467,3
2.670715949,7
1.352682388,1
1.442837247,2
2.696683485,1
3.322612079,1
0.340993849,1
7.163716458,4
1.034242767,2
1.400079323,1
3.367733944,3
0.712214999,1
0.96962669,2
0.300137614,2
0.96226578,1
1.587468357,2
3.127757941,1
2.515644386,6
0.251566379,1
2.085379591,1
5.030343961,8
2.146379862,3
1.366242827,2
1.001647526,1
1.275228629,2
3.396490322,1
0.99244186,1
0.112606798,1
1.488316521,2
6.168326379,1
0.642035049,1
0.432225723,1
2.252912321,2
2.85440086,2
0.931424706,1
0.443735977,2
0.566688333,3
1.922217481,1
0.267041206,1
2.781932857,4
5.832934598,4
3.088492295,5
0.623849104,1
2.916224629,1
1.983408272,2
3.074849839,2
1.760867079,1
1.255665907,2
13.61349834,4
1.276698853,2
2.531924199,4
2.714403594,4
2.549979068,1
3.591761324,1
0.792464634,2
0.845674475,1
5.533678493,2
0.443897771,2
1.778127821,2
1.838801035,2
6.630168826,3
1.108630024,1
0.827456824,3
3.513127864,2
5.122927146,1
0.59774008,1
2.274937518,4
1.376082585,1
2.375902423,1
3.898845822,1
2.315798389,1
0.990501443,1
3.717523123,2
0.935338229,2
0.507128459,1
0.34839838,1
0.930745189,1
2.094948983,3
2.057563631,5
1.492897099,1
0.496310537,1
1.658344963,1
1.163424784,2
1.434782581,3
0.342186541,3
1.489275655,1
1.642521225,1
0.91477576,2
2.706181352,2
0.589787515,2
0.658817398,1
1.108689417,1
1.381736412,3
2.410703351,2
0.196875991,1
3.341414419,3
3.643238459,6
0.412754699,2
0.284303094,1
1.488974699,1
1.128812736,4
0.935759779,1
1.933136953,1
2.68668121,8
0.79525423,3
0.532329957,1
2.068326194,5
0.84256802,2
2.667207446,10
0.780853167,2
0.544017527,1
2.194034514,5
10.64107871,7
1.200501671,2
3.294345512,6
2.390795108,2
2.171217425,3
0.701685006,1
0.230413367,1
3.712370918,3
7.749179813,2
2.019875701,2
3.513348637,2
2.361936313,1
3.09003712,2
1.498545878,2
0.840853182,1
1.903802105,7
0.528471946,4
0.703584854,1
0.795971861,1
1.816860948,2
3.511023669,2
3.115453707,4
2.222780296,2
2.770789172,1
3.728679442,4
1.789804817,2
0.394572107,1
1.329177962,1
1.874216189,1
10.31434508,1
4.656679605,2
2.205559999,1
0.549263571,2
0.756107067,1
0.702865544,1
0.721819445,2
3.553094122,6
2.996732379,1
4.900567434,2
1.779171866,1
0.619485197,1
3.880846558,4
3.345944999,2
2.540476025,5
1.807062836,1
6.014101984,3
1.01533292,2
0.845328242,2
2.120201314,1
2.880174677,2
9.722574462,2
1.981031445,3
0.431076252,1
3.425670914,2
0.831231251,1
0.559660365,1
0.55446644,1
1.125338367,1
2.318940762,2
5.272402226,4
1.04143328,1
1.081195581,1
0.742694521,3
0.536320381,2
4.097017274,6
4.457457468,4
1.192598877,1
0.49416393,1
0.532031173,2
6.35064976,2
4.354682147,1
2.08548835,2
1.433679727,3
1.365409196,2
0.988582701,2
1.075817248,1
2.867397456,6
2.814798765,9
0.435740689,1
0.986215125,1
2.889563884,2
1.279886185,1
3.883941355,4
2.295932337,1
2.823073633,2
1.667025145,2
0.536903712,2
1.186775485,1
2.653640326,2
2.76484107,2
0.866474386,1
1.039178599,1
1.266322612,2
1.318142532,1
0.157371185,1
3.48224621,1
2.656680073,2
1.985692967,1
3.180782336,6
1.970035419,2
0.892978877,1
2.150536169,2
0.86436275,1
7.917391796,4
1.019246917,4
0.840798222,2
0.924532929,1
0.20574666,1
1.419928248,3
1.65128155,7
1.192892372,2
3.779523394,4
0.349099344,1
1.396140831,6
0.56752271,2
1.12486804,4
2.693227409,1
9.762282102,2
1.66151075,2
0.607832128,1
1.852185284,1
5.804419377,6
20.61328984,4
1.993187003,1
6.477488792,1
5.150732848,2
2.288503478,1
2.904941598,1
1.704162549,2
0.288577188,1
5.132543022,1
1.121158102,2
4.402086396,1
0.679964952,3
1.364345968,1
0.606236696,2
2.382942304,1
5.915686951,1
3.513253877,2
4.631321906,2
1.115134221,2
0.492039542,2
0.465289842,1
6.292260634,3
0.338255656,1
1.426145535,2
1.161616775,5
0.547096183,1
1.13910085,3
1.259998716,3
7.12858842,3
0.860834237,1
2.502749895,2
1.011384001,2
0.729569626,2
6.88680314,1
0.269126897,1
3.730595526,2
1.194216275,2
1.486552177,1
7.130422783,2
1.498759832,3
0.662768885,1
2.538626395,2
0.51628248,2
1.688396584,1
5.203477785,1
1.366080543,1
1.857206878,1
0.371443009,1
4.078715799,2
0.553662986,2
0.257923603,3
0.622423586,1
1.712340989,1
2.765506559,1
0.477418572,1
2.224565772,1
4.36619778,4
0.486084064,1
0.531359225,1
0.617744378,1
2.337446791,4
0.224562913,1
1.087969793,1
1.434348319,1
1.686516045,7
1.178639673,3
12.0883976,9
0.623948274,1
0.964703741,2
0.410662943,1
0.356012923,1
1.749940402,3
0.74849484,1
0.47074396,1
1.016149372,1
1.148998138,1
0.898472691,2
0.309507966,4
1.012979823,2
0.43110847,1
0.989844984,1
0.590082368,1
0.677684795,1
0.990064522,1
1.076528915,1
0.956994524,2
5.003358603,2
10.21395208,4
10.62132749,5
1.514845509,2
1.901057514,2
1.210261238,1
3.924407928,1
0.544224752,1
1.974595442,2
0.389587747,1
0.074523123,1
2.745954082,1
4.486013747,2
0.200248329,1
2.964367857,2
0.775162191,2
1.176414832,5
0.312735827,2
1.050165319,1
1.597106489,1
3.525097657,1
0.702212642,1
0.520112896,2
0.955257552,1
2.098986872,4
0.461655832,1
0.499679935,1
1.683373009,4
0.396484789,1
1.022294964,3
7.551875086,13
3.395554347,4
6.218411013,6
6.926041362,4
4.587388685,5
0.925962841,1
2.987656363,4
0.868660905,1
1.822520814,3
0,2
5.780241212,6
0.403017067,1
4.704155324,3
0.245392692,1
0.455206906,1
6.212406108,2
1.063584343,1
0.454698797,1
0.655252935,1
0.308852651,1
2.091312441,1
2.419200548,2
1.192799538,2
2.206902246,5
1.180795782,1
1.492522022,2
2.221421778,4
2.451698177,2
2.025061801,2
1.955515903,1
1.045338926,3
1.496367964,5
5.85337197,5
1.738986074,1
0.927778876,4
1.243506917,1
1.030112912,3
5.276526675,2
7.869540008,3
1.467642389,1
0.813367963,1
2.387550628,1
5.227626293,3
2.731924563,2
1.745961064,1
4.643997802,4
0.295308719,1
1.99141409,4
1.587696806,4
0.399910778,2
1.191286353,1
5.670796948,3
1.064892686,3
2.664494476,2
1.516599331,1
3.48601131,4
0.77165395,1
1.914079037,1
1.699123441,2
1.939597531,2
2.309815953,2
1.657943124,2
1.47328093,1
0.180168588,2
1.241420035,1
1.309292872,1
1.329146372,4
0.950516835,2
1.495242258,2
0.62108383,1
5.901355558,4
14.02319899,10
0.894157269,2
2.152917543,2
1.539567371,2
4.762803858,5
4.21542163,6
1.494337246,1
1.461852393,4
2.471723652,2
0.773438014,2
0.493747372,1
0.572693618,1
0.62429548,1
4.639591537,6
1.752320624,1
0.606720802,1
2.483527153,1
2.15889291,1
0.750231965,1
0.48019214,1
1.593995961,4
0.431116784,2
1.047052862,1
1.22790123,2
0.358023294,1
0.603554624,1
0.431303375,2
2.072694661,1
1.251051331,4
1.738613358,1
0.711687456,1
1.845165105,1
1.865980256,2
3.03677603,1
2.014144403,8
2.10632991,1
1.425436986,2
0.455499794,1
2.04090324,4
0.496054129,2
1.031354054,2
0.137888535,1
0.929895215,3
7.347209434,2
3.986393259,1
2.177942964,4
0.66379478,2
2.082517475,1
1.029705182,2
2.655879035,1
0.649823029,1
0.693939255,1
1.086553603,2
7.156955705,2
0.706050429,1
0.449426759,1
2.719414873,14
8.793150142,3
1.863698155,1
1.786496642,1
1.094615007,2
1.254592073,1
4.4634209,6
0.898919483,1
0.727722207,1
0.61839014,3
0.381873912,1
3.721732218,2
2.516454257,10
1.627414488,1
4.854725623,2
1.108768062,1
3.102183338,5
0.140778645,1
3.457436244,2
0.429954965,1
0.627179913,1
2.150715191,2
0.157638331,2
3.490646503,3
0.5970208,2
1.378045086,2
0.494936369,2
0.281273679,2
0.558640663,1
3.010780657,1
4.566900468,7
