RCR (log) First Interval,d(logRCR),d(logRCR Randomized)
0.050233,-0.06769,-0.35334
-0.29627,0.35125,0.866192
-0.28339,0.197964,0.501114
-0.14991,0.205513,0.199917
-0.07403,0.114089,-0.1237
-0.14608,0.125947,-0.38461
-0.08433,-0.29227,0.282994
-0.35296,0.155425,0.173397
-0.09478,0.15512,-0.12438
0.166253,0.489481,-0.33885
0.032455,-0.22175,-0.20975
0.069727,0.191258,-0.01773
-0.0081,-0.01627,-0.14635
-0.23936,-0.06776,0.264364
-0.16058,-0.09109,-0.00463
0.085479,-0.13917,-0.09847
-0.1551,-0.01011,0.008723
0.124402,-0.1153,-0.28513
0.007577,-0.06906,-0.3806
-0.00579,0.015672,0.182898
-0.02122,-0.1976,-0.48223
-0.03078,-0.01972,0.015408
-0.08321,0.200344,0.323454
-0.02712,0.131705,0.008549
-0.15218,0.092665,0.024785
0.291598,-0.30648,-0.65083
0.311707,-0.26018,-0.29542
-0.11994,0.053108,0.39013
0.491444,-0.23639,-0.64162
-0.04285,-0.18185,-0.31991
-0.11851,0.003176,0.05014
-0.30836,0.371389,0.58174
0.125509,-0.03391,0.088701
-0.23784,-0.09896,0.01318
0.33958,-0.05985,-0.65514
0.154233,-0.08599,-0.2919
-0.49837,0.013774,0.202339
0.260543,-0.09261,-0.50437
-0.19469,0.058716,0.332655
-0.06056,-0.37552,-0.07062
-0.07117,0.028746,0.318574
-0.23756,0.105524,0.641406
-0.10236,-0.15997,0.267122
0.246021,-0.14314,0.144941
-0.37815,0.072584,0.789591
-0.22963,-0.06613,0.125506
-0.1438,-0.01693,-0.08682
0.115078,-0.3502,0.289854
0.127514,-0.20257,-0.52482
0.030217,-0.04105,0.36037
-0.0107,-0.22588,-0.01094
0.158729,-0.09448,-0.29222
0.241795,-0.23928,0.168744
0.196757,-0.02829,0.19764
0.156962,-0.1166,0.088424
0.117131,-0.05258,-0.33643
0.231375,-0.08237,-0.89548
0.039455,-0.16764,0.022109
-0.14142,-0.0095,-0.34042
-0.00334,-0.11015,0.304821
-0.15554,-0.07322,-0.40148
0.182011,-0.02269,-0.32004
0.054352,-0.28497,-0.27169
-0.20225,-0.06526,0.135973
0.363012,0.141856,0.015058
0.312823,-0.37594,-0.54793
-0.25428,0.038133,0.292044
-0.2143,0.1661,0.232807
-0.02621,-0.28794,0.107407
0.16744,-0.27217,0.142808
-0.29796,-0.07433,0.023087
0.135932,0.02667,-0.15393
0.093771,-0.08575,0.438712
0.113167,-0.04802,-0.16717
-0.21632,0.062787,-0.01474
0.013796,0.02029,-0.10091
-0.02754,-0.15294,-0.2063
0.376025,-0.06455,-0.6553
0.111419,-0.25547,0.158495
-0.1347,-0.1244,0.068565
0.263323,-0.15063,-0.6748
-0.17705,-0.10568,0.232657
-0.13269,-0.04876,0.153354
-0.32611,-0.05838,0.298528
-0.29367,0.27697,0.58922
0.496354,-0.34108,-0.38155
-0.13101,-0.17943,0.162746
-0.00332,0.062158,-0.01081
-0.45332,0.092184,0.33055
-0.42015,0.341022,0.397791
-0.20085,0.06596,0.063786
-0.31217,0.042576,0.324854
0.60862,-0.40996,-0.65296
0.057944,0.106654,-0.15404
0.084622,-0.10482,-0.24934
0.013526,-0.15703,-0.14704
-0.22226,0.184822,0.347601
0.061671,-0.09736,-0.46468
-0.19488,-0.04922,0.488232
-0.17129,0.10966,0.037624
-0.20174,-0.08944,0.494174
0.012694,-0.13198,0.145142
-0.21514,0.032208,-0.21807
-0.11381,-0.09238,-0.02376
-0.4472,0.242847,0.38016
0.006546,-0.08538,-0.21924
0.152338,-0.11844,0.016472
0.325926,-0.59312,-0.29907
-0.17094,-0.17006,0.074249
0.043456,-0.07111,-0.23701
-0.1825,-0.06133,0.132497
0.123666,-0.10792,-0.1195
0.211037,-0.34429,-0.12184
0.19649,-0.09171,0.066374
-0.00548,-0.46708,-0.34057
0.07482,-0.19244,-0.03525
0.075639,-0.3277,-0.11059
0.723249,-1.17981,-0.86921
-0.13748,-0.11014,-0.01498
0.161366,-0.05433,-0.37733
0.088224,0.000994,-0.10449
-0.12756,-0.01158,-0.14218
-0.07419,0.109866,-0.26926
-0.24747,-0.15093,0.225871
-0.10645,-0.22345,0.034343
0.174084,-0.47756,-0.00762
0.071209,-0.04522,-0.31303
0.515925,-0.4005,-0.36276
0.10416,-0.0989,-0.36665
-0.21593,0.176218,0.264768
-0.07035,0.396735,0.103576
0.188275,0.120745,-0.22766
0.0662,-0.30065,0.011812
-0.20737,-0.02909,0.299531
0.05741,-0.14475,-0.07494
-0.49108,0.389374,0.147055
-0.14531,-0.03378,-0.00193
-0.03624,-0.01002,-0.21129
-0.25047,0.089118,-0.19626
0.243311,-0.33545,-0.68245
-0.49078,0.246551,0.300354
0.236441,-0.1677,-0.46917
0.162742,-0.30498,-0.31751
0.09105,-0.25576,-0.38877
0.190624,-0.34916,-0.08125
0.199113,-0.14049,-0.26213
0.039764,0.097676,-0.12016
0.185166,-0.2329,-0.03947
0.489643,0.069923,-0.64057
-0.02425,-0.09911,-0.16669
0.089377,-0.13414,-0.19702
-0.02608,-0.06844,-0.08742
-0.13459,0.136147,-0.14882
-0.09395,-0.04049,-0.46309
-0.14679,0.01637,0.479974
-0.05652,-0.13399,0.150672
0.137654,-0.12497,0.264036
-0.23625,0.278079,0.39624
0.284766,-0.15716,-0.05423
0.243973,-0.10179,-0.23145
0.040031,0.363812,-0.28082
-0.05905,-0.13496,-0.06545
-0.41842,0.258237,0.203331
-0.33129,0.183061,0.431265
-0.14571,0.04878,0.152035
0.237521,-0.20459,-0.43513
0.240659,-0.23629,-0.11096
0.10261,-0.13668,-0.05364
0.231489,-0.11837,-0.1659
0.58466,-0.4315,-0.76059
-0.15333,-0.03831,0.433054
-0.04967,-0.01399,-0.14396
0.056971,0.069956,0.009415
0.245861,-0.21263,-0.55744
-0.07876,-0.03749,-0.26309
-0.3285,-0.0323,0.156907
0.262535,-0.14256,-0.97853
-0.02514,0.109908,0.117014
-0.20152,0.011087,-0.09455
-0.17849,-0.24901,-0.08062
0.260039,-0.37383,-0.37415
0.194855,-0.37344,-0.46842
0.254667,-0.33469,-0.42127
0.008316,-0.29482,-0.31958
0.006957,-0.08239,0.204811
0.160383,-0.0304,-0.27665
0.261852,0.105763,-0.34364
-0.27596,-0.17801,0.142905
-0.04997,-0.00019,-0.46722
-0.17555,0.454017,0.57295
-0.44702,-0.05014,0.347334
-0.05936,0.120927,-0.19
0.020612,-0.07063,-0.37986
0.063275,-0.28319,-0.31528
0.136869,-0.20994,-0.35724
0.319939,-0.29928,-0.70769
-0.15619,0.061584,0.205247
0.398582,-0.19611,-0.72377
0.001036,0.043681,-0.5024
0.047376,-0.09543,-0.25315
-0.11344,-0.23058,-0.04064
0.047241,-0.14829,0.116279
0.040221,0.030973,-0.18861
0.65667,-0.65201,-0.95703
-0.29624,0.036497,-0.0415
-0.12791,-0.03088,0.289718
0.048864,-0.50211,-0.79107
-0.12043,-0.063,-0.35212
0.204926,-0.12566,-0.23837
-0.18057,-0.08746,-0.14997
0.321741,-0.24179,-0.63072
0.173106,-0.16653,0.025179
0.13143,0.151214,-0.14136
-0.26228,-0.05758,0.53584
0.095372,-0.11669,-0.20685
-0.28002,0.002679,0.327984
0.296393,-0.42298,-0.47299
0.1917,-0.19937,0.161584
-0.48976,0.244667,0.3341
0.019459,-0.05622,-0.52032
0.449203,-0.29449,-0.80668
-0.04,-0.25534,0.023294
-0.31649,0.083582,0.270135
0.164836,-0.80258,-0.54334
0.778331,-0.1851,-0.93202
-0.37551,0.105196,0.558586
0.167801,-0.01444,-0.52821
0.0000741,-0.12416,-0.25639
-0.1545,-0.04928,0.522631
0.201686,-0.19523,-0.58634
0.288183,0.117246,-0.47053
-0.53593,0.222472,0.594816
-0.17309,0.231133,-0.13096
-0.16372,0.084744,-0.14164
-0.17455,0.208229,0.023583
-0.19575,-0.20492,-0.03487
-0.26935,0.046474,0.216732
0.23059,-0.02856,-0.45191
0.244518,-0.39023,-0.41782
-0.04171,0.06297,0.166915
-0.11298,-0.16601,-0.316
-0.02953,0.142431,-0.66385
-0.07439,-0.13437,-0.10614
0.469979,-0.32875,-0.352
0.024265,0.042013,0.004539
0.278562,-0.19062,-0.51478
-0.16228,0.331087,-0.1236
0.137934,-0.09627,-0.49078
0.292907,-0.26592,-0.30517
-0.19892,-0.00986,-0.16189
-0.29562,0.076067,0.288508
-0.13518,-0.0212,-0.20582
0.070962,0.048223,-0.41378
-0.17336,-0.14193,0.387864
-0.15049,0.291282,-0.03983
0.246968,0.128474,-0.70925
-0.12141,0.046215,0.26212
-0.10689,0.019624,-0.45588
0.171167,-0.17006,-0.08873
-0.23321,-0.03783,0.232674
0.286333,-0.50684,-0.25726
-0.22314,-0.07908,0.005754
0.31272,-0.30876,-0.30806
-0.15749,0.028209,0.078577
0.254544,-0.14265,-0.42717
-0.30131,0.14943,-0.01928
0.077046,-0.19016,-0.15602
0.093493,-0.17704,0.06357
-0.06626,-0.0963,-0.12245
-0.06251,0.013498,0.066897
-0.34321,0.117123,0.447282
-0.10247,-0.06562,0.070892
-0.04985,0.074186,-0.0052
-0.4094,0.272297,0.502244
-0.30282,-0.15242,0.180029
-0.34796,0.080337,0.099281
-0.10191,-0.24718,-0.24847
0.060256,-0.16233,0.82594
0.296361,-0.2079,-0.39451
-0.02382,-0.08382,0.068919
-0.16629,0.082939,0.010105
-0.27039,0.064449,0.19043
0.034114,-0.17215,-0.04388
0.223633,-0.02417,-0.0991
0.008947,0.041111,-0.30255
0.106697,0.070328,-0.20738
-0.11075,0.066241,-0.16191
0.211975,-0.27902,-0.29212
-0.11636,0.126077,-0.18788
-0.26991,0.167972,0.250408
-0.11191,-0.01617,0.306008
-0.26332,-0.02298,0.243181
-0.15562,-0.00945,0.157916
-0.15699,0.012793,0.178797
-0.36741,0.095161,0.418896
0.116738,-0.21995,0.007208
-0.26423,0.246237,0.465228
-0.09128,-0.06127,0.352655
-0.07147,-0.28894,0.127338
-0.41896,0.019675,0.243198
0.479827,-0.14037,-0.46589
-0.28272,-0.0616,0.225005
-0.20934,-0.04372,0.181994
0.348643,-0.09313,-0.44859
-0.04463,-0.03349,-0.10106
-0.41972,0.146098,0.359355
-0.24973,-0.08337,0.410157
-0.49972,0.166203,0.541736
0.247362,-0.23625,-0.51873
-0.12549,0.056611,-0.1441
0.041295,-0.15437,0.583082
-0.27272,-0.09258,0.218274
-0.17682,-0.01,0.386004
0.171002,-0.26775,-0.84933
-0.0000682,-0.11818,-0.11622
0.045685,-0.55788,-0.38718
-0.04189,0.236394,-0.22094
0.631743,-0.11194,-0.91116
-0.04622,-0.00516,0.184297
0.013947,-0.34735,-0.09544
-0.29377,-0.08835,0.240915
-0.14094,-0.12866,-0.07056
0.046431,-0.06414,-0.29043
-0.32194,-0.00348,0.406377
0.195486,-0.15568,-0.37143
0.282988,-0.15602,-0.22068
-0.29242,-0.1089,-0.03048
-0.02339,0.0401,-0.26454
-0.22862,0.039657,0.144601
0.013351,0.310039,0.148466
0.059406,-0.35292,-0.28818
-0.24933,0.149384,0.523188
-0.45509,0.256782,0.408827
0.032662,-0.05341,-0.0628
0.248654,-0.15085,-0.56373
0.179893,-0.2348,-0.52509
0.21316,-0.07416,-0.24602
-0.28521,0.059498,0.638739
0.045971,-0.08591,-0.37734
-0.36218,0.195922,0.339557
0.121337,-0.07624,-0.22809
-0.04237,-0.33032,-0.08257
-0.21347,0.030088,0.089656
-0.1255,-0.09835,0.204026
0.128151,0.166332,-0.7659
-0.09731,-0.10248,0.193226
-0.1491,0.047056,-0.0449
-0.02935,-0.05326,-0.19011
0.06415,-0.08832,0.035003
-0.31055,0.183992,0.046402
-0.45912,0.283878,0.313189
-0.20415,-0.0642,0.009856
0.154525,-0.10699,-0.16074
-0.23606,0.471108,0.275074
0.194207,0.058883,0.415671
-0.15147,-0.14423,0.218257
-0.15215,0.185065,0.179115
0.42856,-0.24816,-0.65144
0.391392,-0.41282,-0.40605
-0.203,0.170377,0.164247
-0.35581,0.246561,0.324016
0.011447,-0.18611,-0.00235
0.171237,0.337043,-0.67723
0.306807,-0.31461,-0.52339
-0.01368,0.12015,0.190581
-0.22371,-0.022,0.236605
-0.05612,0.224591,0.49273
0.316692,-0.29423,-0.28563
-0.30341,-0.04649,-0.02735
-0.32283,0.193042,0.291462
-0.10717,0.008017,0.249101
0.421625,-0.86455,-0.30726
-0.21456,0.111218,0.097679
-0.27386,-0.08396,0.22154
-0.01993,0.211294,-0.27583
0.285104,-0.08841,-0.15045
-0.04832,-0.08234,0.075714
0.085617,-0.19783,-0.19864
-0.34963,0.08499,0.544078
-0.19607,-0.21182,0.131791
0.148846,-0.11108,0.113387
0.335068,-0.18246,-0.56947
-0.14708,0.219326,-0.09783
0.038544,0.015013,-0.22822
-0.14967,0.080058,-0.16039
-0.21087,0.106117,0.328244
-0.07476,-0.06928,0.080884
-0.15941,-0.20139,-0.1187
-0.10783,0.063488,-0.33976
-0.23458,0.001431,0.166096
0.021064,0.048589,-0.18062
-0.1784,-0.12635,0.59921
0.031132,-0.07862,-0.03755
-0.1206,-0.03036,-0.00813
0.118362,-0.14616,-0.27297
0.389424,-0.10568,-0.88736
-0.41699,0.265702,0.392817
0.908897,-0.34812,-0.9864
-0.06236,0.022555,0.044456
-0.14254,-0.22822,-0.0907
0.101972,-0.2129,-0.02735
0.075719,0.069102,-0.13789
-0.16955,-0.32705,-0.00397
-0.11505,-0.0763,-0.04197
-0.34021,0.025083,0.034989
-0.15816,-0.07966,0.076599
-0.0188,-0.15616,-0.3796
-0.25756,0.350553,0.192164
-0.45184,0.00000854,0.128379
0.088836,-0.16453,-0.02428
0.044449,0.06845,-0.59866
-0.01744,0.05887,-0.26678
-0.0433,-0.15623,0.056063
-0.05504,0.228046,0.168159
0.008865,-0.01777,-0.11026
-0.20017,0.223366,-0.00576
0.129325,-0.0693,-0.17681
-0.10016,-0.10093,-0.12121
-0.22048,-0.14274,0.089205
0.290831,-0.16965,-0.56114
0.075402,0.219557,-0.35708
-0.2737,0.021696,0.299614
0.076698,-0.09207,0.105099
-0.26531,0.035469,0.456451
-0.12573,-0.31742,-0.01174
-0.25454,-0.05269,0.18576
0.211025,-0.24074,-0.19344
-0.5987,-0.22736,0.235487
-0.11472,-0.08458,0.551492
0.520557,-0.25742,-0.69548
0.162635,-0.4038,-0.31097
-0.16902,0.096865,-0.06734
0.074336,-0.095,-0.20242
-0.05959,-0.02398,-0.31545
-0.1659,0.028831,-0.04321
0.166926,-0.50262,-0.33728
0.176624,0.055929,-0.27984
-0.29332,0.060592,-0.53274
0.04338,-0.17943,-0.10583
-0.29862,-0.12715,0.16341
-0.02886,0.14051,0.193462
0.134152,0.047645,-0.23738
0.049004,-0.08186,-0.19853
-0.09377,0.231114,0.048065
-0.08146,0.346439,-0.1342
0.122315,-0.06907,-0.38453
0.054531,-0.03613,-0.2292
-0.43318,-0.06529,0.295838
-0.15162,-0.19443,0.138656
0.107712,-0.19515,-0.18145
-0.23698,-0.16566,0.542825
-0.14989,0.011866,-0.18819
0.13029,-0.31849,-0.26173
0.110155,-0.1993,0.111212
-0.20314,0.023624,-0.02533
0.084069,-0.03455,-0.06203
0.15002,-0.32948,-0.26937
0.218301,-0.38083,-0.35273
-0.55516,0.416218,0.38378
0.269779,-0.16871,-0.34101
-0.25172,-0.0046,-0.06525
0.170502,-0.16476,-0.62505
-0.17968,0.063903,-0.20558
-0.05683,0.180177,-0.15164
0.016894,-0.05317,-0.04189
0.046122,0.008622,-0.05217
-0.36768,0.152795,0.484221
-0.08219,-0.07031,-0.23961
0.298407,0.202878,-0.60982
0.153796,-0.26746,-0.35109
0.505743,-0.21114,-0.85401
-0.02546,-0.13354,-0.13651
-0.33436,-0.26416,0.221
-0.00765,-0.34077,0.199011
0.01432,0.120336,-0.32613
-0.60107,0.034944,0.677568
0.01486,0.038792,-0.10946
0.413044,-0.08378,-0.54767
0.023833,-0.03789,0.095693
-0.48527,0.005286,0.648139
-0.06042,-0.03994,-0.03232
0.283327,0.012026,-0.64569
-0.03663,-0.22755,-0.16362
0.312667,-0.18348,-0.32755
-0.13051,-0.15631,-0.09414
0.705414,-0.41173,-0.86963
-0.26946,0.047841,0.204167
-0.25649,-0.04775,-0.20421
-0.28198,0.076202,0.166879
-0.25138,-0.01651,0.18378
-0.45568,0.190698,0.232692
-0.27562,0.198186,0.166798
-0.15721,0.020148,0.183754
0.052858,-0.12737,0.129701
-0.23549,-0.05415,0.091448
-0.00419,-0.0757,-0.1956
0.024879,-0.2795,-0.1646
-0.28575,0.281277,0.10716
0.265805,-0.34955,-0.7392
0.306892,0.023038,-0.63241
-0.39808,-0.13261,0.494764
-0.15031,-0.27039,-0.20289
0.3786,-0.48884,-0.05429
0.316807,-0.2651,-0.15329
0.165884,-0.28813,-0.00656
-0.0256,-0.13788,-0.40446
0.343989,-0.24294,-0.53841
0.196113,-0.14649,-0.19455
-0.03746,0.428051,-0.23758
-0.25966,0.123188,0.282385
0.469262,-0.30939,-0.94289
-0.06079,0.109279,-0.24158
-0.08474,-0.09942,-0.20173
-0.3011,0.469611,0.171264
0.131914,-0.13008,-0.19824
0.000741,-0.16404,0.339414
-0.2751,0.087299,-0.03005
-0.01969,-0.08529,0.471766
-0.21566,0.040734,0.124913
-0.02545,-0.08962,-0.07492
-0.25277,-0.11969,0.3647
-0.07429,-0.07295,-0.42967
-0.17174,0.00014,0.287854
-0.00139,0.125919,0.116351
0.234427,-0.06346,-0.4753
-0.11165,-0.15057,-0.28967
0.11399,-0.04166,-0.06646
-0.28859,-0.1124,0.35733
-0.12069,-0.02467,-0.30507
-0.25318,0.240244,0.209944
-0.16383,-0.23454,0.296562
0.194759,-0.06159,-0.35211
0.051788,0.185156,-0.67312
0.053176,0.232922,-0.20129
-0.26487,0.12868,0.449187
-0.08906,0.00266,0.232895
0.420411,-0.26003,-0.44931
-0.26619,-0.16607,0.35362
0.528769,0.094304,-1.15195
-0.38435,0.421238,0.338857
0.404237,-0.00684,-0.52354
-0.0636,0.014208,0.085374
-0.06373,-0.24634,0.177034
0.104237,-0.0554,-0.41702
-0.12104,0.093373,0.01248
-0.1124,0.09089,0.217756
0.122039,0.005082,-0.1236
0.337539,0.015744,0.129335
-0.36344,0.223495,-0.14625
0.132773,0.017729,-0.10623
0.172715,-0.00039,-0.18162
0.167986,0.123635,-0.46801
-0.05717,-0.17705,-0.24312
0.169425,0.215371,0.015789
-0.0766,-0.12928,-0.22257
0.159354,-0.27771,-0.40144
-0.36628,0.154476,0.617782
-0.42455,0.198912,0.249861
0.006755,0.055584,-0.05304
0.096269,-0.09244,-0.02696
-0.1884,0.023219,0.274189
-0.03564,-0.07738,-0.10787
-0.00588,-0.2969,-0.09885
-0.24107,-0.13707,0.082426
0.246363,-0.15306,-0.62936
0.087102,-0.22463,-0.17053
0.073208,-0.30245,0.14996
0.135445,-0.49209,-0.37225
-0.35873,-0.06609,0.495811
-0.14239,0.151734,-0.20751
0.000688,-0.02305,0.078963
0.289474,-0.1018,-0.56544
-0.05566,0.034353,-0.16963
-0.05685,0.122026,0.337137
-0.00896,0.120816,-0.3092
0.262948,-0.42946,0.006151
0.396447,-0.27951,-0.40412
0.060897,0.025871,-0.2433
0.125464,0.128735,-0.1923
0.126095,-0.26514,-0.36882
-0.04024,0.124786,-0.00607
0.02468,-0.19347,-0.11108
-0.20168,0.123434,0.169554
-0.03593,-0.30596,0.511806
0.169547,-0.04268,-0.46373
-0.04258,0.304695,-0.04566
-0.34518,0.348276,-0.04379
0.282382,-0.16717,-0.18888
0.167077,0.024067,-0.36817
-0.24827,0.099032,0.250793
0.145533,-0.13027,-0.15636
-0.06467,-0.04173,-0.33408
-0.3702,0.133106,0.102684
0.013548,-0.02163,-0.20674
-0.56422,-0.02242,0.586281
-0.01958,0.026542,0.262273
-0.15785,0.095683,-0.05582
0.167806,-0.38358,-0.0951
-0.37642,0.024597,0.336617
0.082694,-0.09286,-0.28694
-0.08032,0.180293,0.005803
-0.29302,-0.04472,0.019491
-0.20636,-0.06234,0.199071
-0.35592,-0.10982,-0.03695
0.096548,-0.16777,0.28906
-0.17729,0.25301,-0.28596
-0.16059,-0.13707,0.22362
0.154033,-0.21598,-0.20093
-0.26027,-0.03747,0.139078
-0.13476,-0.00595,0.097432
0.072556,-0.22436,-0.0686
-0.15424,-0.24708,0.23839
-0.07733,-0.00653,0.113
-0.3427,0.044821,0.767538
-0.23987,-0.02845,0.10661
-0.14236,-0.03358,0.059009
0.271197,0.123199,-0.33431
-0.32702,0.11193,0.245715
-0.20035,-0.02812,0.028926
-0.00349,-0.09396,0.176499
-0.11211,-0.17459,0.502416
0.228877,-0.06933,-0.40819
-0.14375,-0.0657,0.114039
0.733568,-0.4148,-0.88828
-0.07981,-0.07495,-0.32544
-0.4291,0.291631,0.568101
0.101843,-0.12684,-0.39258
-0.25563,0.220275,0.234878
0.012411,0.192732,0.013012
-0.12015,0.088357,-0.24451
-0.35092,0.055685,0.083296
-0.07142,0.084139,-0.0239
-0.25236,0.448694,0.295393
0.104865,-0.07862,-0.30201
0.373645,-0.47258,-0.63783
-0.15074,0.06918,-0.27781
0.165578,-0.18758,-0.59769
-0.3231,-0.18036,0.315771
-0.07332,0.022349,-0.27859
0.318715,0.046938,-0.57679
-0.09062,-0.01003,-0.13223
-0.09471,-0.0194,-0.04223
-0.18079,-0.15469,0.181711
-0.02822,-0.18448,0.02587
0.280307,-0.25642,-0.18165
0.03785,-0.136,-0.03602
0.004954,-0.07869,-0.28309
-0.1485,-0.03437,-0.31894
0.442941,-0.39228,-0.70889
-0.14936,0.534972,-0.24494
0.09011,0.061963,-0.1304
0.16763,-0.26255,-0.05535
-0.34775,0.34144,0.217963
-0.09791,0.182352,-0.0084
-0.0147,-0.33214,0.303821
-0.36,0.00817,-0.05767
-0.12658,-0.22169,0.277669
0.264647,-0.185,-0.65946
-0.22253,0.014994,0.104176
-0.23365,0.566459,0.793217
-0.28085,0.113892,-0.02515
-0.39989,-0.1061,0.423998
0.02192,0.005072,-0.34734
0.324075,-0.09149,-0.53175
0.160883,-0.13497,-0.04899
-0.37857,0.038142,0.205101
-0.01182,-0.29591,-0.39309
-0.07702,0.055527,-0.03645
-0.0017,0.016511,-0.19223
0.302166,-0.24328,-0.18948
-0.01198,-0.06388,-0.25515
-0.21406,-0.13832,0.320114
-0.35593,-0.15285,0.296205
-0.35805,0.155382,0.225331
-0.03436,0.020624,0.287619
-0.29671,0.386354,0.496338
0.493611,-0.08217,-0.64464
-0.40032,0.064589,-0.18633
-0.22941,0.135708,-0.0054
0.059726,-0.05063,0.104055
0.603085,-0.20899,-0.7117
-0.0788,-0.11931,-0.21908
-0.26049,-0.08982,0.64648
-0.3888,-0.00384,0.446198
0.03944,0.009619,-0.01061
0.135799,-0.21418,-0.15026
0.13526,0.121722,-0.50057
-0.23642,0.065786,0.197458
-0.30076,0.134271,0.090921
-0.39052,0.107725,0.939677
-0.03971,-0.11678,0.032208
-0.17788,0.149365,0.032163
-0.27504,0.15666,-0.13457
-0.14195,-0.13158,-0.00683
-0.25461,0.080599,0.068817
0.032562,-0.09884,-0.12122
-0.19904,-0.01725,0.000928
-0.00319,-0.01311,-0.06854
-0.24833,0.264539,0.419292
0.051334,0.289939,0.021432
0.145508,0.040161,-0.30686
-0.03547,-0.10659,-0.03873
0.505883,-0.54082,-0.7679
0.030052,0.106917,-0.20406
-0.06009,-0.1645,-0.14236
0.164995,-0.21174,0.158394
-0.18192,0.031241,0.253114
0.030915,-0.34395,-0.27459
-0.15926,0.047784,0.074036
0.089205,0.040586,-0.04679
-0.06582,-0.11118,-0.13796
-0.46316,0.036152,0.624402
0.219958,0.078329,-0.33763
-0.1934,0.234986,0.141796
-0.38326,0.413798,-0.18287
-0.0271,-0.061,0.019976
0.039193,-0.06798,-0.42944
-0.14263,-0.20257,-0.00803
-0.2178,-0.06913,0.158293
-0.14321,0.515538,-0.03966
-0.15897,0.139217,0.083358
0.122179,-0.13951,-0.2502
-0.10455,0.08163,-0.23153
-0.23054,0.122547,0.210788
0.039719,0.160092,-0.09769
0.037694,-0.16451,-0.03244
0.011127,-0.2416,-0.00803
-0.0924,0.102538,0.457671
-0.33062,-0.01128,0.156285
-0.06818,0.01658,-0.37474
-0.02428,-0.15084,-0.01814
0.119892,0.067451,-0.51031
-0.18933,-0.0883,0.304542
-0.04104,-0.06219,0.404712
-0.4111,0.091038,0.368584
-0.20024,-0.19252,-0.07396
-0.36466,0.032167,0.517264
-0.52449,0.071391,0.690583
0.142346,-0.03603,-0.42915
-0.22695,0.387987,0.728238
-0.32996,0.20115,0.811406
-0.10011,0.061952,-0.06161
-0.27884,0.195412,0.126341
0.252512,-0.12539,-0.16085
-0.02498,-0.29266,0.0256
-0.25117,-0.0723,-0.18124
-0.02488,-0.03283,0.066311
-0.19869,-0.23341,-0.14693
0.058199,-0.18174,-0.01411
-0.12908,-0.11242,0.146151
-0.03558,-0.14769,-0.15843
-0.30337,0.280962,0.535952
-0.2561,0.194146,0.361997
0.032239,0.116318,-0.27733
0.26894,-0.0468,-0.5111
-0.33127,0.622588,0.323003
-0.23718,-0.13578,0.256637
0.549563,-0.45823,-0.42349
-0.22529,0.118248,0.375418
0.130658,-0.11215,-0.48243
0.038308,-0.05778,-0.22174
0.190654,0.049591,-0.40816
0.225842,-0.01483,-0.33702
0.076086,-0.07187,-0.17674
0.119365,-0.19831,0.344142
-0.308,0.089732,-0.1923
0.247367,-0.31068,-0.35119
-0.07724,0.178597,-0.10254
0.036477,-0.03585,-0.01316
-0.06134,-0.11385,0.143409
-0.05759,0.051417,-0.02154
-0.15891,-0.015,-0.0537
0.379965,-0.00189,-0.50213
-0.0232,0.092516,-0.56735
0.752703,-0.59314,-0.51732
-0.00318,-0.18284,0.179346
-0.09539,0.028887,0.090923
0.09445,0.118153,-0.06746
0.495794,-0.29785,-0.5803
-0.35856,0.247698,0.370593
-0.32791,0.107759,0.543132
0.080883,-0.09272,-0.27693
-0.10398,-0.0297,-0.11277
-0.14814,-0.07065,-0.16004
-0.23322,-0.13444,0.270456
0.22761,0.074088,-0.13779
-0.28553,0.155661,0.052225
0.181772,-0.49631,-0.11807
-0.21054,0.143918,0.309095
-0.08255,0.384028,-0.00678
0.000271,-0.04056,0.293549
-0.12107,-0.07283,-0.09331
-0.37824,0.025433,0.008535
-0.09276,0.213737,0.141898
0.065108,-0.05553,-0.61636
-0.31875,0.16474,0.325325
-0.29507,0.137049,0.39985
-0.214,0.024243,0.336964
-0.09741,-0.09185,-0.2445
0.002227,-0.15915,0.038133
-0.15418,0.04743,-0.1784
-0.20004,0.002431,-0.01414
-0.38738,0.10924,0.488736
-0.22885,0.295017,0.138514
0.21389,0.162047,-0.3961
0.031058,-0.26263,-0.09944
-0.2532,0.139778,0.000857
-0.26501,0.103267,-0.00964
0.040903,0.49158,-0.4392
-0.19879,-0.0284,0.240613
-0.03216,0.0429,0.065069
0.054787,-0.02445,-0.20434
0.195334,-0.35221,-0.26495
0.093002,-0.21141,-0.17775
0.364205,-0.16141,-0.36607
0.311237,-0.01165,-0.6555
0.284199,-0.21781,-0.38089
-0.13986,0.024762,0.270243
0.178326,-0.17945,-0.63356
0.202619,-0.07872,-0.06629
-0.15688,0.233022,0.181209
-0.24029,-0.12094,0.075117
-0.02546,0.171774,-0.59547
0.289471,-0.20027,-0.29049
0.229174,-0.04486,-0.32587
0.020131,-0.23455,-0.05757
-0.3557,0.461483,0.268951
-0.02769,0.127041,-0.10437
0.155672,-0.15151,-0.06397
-0.28086,-0.16376,-0.10983
-0.05679,-0.01613,-0.07407
0.024755,0.053556,-0.06656
-0.09739,-0.04829,0.002476
-0.3212,-0.42574,0.126489
-0.14616,0.246212,0.164068
-0.08471,0.219729,0.088924
-0.09779,-0.01908,-0.52772
-0.43666,0.131237,0.592103
-0.35562,0.044046,0.180384
-0.30138,0.137172,0.31241
-0.09029,-0.02861,0.142844
-0.22025,-0.29983,0.543041
-0.07618,0.239963,0.222501
-0.10193,0.263744,0.168098
0.297522,-0.30064,-0.51767
0.179527,-0.01886,-0.678
-0.25639,-0.04671,0.150404
0.048906,-0.06195,-0.31994
-0.18567,-0.30942,0.159226
-0.07246,-0.37336,-0.22602
0.024118,-0.17364,-0.83523
-0.39031,0.244356,0.34628
0.044945,0.02338,-0.25083
-0.34325,0.229893,0.304289
-0.03399,-0.14902,-0.04861
-0.21277,0.319558,-0.06996
0.11413,-0.06515,-0.02034
-0.08773,0.058828,0.064807
-0.06078,0.134789,-0.13496
0.216098,-0.19615,-0.51133
-0.56945,0.420745,0.462717
-0.05151,-0.14992,-0.14785
0.10343,0.10995,-0.18886
-0.0665,0.241809,0.407771
-0.04478,-0.03953,-0.01998
0.103898,-0.16818,0.041282
-0.09015,-0.17268,0.122543
0.075951,-0.0693,-0.09066
0.165147,0.119423,-0.35531
-0.13362,0.181112,0.029481
-0.15978,0.144481,-0.27755
0.082367,0.020537,-0.21389
-0.09183,-0.26564,-0.04351
-0.38285,0.173,-0.05142
0.274683,0.003181,-0.26803
-0.03682,0.08946,-0.00821
-0.15969,0.114943,0.26253
0.016892,-0.10785,0.040479
0.266458,-0.14251,-0.69725
-0.58966,0.349913,0.565988
0.089645,0.007842,-0.50202
0.031702,-0.01607,0.059636
-0.21858,0.118895,0.472782
-0.04235,-0.07054,-0.2737
-0.18596,-0.08802,-0.26612
0.011314,-0.28619,-0.49591
-0.09455,-0.01347,-0.21102
-0.17246,0.134448,0.135704
-0.28578,-0.03957,0.75904
-0.06524,-0.09878,-0.16791
0.000519,-0.05277,-0.2561
0.04516,0.262992,-0.10665
-0.08408,0.095416,-0.09799
0.066335,0.074266,-0.07414
-0.17308,0.167027,0.020525
0.314278,-0.27187,-0.33482
-0.10335,0.007544,0.663599
0.186319,-0.25787,-0.47875
-0.03463,0.14943,-0.04043
0.003647,0.007394,0.137787
-0.09629,0.180748,0.062506
-0.15943,-0.06355,0.101176
-0.00525,-0.10527,0.0315
0.01934,-0.15068,-0.03239
-0.23059,-0.000028,0.184296
-0.19182,0.29261,0.031441
0.253178,-0.10749,0.088068
-0.32745,0.337359,0.022028
-0.55771,0.127652,0.494231
0.33617,-0.41898,-0.33072
-0.11816,0.073351,0.23469
-0.22479,0.150323,0.259043
-0.17425,-0.2457,-0.14397
0.015657,-0.12215,0.061159
-0.20266,-0.25398,-0.04158
-0.25101,-0.08035,0.418952
-0.43382,-0.30986,-0.00284
-0.2636,-0.03275,-0.02972
-0.0069,0.168144,0.435031
-0.15565,0.024647,-0.24055
-0.16728,0.164524,0.113487
-0.42906,0.407658,0.613717
0.025115,-0.14586,0.043209
0.315062,-0.07269,-0.3439
-0.18144,-0.13134,0.052761
-0.08571,-0.05115,0.452087
-0.42687,-0.19405,0.800252
-0.12055,-0.05379,0.023623
0.050309,-0.76631,0.057582
0.211905,-0.26319,-0.34394
0.08478,-0.00296,-0.36377
-0.0375,-0.2691,-0.10459
-0.48208,0.168066,0.34405
-0.3951,0.040339,0.303875
0.170471,-0.16337,-0.51665
-0.0009,-0.00011,-0.28729
-0.13824,-0.06173,-0.16399
0.168507,0.028287,-0.47961
-0.09744,-0.00805,0.154647
-0.43606,-0.13317,0.246
-0.21847,0.155688,0.335834
0.186792,-0.02203,-0.25416
0.021176,-0.24691,-0.23209
0.266204,-0.23215,-0.05519
0.054111,-0.25126,0.180934
-0.30245,0.220648,0.408584
0.037572,0.205129,0.150064
-0.17321,-0.30204,0.051346
0.329815,-0.38487,-0.40413
0.014692,-0.05546,-0.23098
-0.28051,-0.01748,0.293407
-0.07861,-0.04166,-0.05871
-0.00908,-0.2925,0.028037
0.20272,-0.44481,-0.09832
-0.1806,-0.04718,0.045705
-0.34172,-0.04293,0.226859
0.261962,-0.10637,-0.15298
-0.00166,-0.24695,-0.33592
0.113941,0.065456,-0.26318
-0.3371,0.082468,0.110536
-0.09384,-0.28467,0.159372
0.162836,-0.16191,-0.47057
-0.07626,-0.11862,-0.29988
-0.16329,0.143345,0.181917
-0.20834,-0.15764,0.146705
-0.15295,0.026702,0.031551
-0.07138,-0.12304,-0.16037
-0.10942,-0.05702,0.352124
-0.1382,-0.11414,0.098266
-0.06814,-0.05181,0.147403
-0.12777,0.043834,-0.08356
-0.22608,0.096254,0.227516
-0.1211,0.071679,0.248701
0.143128,-0.26832,-0.36363
-0.01249,-0.14474,-0.36525
0.067476,-0.01174,-0.47221
-0.00989,-0.20392,0.225231
0.044848,-0.26479,-0.40959
-0.01052,-0.32024,-0.15388
-0.11789,-0.05804,-0.3669
-0.13819,-0.16638,-0.01284
-0.08484,-0.19926,0.315351
0.040211,0.023416,-0.35313
-0.33976,0.177736,0.17806
0.075147,0.138871,-0.05269
0.039285,-0.33834,-0.22643
0.152145,-0.08901,-0.23773
0.115177,-0.20976,-0.33652
0.093789,-0.1734,0.133739
-0.00554,0.169009,0.10633
0.193853,-0.24791,-0.27771
-0.00859,0.111428,0.309081
-0.14104,-0.04102,0.006775
-0.0016,-0.02998,-0.17416
-0.01341,-0.28761,-0.03675
0.024026,-0.06293,-0.25298
-0.02235,0.122369,0.052691
-0.05389,0.099625,-0.08411
0.338875,-0.27387,-0.15948
-0.23806,0.11152,0.406972
0.046915,0.058436,-0.19238
-0.31489,0.465018,0.354951
0.115311,-0.37778,-0.38221
-0.38913,-0.14041,0.390622
-0.17027,0.102906,0.141485
-0.11356,-0.13135,0.494481
-0.0732,0.091109,-0.23724
-0.11842,-0.20337,0.037191
-0.16983,0.01918,0.413123
-0.20624,-0.06343,0.08091
-0.01422,-0.03214,-0.17474
-0.14921,0.047817,-0.04242
-0.17939,0.044756,-0.12721
-0.30239,-0.00536,0.257581
-0.20384,0.021438,0.261887
-0.24676,0.088075,-0.10566
-0.01471,-0.07174,-0.18105
0.127268,-0.17036,-0.28443
0.47956,-0.33813,-0.66459
-0.10927,0.065238,-0.16051
-0.49264,0.13932,0.616273
-0.09586,0.014363,0.056955
-0.10288,-0.01341,-0.42482
0.023091,-0.31085,-0.277
-0.11078,0.004463,0.183026
0.000642,-0.03187,-0.15025
0.131754,0.090827,-0.2212
0.141449,-0.37656,-0.32747
-0.27363,0.053804,-0.07664
-0.08965,-0.34463,-0.30853
-0.04495,0.177677,-0.16692
0.273634,-0.03858,-0.2913
0.213604,0.067229,-0.52084
-0.12917,-0.00617,0.449432
0.105997,0.043103,-0.52595
-0.20809,0.034629,0.054715
-0.01238,-0.24553,-0.1462
0.019759,-0.15835,0.3197
-0.21728,0.036755,-0.11841
-0.17342,-0.01737,0.028984
0.214948,-0.08525,0.078902
-0.44286,-0.03355,0.390601
-0.00382,0.081655,-0.13054
-0.22825,0.09768,-0.06526
-0.01375,-0.14069,-0.20005
0.260742,-0.25402,-0.27172
-0.47892,0.167107,0.762818
-0.28249,-0.10235,-0.36016
-0.22377,0.095752,0.016
-0.0893,-0.02368,0.073001
0.180301,-0.19001,-0.37067
-0.09448,-0.21159,-0.23863
-0.1406,0.246726,-0.09466
-0.1656,0.016931,-0.12804
0.311753,-0.0673,-0.33307
0.365064,-0.11421,-0.62398
-0.11548,0.037534,0.056552
-0.10571,-0.13254,-0.00228
-0.02601,0.595931,-0.15726
-0.52561,0.163516,0.013414
-0.01905,0.073999,-0.21019
0.188311,-0.19145,-0.3515
-0.44197,-0.10718,0.323256
-0.08948,-0.30165,-0.10606
0.249578,0.020926,-0.46139
-0.24914,-0.1265,0.364559
0.041468,-0.02439,-0.34439
-0.02992,-0.07882,0.242681
-0.12804,0.210477,0.159437
-0.02869,0.317814,-0.34945
0.029548,-0.06316,-0.01423
-0.11684,-0.06775,0.022469
-0.29149,0.195677,0.141135
0.153804,-0.11479,-0.02272
-0.56885,0.014638,0.693274
-0.02196,-0.02205,-0.16537
-0.00395,0.187002,-0.07309
0.008727,-0.0811,-0.24321
0.006494,0.123468,-0.11261
0.007056,0.005835,-0.35614
-0.37728,0.093064,0.043883
-0.16483,0.163453,0.256426
-0.19358,0.033179,0.191288
-0.27814,0.261747,0.065484
-0.38814,-0.02333,0.29351
-0.06459,-0.23577,0.007287
-0.14385,0.415095,-0.01536
0.071462,-0.24702,-0.24904
-0.08681,-0.24217,-0.33801
-0.2229,-0.00815,0.199264
-0.25631,0.020776,0.115593
-0.12145,0.05888,-0.03547
0.004606,0.031268,-0.02839
-0.09466,-0.05347,-0.2761
-0.27164,0.311773,0.308227
0.052585,-0.07012,0.071902
-0.0256,-0.18876,0.08873
-0.03001,0.004126,0.096059
-0.04884,-0.17198,0.001034
0.413587,-0.07343,-0.60284
0.122639,-0.09381,-0.59904
1.023845,-0.69962,-1.35058
0.001766,0.013112,-0.02243
-0.21923,-0.16893,0.418689
-0.12358,-0.01573,-0.10678
-0.30865,-0.1159,0.35931
-0.29534,-0.16694,0.209763
-0.14058,0.111745,0.028369
-0.08333,-0.24165,-0.16574
0.073267,-0.10933,-0.38419
0.128104,0.097463,-0.44796
0.1014,-0.00362,-0.16732
-0.01546,-0.28859,-0.32067
-0.11363,0.077711,0.151909
0.406519,-0.31302,-0.50782
-0.06286,-0.05991,-0.04048
-0.21873,-0.02086,-0.07937
-0.10355,-0.26119,-0.05283
-0.03302,-0.11123,0.123355
0.293069,-0.05305,-0.47463
0.002274,-0.0709,-0.06484
-0.05144,0.130353,0.106973
-0.38663,-0.07392,0.442185
-0.00156,-0.22754,-0.0955
-0.13483,0.017856,-0.38317
-0.43418,-0.17531,0.274502
0.24149,-0.14854,-0.43997
0.347018,0.043289,-0.36851
0.273876,-0.21179,-0.55638
0.053008,-0.11204,-0.24205
-0.34307,0.154711,0.106488
-0.26268,0.137958,0.264066
0.047018,0.055387,-0.15794
0.061462,-0.04057,-0.22603
0.746432,-0.37152,-0.74533
-0.1762,0.14415,-0.08468
-0.1443,-0.06349,0.088632
-0.06287,0.018748,0.12299
-0.03676,-0.33776,0.134195
-0.10838,0.019026,-0.18676
-0.19702,0.091032,-0.23811
-0.38089,-0.11998,0.263435
-0.06396,0.096515,-0.06671
0.08878,-0.01622,-0.31655
0.101733,-0.19118,-0.17334
0.045052,0.134271,0.078301
-0.10745,0.235115,-0.12628
0.45477,-0.04953,-0.79519
-0.07459,0.060457,0.039942
0.010523,-0.15036,-0.2175
-0.03409,0.148895,0.194761
-0.20231,-0.02235,-0.02941
-0.4296,0.051925,0.670864
-0.0714,0.044598,-0.32959
0.381526,0.055085,-0.15894
-0.27747,0.066141,0.213048
0.156778,-0.22132,-0.41652
0.326038,-0.2995,-0.04754
0.115081,-0.09064,-0.04415
0.069877,0.230865,-0.42328
-0.17751,0.118583,-0.12855
0.308288,0.252418,-0.47269
0.140315,-0.20868,-0.03091
-0.12558,0.240972,0.022867
-0.15289,-0.10603,-0.12807
0.138027,-0.08247,-0.03698
0.002495,-0.17388,0.069836
0.010205,0.041277,0.005272
0.010312,-0.06598,-0.32911
-0.0624,-0.0271,0.013393
-0.17924,0.356346,0.100859
-0.1046,0.009148,0.01864
-0.22752,-0.01545,0.368124
-0.07348,-0.20118,0.025606
-0.06969,0.041764,0.019567
-0.22652,-0.26475,0.250423
-0.18937,-0.00581,-0.05331
-0.04928,0.172632,0.142224
-0.17461,-0.08624,-0.16112
-0.30196,-0.17006,0.136775
-0.3842,-0.23713,0.350591
0.111974,0.041896,-0.18367
0.075773,0.041589,-0.01937
-0.33727,0.327571,-0.05448
-0.28016,0.110827,0.104996
0.269543,0.206333,0.030041
0.103048,-0.09094,-0.16732
0.082396,-0.31412,-0.51842
0.076571,-0.26147,-0.06386
-0.23125,0.004686,0.32453
-0.01456,-0.00927,-0.42645
0.05235,-0.00932,-0.36492
0.050285,0.029823,0.01988
-0.4464,0.281231,0.274736
0.131348,0.075776,-0.29521
-0.27161,0.285483,0.588469
0.138863,-0.05767,0.216437
0.037239,-0.0495,-0.12704
0.083215,-0.14935,-0.25413
-0.21701,0.431511,0.354448
-0.02438,-0.18402,-0.05917
-0.23115,0.179986,0.501649
0.929745,-0.8946,-0.9618
-0.09822,-0.0079,-0.0259
0.105728,-0.27544,-0.03945
-0.11352,0.264744,-0.06903
-0.35552,-0.07527,0.256367
0.224334,0.200459,-0.17262
-0.46096,0.403431,0.443632
0.064466,-0.21482,-0.50418
0.096716,-0.12952,-0.15194
-0.06891,-0.08355,-0.16092
0.213797,0.055303,-0.4449
-0.15712,-0.19326,0.008888
0.052637,-0.0916,0.058295
-0.38757,0.176062,0.209559
0.250514,-0.12765,-0.18369
-0.25427,0.058223,0.038116
0.115739,-0.10129,0.278358
-0.29681,0.171871,0.234862
0.015936,0.059773,0.163387
0.185053,-0.09327,0.144877
-0.04077,0.025178,0.178109
0.017063,-0.07678,-0.15701
-0.02134,0.252709,0.04733
-0.26993,-0.00034,0.160677
0.093629,-0.09172,-0.4298
-0.05679,-0.01169,-0.04819
0.215785,0.064501,-0.20588
-0.02168,0.026066,0.071905
-0.0434,-0.1783,-0.0524
-0.33611,-0.10791,0.339935
-0.11207,-0.19903,-0.16835
0.183168,0.006659,-0.09185
0.079062,0.037476,-0.36914
-0.00308,-0.19056,-0.35349
0.088134,-0.34889,0.359995
0.098826,-0.12431,-0.17334
-0.27488,-0.28216,0.435796
0.224154,0.04576,-0.11251
-0.12049,0.211803,-0.01394
0.172191,-0.04677,-0.25682
0.558213,-0.59199,-0.62993
-0.00104,-0.0817,0.028028
-0.35198,0.217717,0.212841
0.333706,-0.28074,0.084042
0.207059,-0.10729,-0.34678
0.05626,-0.1354,0.190412
0.148041,-0.0348,-0.26879
-0.09193,-0.0027,0.323734
-0.25511,0.187508,0.368008
-0.06825,-0.26438,-0.04214
-0.2603,-0.0626,0.517285
0.027163,0.338112,-0.02548
-0.19478,0.066098,0.121379
0.021817,-0.03747,-0.27645
0.178145,-0.29726,-0.00851
-0.03028,-0.07102,0.301183
0.023181,-0.17726,-0.06769
-0.1391,0.01242,0.124305
-0.0815,-0.08275,0.193358
0.122503,-0.10139,-0.35407
-0.32457,0.120135,0.065926
0.069929,-0.02942,0.216169
0.137418,0.058234,-0.50886
-0.07177,-0.07656,-0.06682
-0.41266,0.0203,0.29052
0.085105,-0.05707,-0.05654
-0.06456,-0.0974,-0.30542
-0.41845,0.088479,0.274994
-0.34018,-0.05122,0.488739
-0.04191,0.132243,0.008225
0.07811,-0.21871,-0.11073
0.144022,-0.01602,-0.28836
-0.30315,0.031829,0.258395
0.127014,-0.19231,-0.42819
-0.21439,0.123168,0.055607
-0.14855,0.120863,-0.33143
0.002462,-0.19911,0.015256
0.011072,0.092084,0.068875
0.130104,-0.03573,-0.37257
0.09456,-0.01392,0.082465
-0.3769,-0.05552,0.615605
0.294474,-0.06697,-0.35824
-0.20382,-0.29235,0.276387
0.535688,-0.34124,-0.47241
-0.01228,0.285844,0.122351
0.153227,-0.15475,-0.08452
0.018081,-0.05795,0.021725
0.025427,-0.15749,0.081362
-0.15248,0.020584,-0.05763
-0.4878,0.268608,0.009773
-0.63906,0.338055,0.512498
-0.14901,0.150437,0.189531
-0.08439,0.038091,-0.18432
0.127595,0.238049,0.019874
-0.33013,0.056491,0.354483
-0.30167,-0.32385,0.123255
0.679062,-0.22563,-0.76263
0.412744,-0.31531,-0.66163
-0.09565,-0.04193,-0.00149
-0.16951,-0.20019,-0.16597
-0.13099,0.128649,-0.10876
-0.01431,-0.24946,-0.21662
-0.03686,0.005204,-0.07019
0.289407,0.00905,-0.3451
0.080444,-0.01981,-0.00775
0.079932,-0.21588,0.480842
-0.10222,0.046692,0.251227
-0.15798,-0.03392,0.352661
0.031287,-0.22518,0.165075
-0.07566,-0.03655,-0.05087
-0.23344,0.218778,0.599088
-0.06133,-0.06322,-0.10838
0.048155,-0.02221,-0.22515
-0.25986,0.082282,-0.48382
-0.16569,0.165186,0.029188
-0.07193,-0.12204,-0.05224
0.16875,-0.22445,0.454323
-0.32406,0.358221,0.478779
0.063746,-0.03494,-0.4704
-0.23375,-0.17502,-0.06778
-0.08294,0.017638,0.146345
-0.36771,0.139608,0.773141
-0.08166,-0.10089,0.048518
-0.11194,-0.01318,0.410401
-0.14706,-0.18097,0.095562
-0.10123,-0.10084,-0.31382
0.00699,0.288556,-0.03355
0.096499,-0.14358,-0.09573
-0.42907,-0.16148,0.170938
-0.18709,0.047373,-0.11056
-0.46911,0.12389,0.304044
0.093322,-0.03171,-0.14494
-0.34747,0.414292,0.031734
0.144538,0.098751,0.221105
0.137518,-0.30286,-0.49193
-0.23078,-0.05335,0.326661
0.123646,-0.2516,-0.18281
-0.04589,-0.07387,-0.09825
-0.31502,0.009876,0.258898
-0.16205,-0.12583,0.201291
-0.34304,-0.02584,0.04417
0.173824,-0.07467,-0.18485
0.008979,-0.16402,-0.07467
0.017199,-0.16531,0.185594
0.576786,-0.34995,-0.50713
0.210132,-0.52271,0.026812
-0.20362,0.323145,0.331791
0.135085,-0.24186,-0.41918
-0.12689,0.004748,0.059742
-0.02413,0.007486,0.048016
-0.14445,-0.06879,0.049322
-0.19876,0.079462,-0.20913
-0.00494,-0.09918,0.298573
-0.05918,-0.4606,0.25551
-0.49197,0.172625,0.527847
0.094435,-0.13872,-0.32967
-0.17227,-0.08543,0.289736
0.420445,-0.10018,-0.57232
0.214787,-0.01261,-0.35904
-0.58587,0.076175,0.579874
-0.21827,-0.08811,-0.24228
-0.00545,-0.1134,0.070597
0.121881,-0.1232,-0.11998
0.049935,-0.33813,-0.56629
-0.10237,0.164872,-0.06282
-0.0498,-0.13542,0.082661
-0.41054,0.083813,0.13664
0.047574,-0.00705,-0.26194
0.212482,-0.20509,-0.13153
-0.0247,0.010998,-0.14409
-0.21272,0.246534,-0.13911
0.228121,-0.13646,-0.39678
-0.00738,0.268752,-0.08103
-0.00951,0.071767,0.164897
-0.04003,-0.0961,-0.22715
-0.24962,0.274198,0.156314
-0.31612,0.050543,0.399578
-0.1493,-0.18677,0.140031
-0.2338,-0.18322,0.048902
-0.22689,-0.07063,0.206583
0.187933,-0.02441,-0.41178
0.098721,-0.40394,-0.18873
0.082523,-0.2112,-0.01024
-0.33475,0.021796,0.497123
-0.27197,0.135213,0.421215
0.395125,-0.12798,-0.55915
-0.07893,-0.23565,0.19991
-0.24679,-0.05931,0.255459
0.338899,-0.37527,-0.48958
-0.20439,0.060246,-0.03678
-0.0512,-0.22692,0.012482
-0.45291,0.138761,0.705743
-0.3274,0.104414,-0.24268
-0.22132,0.066564,0.296534
-0.09427,0.231863,0.062291
0.493414,-0.31539,-0.67882
-0.34893,0.009954,0.192442
-0.38252,0.108613,0.192008
-0.24406,0.209412,-0.07358
-0.05838,0.166272,-0.39818
0.345706,-0.22207,-0.40324
0.014688,-0.27557,0.55849
0.115594,0.002386,-0.37793
0.316096,-0.01961,-0.23133
-0.07165,-0.02418,0.049238
-0.11358,0.105309,-0.31202
0.245942,-0.08297,0.033292
-0.02989,-0.17709,-0.18104
-0.01862,-0.10987,-0.21963
-0.2938,0.003879,-0.03418
-0.022,0.474071,0.043259
0.0253,-0.22633,-0.22704
0.382179,0.06595,-0.48412
-0.08717,-0.09011,0.237735
-0.17793,-0.07373,-0.14851
0.09189,-0.1382,-0.10559
-0.05032,-0.0049,0.199422
-0.00858,-0.07592,0.253034
0.180438,0.066923,-0.24706
-0.32722,0.172616,0.253202
-0.09735,-0.09758,-0.04671
-0.46184,0.249975,0.433909
-0.27419,0.520689,0.154906
-0.21028,-0.07294,0.301462
-0.33857,0.39226,0.366697
-0.03397,-0.18618,-0.16872
0.066331,-0.24789,-0.1282
0.231119,-0.34857,-0.32482
0.023499,0.091604,-0.2812
-0.19355,0.570131,0.245902
-0.06917,-0.15076,-0.00238
0.248595,-0.17632,-0.68683
0.501755,-0.34127,-0.57097
-0.22751,-0.21894,-0.08844
0.102004,0.113339,-0.34329
-0.34625,0.040938,0.387329
-0.17669,-0.11405,0.245282
-0.14314,-0.07091,-0.17674
-0.10733,0.022421,-0.02683
0.093936,-0.00224,0.023967
0.112662,0.077552,-0.05057
-0.17428,0.203352,-0.08937
-0.14289,0.412863,0.474233
0.420083,-0.29117,-0.36102
0.120145,0.145519,-0.61632
-0.41876,-0.01309,0.337436
-0.43563,0.043169,0.053502
-0.20998,0.26911,0.536372
0.03884,-0.0358,0.239174
-0.13491,0.084398,-0.12686
-0.11494,0.043203,0.042565
0.266742,-0.33237,-0.30812
-0.11956,0.032453,0.068595
-0.2876,-0.19719,0.288703
0.314263,-0.60434,-0.21672
-0.1562,0.146276,0.000195
-0.03049,-0.13314,-0.15037
0.21746,-0.03806,-0.36559
-0.14465,0.031187,-0.11364
0.824333,-0.40615,-1.19375
0.048938,-0.12184,-0.13155
-0.04156,0.085965,-0.29913
-0.17211,-0.08258,0.13676
-0.2791,0.149811,0.352033
-0.4825,-0.02728,0.713867
-0.19059,-0.02508,-0.07108
-0.09088,-0.0688,-0.0031
0.118946,-0.01619,-0.00306
-0.28286,0.095539,0.042741
-0.27785,0.18643,0.068243
0.10226,-0.17783,-0.41755
0.186002,0.227786,-0.34396
-0.21115,-0.25101,0.126842
0.042984,0.16969,-0.12516
-0.0705,0.092274,0.104031
-0.16374,0.029781,0.303807
-0.22898,-0.24464,0.209507
-0.08312,0.148661,0.04649
-0.62074,0.299203,0.660171
0.012223,0.041544,-0.21666
-0.06617,-0.23193,-0.11334
-0.10071,0.178719,0.00177
0.152092,0.003349,0.017118
0.015498,0.209759,-0.33062
-0.03877,0.044193,-0.34084
-0.05975,-0.05821,0.332368
-0.10482,-0.06471,0.015683
-0.22013,0.113676,0.125544
-0.20161,0.174263,0.595953
-0.2446,0.019936,0.011629
-0.14198,0.148309,-0.13852
-0.27178,-0.11239,0.134259
0.006395,-0.05731,-0.46036
-0.00856,-0.07554,0.027686
-0.07239,-0.16396,-0.14203
-0.16735,0.133909,0.271939
-0.20965,-0.26905,-0.2222
-0.21524,-0.00931,0.022627
-0.22141,0.183545,0.135109
0.066871,0.506307,-0.22489
-0.13715,0.20168,0.13331
-0.24624,0.041994,0.571795
0.012289,-0.09122,-0.22219
0.159944,-0.2243,-0.07812
-0.0699,-0.11258,-0.00905
0.172783,-0.05541,-0.39675
-0.2302,0.16306,0.245041
0.047553,-0.02909,-0.10544
-0.08803,-0.32701,0.008011
-0.48819,0.16997,0.656652
-0.28178,0.039294,0.195952
0.009687,-0.21238,-0.29568
-0.1119,0.065541,-0.04828
-0.41985,0.143582,0.351231
-0.47398,0.762394,0.737113
0.064011,-0.01385,-0.16335
0.144986,-0.1875,-0.17717
-0.32609,0.189145,0.126563
0.280376,-0.30155,-0.23086
0.151643,-0.04552,-0.05384
-0.23854,-0.15577,0.305747
0.717796,-0.54816,-0.92399
0.035904,-0.25009,-0.01457
0.359534,-0.1561,-0.51612
0.026423,0.003824,0.427007
-0.15178,0.105499,0.027401
0.01679,0.267106,-0.26934
-0.22795,0.093582,0.064319
0.296996,-0.02438,-0.64856
-0.07473,-0.18474,0.278158
0.565531,-0.19915,-0.55274
-0.25223,0.023461,-0.09427
-0.07149,0.024593,0.231053
-0.09398,-0.18815,0.37662
-0.14027,0.139204,0.004292
-0.26738,0.071353,0.517396
0.04224,-0.0391,-0.11166
-0.09605,-0.11488,-0.16882
0.004681,0.089634,0.319539
-0.01933,0.028353,-0.37389
0.294647,-0.14459,-0.32829
0.061885,-0.069,-0.05543
0.0000613,-0.02369,-0.47681
0.340385,-0.41181,-0.45144
0.139567,-0.12473,-0.07439
-0.05207,-0.3179,-0.28754
0.699832,-0.35859,-0.77727
-0.01048,-0.11401,-0.73645
-0.24644,0.05607,0.664624
-0.13006,0.152097,0.009785
-0.02406,-0.28194,0.320545
0.369318,-0.55824,0.191388
0.128159,-0.19694,-0.38607
-0.01997,0.139939,-0.12778
-0.00864,-0.04322,-0.10761
-0.20672,-0.03402,-0.1442
-0.14798,0.102268,0.055286
-0.20902,0.118952,0.185395
-0.04246,-0.23258,-0.00828
0.239459,-0.2146,-0.1978
-0.62487,0.067845,0.915429
-0.18332,-0.08357,0.028278
-0.30015,-0.01682,0.598796
0.064987,0.05066,0.03789
-0.3038,-0.1011,0.095025
-0.47647,0.299877,0.485575
-0.13239,0.105829,-0.14407
-0.00031,-0.3462,-0.21713
0.404892,-0.11245,-0.65958
-0.0849,-0.01024,-0.37174
0.105742,-0.03304,-0.09616
0.304389,-0.32598,-0.49121
0.475873,0.073281,-0.56399
0.022444,0.092551,-0.14189
-0.21251,0.092964,0.01766
-0.30649,-0.02609,0.28629
-0.30131,-0.09987,0.2102
-0.06277,0.231978,-0.08852
0.343591,-0.23952,0.120095
0.489532,-0.60888,-0.22828
-0.29666,-0.09508,0.304689
-0.11765,0.067646,0.075223
0.304099,0.159587,-0.29199
0.140614,-0.15067,-0.15435
-0.33421,-0.40799,0.103743
-0.30139,0.168339,0.214937
0.065694,0.237616,-0.08544
0.044267,-0.33014,-0.09024
-0.33184,-0.06102,0.184926
-0.23932,-0.04318,-0.09743
-0.01211,0.10495,-0.06333
-0.28119,0.019426,0.559057
0.087701,-0.11134,-0.24755
-0.32242,0.068622,0.104297
-0.35973,0.162434,-0.03263
-0.12697,-0.05154,-0.1794
0.068213,-0.18215,0.059451
-0.02227,0.080664,-0.1129
0.098556,-0.21659,-0.15106
-0.01563,-0.11351,-0.33121
-0.06496,-0.00955,0.326403
-0.45171,0.316542,0.338638
-0.45656,0.677928,0.453419
0.155815,-0.05576,-0.35237
-0.16117,0.2777,0.201682
-0.0499,-0.02075,-0.19645
0.007829,0.01599,-0.11509
-0.40959,-0.02252,0.291188
-0.03954,-0.1703,0.033233
0.331102,-0.52205,-0.31115
-0.0017,-0.29248,-0.13198
-0.09256,-0.20516,0.045813
0.083154,0.084161,-0.10895
-0.2127,-0.07567,-0.30654
-0.1795,0.042995,-0.18938
0.053608,-0.15029,-0.1474
-0.00784,-0.0429,-0.08223
0.063567,0.079746,-0.05385
0.209917,-0.24867,-0.41403
-0.01315,-0.23373,0.047048
-0.06467,-0.05664,-0.23325
-0.20602,0.334189,-0.04329
-0.13682,-0.1456,-0.16196
-0.05977,-0.0262,-0.1997
-0.14201,0.067986,0.240002
-0.01876,0.133122,0.103304
0.468455,-0.40518,-0.56059
-0.15713,0.289028,-0.1755
-0.21044,-0.19339,0.62376
0.018743,-0.40943,-0.10511
-0.10156,-0.1408,0.15309
-0.08649,-0.18111,-0.26975
-0.28296,-0.03323,0.018319
-0.52964,0.111776,0.693111
0.513765,-0.27344,-1.05188
-0.13037,-0.08892,-0.06352
0.001414,-0.28246,0.024529
0.313352,-0.09257,-0.20015
0.04988,-0.03092,0.049884
-0.17968,0.086271,0.058756
-0.05015,-0.09824,0.283726
0.449786,-0.2044,-0.16895
-0.06175,-0.13999,0.156568
-0.06389,-0.37711,-0.16174
-0.25139,0.054833,-0.02615
-0.03252,-0.18482,-0.19357
0.067235,0.073919,-0.38457
0.006947,-0.14651,-0.13067
-0.35835,-0.09373,0.050591
0.201081,0.134581,-0.19436
0.056783,-0.13494,0.038862
-0.12751,-0.05181,-0.00237
0.334224,-0.25741,-0.17162
0.126763,-0.35932,0.108295
0.131932,-0.38846,-0.1531
-0.09845,-0.29221,0.153192
-0.07679,-0.01381,-0.07002
0.11898,-0.10659,-0.59073
-0.17672,0.3148,0.198594
-0.53871,0.487211,0.719105
-0.08387,-0.08468,0.199515
-0.4102,-0.02894,0.605851
-0.03512,-0.13957,-0.23852
0.143446,-0.39233,-0.30213
0.069368,-0.05937,0.255052
-0.01277,-0.34998,-0.09858
-0.29114,-0.03405,0.212986
-0.0827,-0.11667,0.047004
-0.16502,-0.01289,0.364609
-0.11579,0.054904,0.376779
-0.0987,0.021667,-0.03771
-0.53489,0.192069,0.498515
-0.22643,-0.06817,0.04498
-0.14287,-0.18265,0.149834
-0.30399,0.372654,0.149225
-0.25133,0.286619,-0.0043
-0.02488,-0.18482,0.080478
0.282511,0.135237,-0.09484
0.286511,-0.17644,-0.08404
-0.22509,0.090933,0.18234
0.285816,-0.20281,-0.63142
0.234361,-0.16216,-0.55972
-0.13629,0.166954,0.135788
0.06222,0.004281,0.240278
0.201032,-0.02987,-0.09491
-0.26963,-0.17237,0.399246
-0.02904,-0.07493,-0.08261
-0.18346,0.039022,0.434037
-0.01166,0.020077,-0.01271
0.115649,0.086306,-0.71059
-0.07352,0.032143,0.051519
-0.07666,0.26415,0.170976
0.102515,-0.07267,-0.32396
-0.08482,-0.4533,-0.06148
-0.23167,0.055767,-0.01999
-0.28577,0.104737,-0.18555
0.467094,-0.273,-0.54979
0.245543,-0.08317,-0.37611
-0.40042,0.267663,0.374743
0.109375,-0.17776,-0.22126
0.141497,-0.23682,-0.41103
-0.35986,0.007955,0.630248
0.087913,0.031651,-0.02565
-0.13247,-0.06107,0.084424
0.038528,0.871919,-0.43704
0.022955,0.045754,-0.30978
-0.37592,0.156458,0.311367
-0.04479,-0.11961,0.3776
-0.35646,0.005652,0.173451
0.29007,-0.31912,-0.5868
-0.15431,0.193877,0.218965
0.613152,-0.0529,-0.64462
0.338357,-0.23697,-0.33809
0.053683,-0.29362,0.648104
0.136639,-0.12035,-0.16028
-0.36177,0.237384,0.498736
-0.37134,0.313091,0.140956
0.060153,-0.06069,-0.36118
-0.0395,-0.20323,-0.20812
0.319732,-0.28833,-0.39213
0.335851,-0.00453,-0.7301
-0.22707,0.102901,0.192996
0.124081,0.079391,-0.24817
-0.08161,0.09709,-0.16269
-0.04324,0.074979,-0.29439
0.264766,0.017529,-0.39373
-0.09161,-0.1385,-0.15088
0.006453,0.603425,-0.10231
0.239516,-0.274,-0.25722
-0.2585,-0.04139,0.185582
-0.53012,0.027717,0.42335
0.18513,-0.25053,-0.54627
0.260437,-0.29257,-0.35719
0.337609,-0.21153,-0.52597
-0.24023,-0.15402,0.450657
-0.23772,-0.00933,0.6148
-0.07054,-0.0201,-0.31394
-0.1489,-0.00826,0.152626
-0.38473,0.243884,-0.07743
-0.1028,-0.21315,-0.18
0.025415,0.006898,-0.13091
-0.2255,0.103362,-0.21912
0.119904,-0.08751,-0.05927
-0.03141,0.058271,0.08933
-0.11995,-0.12205,0.079177
0.228048,-0.20212,-0.37675
-0.27854,-0.00826,0.110382
0.445803,-0.2642,-0.14752
-0.53012,0.066464,0.17579
-0.20182,0.211338,-0.14169
-0.18754,0.083712,0.344708
0.14366,-0.13283,-0.54204
-0.16188,0.214206,-0.20022
0.361929,-0.25771,-0.40966
-0.36458,-0.04208,0.039598
0.02861,-0.11972,0.11218
0.077928,-0.02497,-0.06279
0.432879,-0.60105,-0.59401
-0.00572,-0.17158,-0.24594
0.692858,-0.32473,-0.70845
0.147499,-0.12314,-0.50831
0.097069,0.056299,-0.22621
0.313948,-0.24378,-0.11677
0.016065,0.244961,-0.06657
-0.06628,-0.02047,-0.12763
-0.21135,-0.00232,0.05782
0.030006,-0.01019,-0.44787
-0.19049,0.128617,0.11748
-0.41822,0.062872,0.347
-0.03401,-0.00162,-0.46259
0.207629,-0.35393,-0.66713
0.378691,-0.35159,-0.46214
0.027328,-0.06154,-0.29568
-0.0847,0.143908,0.279204
-0.32559,-0.00503,0.460611
-0.29533,0.070038,0.350308
-0.32937,0.195952,0.122287
-0.21268,0.057018,0.407128
0.663765,-0.46548,-0.80271
-0.24245,-0.06882,0.302661
0.05383,-0.23224,0.004795
-0.17541,-0.09433,0.336444
-0.42243,0.16214,0.551343
-0.00188,-0.1518,-0.17028
-0.11509,-0.12921,-0.31955
0.132467,-0.1757,-0.36156
-0.07595,-0.4753,0.144618
-0.31418,0.032803,0.011301
-0.10757,0.03325,0.094277
0.054621,0.192779,-0.34996
0.288836,-0.02759,-0.63406
-0.17345,-0.33052,0.230592
-0.01298,-0.07716,0.07301
0.060995,-0.19227,-0.38034
0.036656,-0.04265,-0.34122
0.076896,0.193291,-0.16424
0.487883,-0.26011,-0.43412
0.243955,-0.17675,-0.44831
0.564092,-0.20653,-0.30539
0.222125,-0.21346,-0.10674
0.079276,-0.1326,-0.54502
-0.12041,0.214084,-0.07447
-0.26511,0.1408,-0.17689
0.1301,-0.02931,-0.10584
-0.15646,0.013007,0.327624
0.025368,-0.17415,0.380925
-0.39605,-0.02524,0.475402
0.459994,-0.13569,-0.08852
0.084851,-0.304,-0.13614
-0.19163,-0.12826,0.12967
-0.04533,-0.03462,0.035168
-0.09331,-0.0563,-0.24758
0.103593,-0.18917,-0.15692
0.133106,-0.20852,-0.33453
-0.14406,0.010092,0.061251
-0.35059,-0.04422,0.409722
0.259382,-0.13695,-0.42871
-0.13997,-0.06383,-0.36244
-0.13608,0.211229,-0.12468
0.193195,-0.05208,-0.56548
0.118333,-0.33584,-0.11971
-0.12915,-0.11112,-0.0561
-0.1982,0.132126,0.295972
0.00983,-0.1468,-0.11623
-0.1725,0.021474,0.033195
0.157656,0.069921,-0.19195
0.025401,0.112564,-0.26933
-0.09896,0.014216,0.049735
0.043347,0.132195,0.037209
-0.13115,0.149772,0.281207
-0.11325,-0.1967,-0.1831
0.246353,-0.19613,-0.46099
0.463323,-0.10802,-0.67909
-0.1748,-0.1708,0.400059
-0.05318,-0.16985,-0.01825
-0.12882,-0.03559,-0.2047
-0.45768,0.22287,0.261653
-0.13948,-0.07313,0.184199
0.041813,-0.14402,-0.12142
-0.28517,0.317017,-0.08779
-0.30311,0.169439,0.375311
0.241978,-0.3083,-0.20669
-0.1754,0.089099,0.053158
0.02064,0.095248,-0.3266
-0.30716,0.097047,0.175819
-0.52325,0.07028,0.589576
0.317837,0.383951,-0.06278
-0.37628,-0.3171,0.408123
0.04817,-0.04205,0.089072
0.161987,-0.28339,-0.29874
-0.2263,-0.0479,0.144493
-0.15057,0.088115,-0.19175
0.244254,-0.04144,-0.04444
0.166916,0.020719,-0.29164
0.259634,-0.09612,-0.41651
-0.15616,0.016419,-0.22152
-0.27332,-0.13906,0.082589
-0.2483,-0.25765,0.245546
-0.42833,0.354131,0.141822
-0.24872,-0.17687,0.029924
-0.3524,0.165255,0.203737
-0.06628,-0.07227,0.217921
0.356764,-0.56942,-0.3261
0.37177,-0.24069,-0.6369
-0.00357,-0.2124,-0.25296
-0.26785,0.096939,-0.01319
0.217652,-0.12578,-0.08106
0.004499,0.061822,-0.21312
0.314261,0.08743,0.341473
0.183623,-0.05931,0.018331
-0.30405,0.021706,0.029732
-0.26311,-0.21028,0.327362
-0.06324,0.468176,0.184956
0.04119,-0.14664,-0.21379
-0.16471,-0.13817,-0.23661
-0.44745,0.471355,0.562249
0.187192,0.05151,-0.26306
-0.23305,0.09505,0.05453
-0.40052,0.056255,0.603238
0.210535,-0.14431,0.067928
0.709376,-0.39913,-1.08184
-0.16803,-0.06637,0.427709
-0.00542,-0.21602,-0.10668
-0.09331,0.243871,-0.20161
0.101688,-0.30936,-0.26261
0.243073,0.047489,0.131843
0.05881,-0.12229,-0.00885
-0.21634,0.062959,-0.11168
0.318669,-0.33921,-0.05153
-0.07685,-0.08183,-0.10223
-0.49571,0.39985,0.166749
0.012564,-0.305,0.014537
0.144307,-0.31693,-0.17197
0.2039,-0.04298,-0.27237
-0.07822,-0.32429,-0.1973
0.146142,-0.29208,-0.00814
-0.19085,0.288395,0.080335
-0.03677,0.192163,0.177926
-0.15398,0.26591,0.059464
0.269967,-0.4655,-0.43753
-0.11245,0.187662,0.200916
0.028576,-0.00045,0.193568
0.186434,-0.08777,-0.25144
-0.08764,0.016862,0.044928
-0.10514,0.136201,-0.11313
0.014588,-0.11393,0.105382
0.115734,-0.10712,-0.03742
0.269292,-0.51564,-0.48325
0.142155,0.324719,-0.52714
-0.07637,-0.15736,0.986816
0.022455,-0.13456,-0.32346
-0.25844,-0.04217,0.218565
-0.15394,-0.00644,-0.06598
-0.19208,-0.05717,0.210483
-0.21772,0.327123,-0.02256
0.261922,-0.10011,-0.42841
0.021402,-0.03439,-0.03434
0.052523,0.084719,-0.25972
-0.139,0.066899,0.243224
-0.26449,0.314363,0.519944
-0.43888,0.120075,0.562781
-0.12982,-0.3112,-0.14484
-0.26294,-0.1962,0.557543
0.060792,-0.09465,-0.16775
-0.11244,-0.18359,-0.01415
0.370076,-0.37108,-0.693
0.446624,-0.08295,-0.31672
-0.06698,-0.03074,0.186546
-0.07456,-0.26633,0.432119
-0.11141,-0.08869,0.212171
-0.02624,-0.31139,-0.42686
-0.27078,0.076071,0.485654
-0.21191,0.257386,-0.17227
0.008079,0.000859,0.002752
0.052356,-0.10016,-0.16524
-0.35195,0.085992,0.021325
-0.09627,-0.01234,-0.09684
0.030982,-0.06831,-0.13319
-0.26561,0.051648,0.217407
0.279628,-0.06147,-0.50421
0.413335,-0.38374,-0.67877
0.051393,-0.19111,0.38362
0.080361,-0.13824,0.215349
0.132592,-0.37029,-0.26601
0.132805,-0.3061,0.158816
0.027939,0.248425,0.027793
0.050255,0.001738,-0.3554
0.061012,-0.22558,-0.07285
-0.47866,0.127502,0.489405
-0.2911,0.268513,-0.08421
-0.16729,-0.00027,0.284428
-0.10244,0.033967,0.232424
-0.18583,0.054654,0.367428
0.133838,-0.42834,-0.16836
0.115635,-0.2378,-0.05319
-0.48953,0.302516,0.401063
-0.13498,0.160598,-0.35628
-0.13509,0.083472,0.159763
-0.213,-0.30419,0.269366
-0.26651,-0.06444,0.328123
-0.3267,0.046199,0.311202
0.21254,0.00167,-0.48822
0.258453,-0.18986,-0.54539
-0.04129,-0.04132,-0.21051
-0.41177,0.137122,0.196886
0.042807,-0.31417,0.153987
-0.25385,-0.15576,0.373822
0.285573,-0.07381,-0.85459
-0.15138,-0.47181,-0.05848
0.007137,0.205621,-0.40965
-0.26092,0.070195,-0.12273
-0.21827,0.186288,0.125643
-0.0107,-0.04192,0.000637
-0.02538,0.090522,-0.09816
0.155642,-0.07178,-0.46594
0.207745,-0.24506,-0.55776
-0.42882,0.047521,0.304518
0.477497,-0.42754,-0.49838
-0.11692,0.272675,-0.3001
-0.22493,0.114517,-0.02903
-0.13577,-0.01061,-0.06719
0.245185,-0.17778,-0.28677
-0.10498,-0.16632,-0.38507
0.48248,-0.8729,-0.25691
-0.60513,0.363838,1.084868
0.021688,0.229809,-0.18425
-0.04907,0.106985,0.148416
0.094185,-0.13315,-0.34725
-0.19769,-0.04985,0.381586
-0.1291,-0.05615,0.038456
0.196764,0.100766,0.015839
-0.40905,0.247542,0.141448
0.060544,0.105549,-0.23846
-0.20474,-0.2932,-0.21982
-0.37121,0.033126,0.546753
0.144366,-0.14327,-0.20518
-0.30168,-0.1574,0.25271
0.10735,-0.01992,-0.104
-0.0925,-0.10384,0.154454
0.076701,-0.02873,-0.08324
-0.09986,0.096022,0.179004
0.188068,-0.39654,-0.26721
-0.24552,0.164191,0.563479
0.008725,0.188452,-0.19848
0.12264,-0.03562,-0.25859
-0.01337,0.162612,0.19642
-0.28199,0.083106,0.406918
-0.05351,0.225838,0.359251
-0.204,0.07793,0.444017
-0.42258,-0.22587,0.109539
-0.16832,0.228449,-0.26775
-0.04076,-0.11543,0.103102
0.010217,0.146846,-0.00034
-0.00602,-0.10504,-0.13045
-0.21642,-0.21871,-0.11209
-0.1077,-0.03911,-0.11222
-0.11088,0.211642,0.228135
-0.43619,0.302655,0.318147
0.055045,-0.3918,-0.21397
-0.14006,-0.11673,-0.10229
-0.39187,-0.04277,0.51899
0.193231,-0.06576,-0.37426
-0.24013,0.153939,0.042592
-0.17096,0.118103,-0.13061
-0.22507,0.06772,0.056901
-0.08584,0.386325,-0.08226
-0.40598,0.268658,0.390616
0.174533,-0.24566,-0.26403
0.199576,-0.13617,-0.27448
-0.07859,-0.09498,-0.21915
0.08629,-0.11766,-0.30585
0.067658,-0.32869,0.197595
-0.14983,-0.16309,0.216331
0.108775,-0.23751,-0.34666
-0.22876,-0.04692,0.042342
-0.14616,-0.01911,-0.1673
-0.16172,-0.08044,-0.1953
0.096387,0.015891,-0.15826
-0.10164,-0.13167,-0.12847
-0.19998,-0.12294,-0.21077
-0.38605,-0.00717,0.148227
-0.09104,-0.07995,-0.01907
0.335444,-0.34472,-0.18017
0.016391,0.039138,-0.82909
0.243785,-0.2585,-0.46261
-0.04784,0.230395,0.013123
-0.33187,0.184958,0.33501
0.192849,-0.13697,-0.39282
0.246524,-0.234,-0.32447
-0.11641,-0.09451,0.35934
0.22051,-0.22207,-0.30682
-0.00087,-0.0467,-0.03885
0.03426,0.045651,-0.31669
-0.22314,0.212113,0.36338
-0.16967,-0.23334,0.232173
-0.0625,0.162673,0.447294
-0.18592,-0.10059,-0.10245
0.220868,-0.1034,-0.08551
-0.59767,0.276609,0.724799
0.081069,0.113613,0.166293
-0.2139,0.130451,0.223898
-0.03629,0.32965,0.250312
-0.21633,0.475035,0.097221
0.354939,-0.45208,-0.44626
-0.03658,-0.40878,-0.22449
-0.20234,-0.14768,0.3323
0.305283,-0.13144,-0.32669
0.1106,0.123064,-0.16198
0.026641,-0.02526,0.145685
-0.11581,0.218472,-0.01415
-0.05336,-0.00301,0.094554
0.415112,-0.2267,-0.2123
0.15116,-0.30912,-0.14574
-0.10892,-0.14044,-0.22787
0.265165,0.008217,-0.25565
-0.52984,0.175429,0.582109
0.122229,-0.14173,0.003189
-0.04948,-0.20286,-0.02877
-0.12089,-0.00808,-0.26395
0.037727,-0.2745,0.147942
-0.41395,-0.0578,0.7221
0.047857,0.059961,-0.04918
-0.55348,0.105888,0.51616
-0.34094,-0.15811,0.360895
0.043144,-0.08586,0.16953
-0.32377,0.227077,0.288837
0.030905,-0.09442,-0.19946
0.03675,-0.18268,-0.203
-0.14512,0.223647,0.276216
0.089062,0.035868,-0.35026
-0.12095,-0.10838,-0.13111
0.610275,-0.14677,-0.74423
-0.07499,-0.00062,-0.34571
0.051364,-0.0271,-0.0172
0.045145,0.056943,0.460801
-0.24661,0.344602,0.238141
0.180601,0.004056,-0.0782
-0.16992,-0.20304,0.040738
-0.33813,-0.04685,0.141486
0.121453,-0.43961,0.038926
-0.00551,0.047963,-0.12846
-0.03292,-0.18383,-0.12027
-0.27691,0.025861,0.293615
-0.24998,0.213342,0.258914
0.099183,0.286808,0.000836
-0.19879,-0.35754,0.083459
0.531006,-0.09599,-0.47606
-0.5936,0.023512,0.251701
-0.05536,-0.24351,0.188535
0.17535,-0.31225,-0.18153
0.236845,-0.17669,-0.309
-0.0074,-0.05341,0.291969
-0.00294,0.047724,-0.24631
-0.14834,-0.00966,-0.07337
-0.22753,0.261785,0.303173
0.264968,-0.2086,-0.38335
-0.15281,0.290812,0.139635
-0.36105,0.189667,0.220454
-0.10494,-0.19113,0.376182
0.333331,-0.01537,-0.55253
0.243714,-0.22119,-0.30723
-0.04752,-0.11141,-0.4245
0.007609,0.108508,-0.03358
0.115661,-0.0566,-0.24244
0.169213,-0.31199,-0.30526
0.220471,-0.18324,0.284397
0.141189,0.332067,-0.33637
-0.02876,-0.20327,0.051958
-0.25185,-0.21139,0.301906
-0.54708,0.613871,0.489206
-0.22466,-0.03347,0.094242
0.198446,-0.01323,-0.11834
-0.00834,0.114392,-0.01077
0.130096,-0.01878,0.060117
0.19726,0.105238,-0.44813
-0.38903,0.09689,0.377478
0.003744,0.195884,0.101579
-0.28503,0.106826,0.293781
-0.4985,0.335315,0.501694
-0.27727,0.145114,0.418503
0.31456,-0.33247,-0.39013
-0.23245,0.141124,0.400917
-0.10339,0.250862,-0.08887
0.122964,-0.05003,-0.28204
-0.14168,-0.1673,0.301223
0.304624,-0.39093,-0.31992
-0.224,0.088789,0.121951
0.160626,0.006728,-0.6119
-0.32857,-0.00799,0.339611
-0.27186,-0.16055,0.21553
-0.02806,-0.04679,-0.16384
-0.03114,-0.21254,0.139782
0.283449,-0.48738,-0.39386
0.202908,-0.2162,-0.43433
-0.17005,0.033505,0.273165
-0.1108,-0.26881,0.135657
0.041469,-0.08744,-0.08548
-0.14188,-0.10079,-0.13209
0.2162,-0.18924,-0.21316
-0.23324,-0.14976,0.530768
-0.4838,0.078552,0.455289
0.184927,-0.10729,-0.30255
-0.04511,-0.03529,-0.23117
0.023691,0.042356,-0.374
0.041751,0.06762,-0.18381
0.065924,0.067153,-0.0245
-0.27711,-0.25059,0.379859
-0.03024,0.072339,0.064324
-0.25811,0.250612,0.178228
-0.02293,-0.19451,0.278766
-0.10371,0.017337,0.010296
-0.12045,-0.0744,0.081503
-0.26097,-0.2175,-0.13016
0.334491,-0.15059,-0.61772
0.053798,-0.13102,0.109174
-0.1426,-0.10827,0.448872
0.215408,0.058447,-0.49274
0.084384,0.539993,-0.30284
0.054528,-0.17572,0.020625
-0.00178,0.033121,0.089934
-0.00142,-0.04645,-0.05981
-0.0616,-0.02914,-0.02982
-0.21782,0.036762,0.327779
-0.32022,0.171595,-0.20418
0.076369,-0.20018,-0.17218
0.106772,-0.36844,-0.23359
-0.19718,0.076248,0.021271
-0.1929,0.063723,0.066652
-0.16845,0.168711,0.154387
0.43238,-0.10103,-1.00161
0.376982,-0.09775,-0.55334
-0.06877,-0.12552,-0.16544
-0.2541,-0.04883,0.026911
-0.65396,-0.15874,0.535714
-0.32649,-0.01713,0.25571
-0.15239,0.19629,-0.08052
0.241455,-0.10121,-0.23407
0.225574,0.073071,-0.36642
-0.18046,0.178246,-0.06525
0.030087,-0.05172,-0.15255
-0.19001,-0.07512,-0.16533
-0.31749,0.411647,0.291609
0.386602,-0.44105,-0.33291
-0.12111,-0.08879,0.295044
0.039421,0.071722,-0.15449
-0.04973,0.068856,0.200948
0.149694,-0.23549,-0.53785
0.051569,-0.18903,0.072749
0.14042,-0.00506,0.031906
0.027983,-0.19212,0.034831
-0.14862,0.007445,0.167081
0.314974,0.062107,-0.50524
0.215791,-0.44903,-0.16346
0.203027,-0.27224,-0.43559
-0.22775,0.459557,0.262899
-0.188,0.038448,0.004193
0.038673,0.442775,-0.32518
0.351986,-0.45944,-0.43942
0.339975,-0.25791,-0.18438
-0.11555,0.182224,0.218709
0.050393,-0.18336,-0.17254
0.010431,-0.28022,-0.21285
-0.03566,0.092802,-0.31766
-0.22996,-0.0856,0.351351
-0.0604,-0.3199,-0.26858
-0.05817,-0.04879,0.111137
-0.24443,-0.08356,0.140458
0.207395,-0.24737,-0.40133
-0.00087,-0.17258,0.033183
0.174312,-0.11061,-0.31851
0.079854,0.237003,-0.2925
0.166609,0.048613,-0.24107
0.123838,-0.06362,-0.01753
0.298736,-0.28654,-0.14666
-0.42459,0.049285,0.262063
0.039266,-0.21503,-0.42992
-0.45242,0.101501,0.153917
-0.13053,-0.06369,-0.27064
-0.1983,0.009262,0.212752
0.388264,-0.13825,-0.11571
-0.28,0.096023,0.346227
0.120893,-0.11755,-0.1344
-0.04148,-0.28906,-0.15061
-0.03775,-0.05623,-0.26878
0.410011,-0.08722,-0.3656
0.120656,0.003771,-0.31996
0.067241,-0.36516,0.308696
-0.02516,0.10189,-0.35306
0.173279,0.079559,-0.41322
-0.19343,0.021268,0.064939
0.047088,0.157118,-0.54614
-0.10762,-0.20812,0.258118
-0.01019,0.075774,0.319205
-0.16271,-0.23127,0.323201
-0.08868,0.068377,-0.16237
-0.52068,0.09171,0.413231
0.104345,-0.0087,-0.25615
-0.13259,0.100405,-0.17737
-0.41841,0.542899,0.397102
-0.31769,0.49162,0.082161
0.225263,-0.0289,-0.25956
-0.09125,-0.26052,-0.14834
-0.15495,0.038988,-0.38622
-0.01495,0.000153,-0.14305
-0.23716,0.276408,-0.06631
0.225172,-0.22092,-0.27459
-0.24604,-0.15225,-0.10634
-0.32221,0.111478,0.287728
-0.26804,-0.09036,-0.04491
-0.05041,-0.29986,-0.20988
0.217065,0.211067,-0.50494
0.068291,-0.07562,0.138833
0.094067,-0.2552,-0.21862
0.26526,-0.17198,-0.74944
-0.18921,0.017434,0.050166
0.300638,-0.23146,-0.7791
-0.13882,0.268432,0.050723
-0.05604,0.078844,-0.37224
-0.25111,0.165281,0.008188
0.042016,-0.26334,-0.2193
0.277414,-0.28687,-0.39696
-0.25322,-0.09963,0.086255
-0.10657,-0.18136,0.180887
-0.37899,0.078962,0.262012
-0.26352,0.206219,-0.00451
0.470162,-0.15955,-0.43003
0.326105,-0.27356,-0.52245
0.120279,0.031363,-0.36177
0.174348,-0.13026,0.087765
0.04303,0.078682,-0.21859
0.205164,-0.12101,-0.34688
0.354647,-0.29119,-0.62023
0.103801,-0.20652,0.013131
-0.38034,0.081839,0.78558
-0.3503,-0.13445,0.35872
0.099856,0.01335,-0.17505
0.441846,-0.31888,-0.4116
-0.16287,-0.00745,0.135215
0.134773,-0.39342,-0.64355
-0.11532,0.595058,0.09373
0.089756,0.104695,-0.20866
-0.00932,-0.10478,0.016424
-0.33888,-0.18551,0.426825
0.061295,0.079415,0.01485
-0.27373,0.156065,0.03928
-0.16503,-0.00363,0.037075
-0.03125,-0.21452,-0.05494
0.009191,0.040819,0.194281
0.066294,0.016425,0.020034
0.140895,-0.10147,-0.11646
0.168158,-0.07334,-0.61131
-0.28852,0.03921,0.151457
0.042162,-0.34453,0.111707
0.066245,-0.29766,-0.20608
-0.40494,0.247911,0.417168
-0.10087,0.218124,-0.27943
-0.06232,-0.0794,-0.06281
-0.3337,0.373465,-0.05257
0.198053,-0.09545,-0.22188
-0.06782,-0.21796,-0.09043
-0.03131,-0.20392,-0.05595
-0.18296,-0.05783,0.156152
0.40031,-0.31778,-0.68444
-0.11658,-0.0171,0.428053
-0.20931,0.036712,0.015345
-0.36489,0.388996,-0.02788
-0.22681,0.067735,-0.07928
-0.38691,-0.06764,0.75452
0.272198,0.006301,-0.57136
-0.15533,0.00758,-0.20132
0.431909,-0.08358,-0.68425
0.026384,-0.01764,-0.06202
-0.01663,-0.09554,0.069872
-0.49686,-0.14579,0.406716
0.270366,-0.39315,-0.18973
-0.01718,-0.14942,0.095013
-0.62797,0.647921,1.004546
-0.22263,0.026886,-0.18002
-0.24473,0.083005,-0.01611
-0.02156,-0.35146,0.114551
-0.01629,-0.24858,-0.11984
-0.27182,-0.01158,0.188072
-0.13383,0.100691,0.02072
-0.15237,0.193457,-0.16917
0.031459,-0.06427,0.098331
-0.58797,0.289495,0.777796
0.208829,-0.1968,0.299451
0.1714,-0.10565,-0.27244
0.246428,0.018825,-0.07907
-0.03207,-0.12777,-0.30042
-0.11738,-0.04087,-0.17226
-0.53241,-0.00892,0.362638
-0.19968,0.069725,0.081717
-0.30128,-0.07376,0.369521
0.412675,-0.37262,-0.32303
0.01606,-0.07803,0.042332
-0.06079,-0.00863,0.008931
-0.0339,0.340172,-0.28064
-0.10196,-0.17846,-0.0045
0.063083,-0.41628,-0.29048
-0.36467,0.759019,0.533191
0.144212,-0.03889,-0.50261
-0.19342,0.084857,-0.09651
-0.28969,0.091207,0.017437
-0.32106,0.034596,0.254993
0.139697,-0.10311,-0.15535
-0.15924,-0.04938,0.752474
-0.02233,0.17183,0.485643
-0.29437,0.322939,0.231056
-0.18434,0.177058,0.209686
-0.02548,0.331321,0.101188
0.126863,-0.27789,-0.1636
-0.19439,-0.036,0.22976
-0.2395,-0.22159,0.392873
-0.07944,-0.11082,0.118855
-0.02152,-0.16853,-0.04214
-0.32325,0.151429,-0.06921
-0.03611,-0.014,-0.17266
-0.25783,0.148668,0.034808
-0.24337,-0.08558,0.068182
0.123954,0.062304,-0.23269
-0.01915,0.000575,-0.06035
0.179687,-0.16436,-0.51866
0.209404,-0.4015,-0.09651
-0.14368,-0.23454,0.293182
0.219234,-0.16186,-0.09761
0.251855,-0.33997,-0.31716
-0.08903,0.06815,-0.06964
-0.21884,-0.10175,0.081377
-0.23917,0.116711,0.188516
0.370515,-0.30393,-0.5783
-0.13561,0.06321,0.332302
-0.18715,0.094403,0.155925
0.167469,-0.09971,-0.45014
-0.02877,-0.03565,-0.08216
-0.50048,0.0722,0.245859
-0.47591,-0.00827,0.745884
0.053185,0.033143,-0.23723
-0.24393,-0.09568,0.385053
-0.12517,-0.08444,-0.24081
-0.19268,0.18291,0.293465
0.31785,-0.19995,0.084675
-0.33715,-0.10108,0.437208
0.1328,-0.09995,-0.05707
0.211231,-0.23283,-0.15107
0.034584,0.057575,-0.23561
-0.44914,0.23821,0.312951
-0.08448,-0.19105,-0.01324
0.261501,-0.21236,-0.80283
-0.18476,0.087692,0.228652
-0.18192,0.147398,0.066137
0.129469,-0.12948,-0.07026
0.153813,-0.2042,0.066967
0.063266,-0.00132,-0.11418
-0.35429,0.088342,0.055235
-0.07257,-0.22621,-0.08918
-0.1006,0.211532,-0.00742
-0.11747,0.077123,0.162254
-0.12645,-0.02674,-0.05404
-0.10372,-0.12663,0.129654
0.028203,-0.12826,0.236773
-0.49139,0.726774,0.266695
0.212187,-0.11496,-0.02593
-0.26096,-0.10142,-0.06414
-0.06109,-0.10057,0.051186
0.009158,-0.20492,-0.45018
-0.11978,-0.02455,-0.13803
0.417906,0.468289,-0.39511
-0.21641,-0.03922,0.444181
-0.08721,0.033199,-0.14038
0.391502,-0.03153,-0.76811
-0.0994,-0.06023,-0.20121
0.108346,-0.28094,-0.16241
-0.15935,0.034023,-0.12694
0.066435,-0.09211,-0.08308
0.007466,0.017957,-0.15283
0.242704,-0.33533,-0.35867
0.412045,-0.29708,-0.44485
-0.02271,-0.17122,0.311126
-0.10412,-0.39724,0.08773
0.39695,-0.16641,-0.34483
-0.19108,-0.19258,0.07511
-0.11321,-0.12766,-0.18477
0.070673,-0.08364,-0.2042
-0.10472,-0.22675,-0.11983
-0.1603,-0.04201,-0.00677
0.123689,-0.55223,-0.1452
-0.12576,-0.23349,-0.09048
0.172322,-0.25634,-0.17233
0.154851,-0.13304,-0.20596
-0.36512,0.059164,0.395658
-0.32122,-0.07497,0.270838
-0.13335,0.148483,0.264107
-0.04142,-0.16566,0.038303
0.137926,0.022777,-0.31305
0.169714,-0.25101,-0.46431
0.106379,-0.21803,-0.0372
-0.30865,0.256328,-0.05631
0.259346,-0.08174,-0.05717
-0.44892,0.172453,0.75223
-0.1649,0.079314,0.017582
0.070422,-0.02922,-0.20998
-0.09934,0.112112,-0.47162
-0.10181,-0.02904,0.040922
0.134573,-0.10803,-0.64052
0.073084,-0.1918,-0.02761
-0.11745,0.045837,0.3627
-0.33263,0.405344,0.852437
0.091519,0.045565,0.027666
-0.16085,-0.11272,0.288444
-0.00403,-0.0261,-0.06662
-0.19488,-0.14857,0.415587
0.087092,-0.23727,-0.07146
-0.23633,0.005399,-0.01465
-0.37948,0.033863,0.673162
-0.09774,-0.07457,-0.30885
0.192925,0.217614,-0.56589
-0.03669,-0.00574,0.368012
-0.21313,-0.24637,-0.2309
-0.10507,0.044702,-0.23855
0.461888,-0.08851,-0.44969
-0.25623,0.002318,0.527642
0.246445,-0.01892,-0.19349
-0.23657,-0.02758,-0.19092
0.461148,-0.1356,-0.68925
-0.15405,-0.19837,-0.29177
-0.12264,-0.00475,-0.42652
0.00699,-0.05764,-0.17731
-0.14488,0.080006,-0.16927
-0.02917,-0.03652,-0.08477
-0.45817,0.376935,-0.0516
-0.08503,0.08671,-0.26578
-0.06952,0.290227,0.046935
-0.26697,-0.01471,0.182868
-0.03011,-0.15957,-0.16999
0.173067,-0.36618,0.199256
0.367681,-0.24629,-0.25212
-0.24304,-0.11129,0.348551
0.067033,0.092954,-0.24369
-0.03664,-0.32606,-0.05432
-0.02342,0.024183,0.077067
0.241231,-0.12311,-0.0632
-0.07805,0.01378,-0.22907
0.352972,-0.21104,-0.28392
-0.15858,-0.04438,0.225159
-0.36121,0.050913,0.679985
-0.34995,-0.00345,-0.1232
-0.14067,0.11689,-0.15685
0.067932,-0.04606,-0.23219
-0.24022,0.309281,0.50125
-0.00708,0.059202,-0.05489
0.246409,-0.10634,-0.37248
0.408128,-0.49746,-0.28695
0.016686,0.136245,-0.02101
-0.08943,0.202736,-0.55902
-0.24899,0.00607,-0.12098
-0.1022,0.26004,0.213346
-0.16144,0.597748,0.194369
-0.13587,-0.03929,0.250973
-0.31871,0.389647,0.032938
-0.28918,-0.04839,0.425477
-0.08094,0.00344,0.167963
-0.08328,-0.00538,0.05559
0.223971,-0.11847,-0.20308
-0.04022,0.00658,-0.00686
0.058968,-0.14115,-0.12842
-0.46351,0.17689,0.472541
-0.15955,-0.14864,-0.13163
0.137786,-0.05865,-0.34046
0.027456,0.228379,-0.39016
-0.18785,0.267196,-0.24425
-0.01849,-0.23546,0.141358
-0.2613,0.046913,-0.10108
0.083141,-0.19354,-0.02726
0.051602,-0.08307,-0.1835
-0.03141,0.104177,0.053935
-0.11046,0.101994,-0.04677
0.257085,-0.21403,-0.42767
0.046643,0.080954,0.050845
-0.09973,-0.03379,0.302817
-0.13662,0.283587,-0.09985
-0.28008,-0.15658,0.413159
0.007199,-0.22857,-0.211
0.088032,-0.13078,-0.22659
0.127096,-0.38491,-0.4216
0.020078,0.148839,0.106885
0.072206,-0.09979,-0.46619
-0.07654,0.13885,-0.05014
-0.02276,-0.12012,0.1461
-0.15787,0.147968,0.198883
0.14196,-0.52823,-0.14302
-0.11802,-0.29296,-0.01414
-0.02049,-0.13551,0.018969
-0.06176,-0.04872,-0.48537
-0.04782,-0.16581,0.011755
0.138629,0.037537,-0.23609
-0.16779,-0.04685,0.37293
0.014221,-0.19657,0.053536
-0.1044,-0.1396,0.020463
0.103688,-0.02937,0.036526
-0.29325,0.269617,0.197429
-0.18605,-0.04506,0.333019
0.280316,-0.3197,-0.38856
0.143362,-0.4129,-0.14449
-0.15553,-0.07744,-0.37401
-0.19648,0.218313,0.311476
-0.02137,-0.08688,-0.05171
0.073734,-0.25755,-0.53287
-0.17042,0.076054,0.196984
-0.13727,-0.14215,0.162883
0.635584,-0.22929,-0.79521
-0.20577,-0.01047,0.110318
0.039976,-0.09631,-0.3342
0.029523,-0.02684,-0.26156
-0.00468,-0.06124,-0.17
0.040027,0.465919,0.05328
0.019796,-0.15376,-0.28431
0.14075,-0.15625,-0.40322
-0.12855,-0.00879,-0.01119
-0.08913,-0.19687,-0.28651
0.102866,0.120301,-0.00849
0.351768,-0.54496,-0.35277
-0.36452,0.005283,0.284968
-0.24789,0.212936,-0.01314
-0.20811,-0.07285,0.095902
-0.26809,0.188599,0.239041
-0.05325,0.036983,-0.24838
0.090302,-0.12501,0.346004
0.053461,-0.17758,-0.16712
-0.21801,-0.08115,0.054708
0.166054,-0.14847,-0.36494
-0.39851,0.257961,0.499903
-0.12888,-0.1703,0.458139
-0.21836,0.108251,0.255248
-0.10731,-0.37453,0.215131
0.114942,-0.16043,0.040813
0.072736,-0.27519,-0.23313
0.146476,0.014203,-0.36867
0.025032,-0.30424,-0.35598
0.253781,-0.0542,-0.18878
0.071215,-0.25993,-0.36692
-0.17883,-0.23435,0.237673
-0.06366,-0.06311,0.190534
0.09107,-0.18716,-0.14744
0.312892,-0.06622,-0.55363
-0.35996,0.337337,-0.00771
-0.0828,0.507638,-0.23339
-0.03518,-0.03653,0.084804
-0.17925,-0.19848,0.220842
0.151127,-0.18984,0.075704
-0.32706,0.404112,0.057392
-0.45145,-0.21266,0.164751
-0.0081,0.043473,0.068446
-0.47293,-0.04631,0.40838
-0.20098,0.107188,0.483273
-0.03266,-0.17454,-0.11929
0.038241,-0.20801,-0.06523
0.053467,0.049643,-0.19037
0.403416,-0.16072,-0.59271
0.19221,-0.19875,-0.06302
0.136873,-0.15134,-0.12753
0.152186,-0.48614,-0.3062
-0.0936,0.324113,-0.04757
0.183759,-0.32922,-0.42778
-0.21269,0.130906,0.040378
-0.47966,0.270558,0.403974
0.166427,-0.07828,-0.44855
0.226057,0.035383,-0.27545
-0.28699,0.05804,0.248975
-0.10478,-0.33493,0.002707
0.161489,-0.13682,-0.68157
-0.05907,0.061365,0.107558
0.378348,-0.13541,-0.45125
0.16927,-0.06337,-0.14124
-0.05391,0.002382,-0.10759
-0.08292,-0.07566,-0.03087
0.177188,-0.27231,-0.40595
-0.42092,0.010171,0.676441
0.228761,-0.09553,-0.1277
0.293015,-0.38093,-0.27191
0.117448,-0.20412,-0.01727
-0.34153,0.121156,0.468456
-0.00767,0.138768,-0.17179
0.510027,0.031515,-0.60516
-0.06368,-0.2156,-0.00745
0.200286,0.213033,-0.37291
0.31727,-0.19193,-0.44827
-0.22423,0.086021,0.053239
0.107166,0.177789,-0.34916
0.040594,-0.28928,0.144816
-0.16587,-0.0137,0.037685
0.162957,-0.27022,-0.06005
-0.00256,-0.0128,0.155492
0.345784,-0.26233,-0.3627
-0.17591,-0.22883,0.459649
-0.13244,0.020552,0.025943
-0.04935,-0.00981,0.08316
-0.02094,-0.05921,-0.22602
0.082521,-0.22751,-0.54618
0.259772,-0.05877,-0.43322
-0.55914,0.121809,0.349685
-0.46568,-0.14909,0.390263
-0.17639,-0.22211,-0.08956
-0.08636,-0.07401,-0.21974
0.24169,-0.16113,-0.14447
-0.19219,0.470206,-0.07807
-0.20854,-0.14303,0.339062
-0.0244,0.01122,-0.31605
0.121715,-0.19662,-0.20064
0.086307,0.009575,-0.04437
-0.22403,-0.03156,-0.38141
-0.09268,-0.20246,-0.19766
-0.11176,-0.07228,0.133596
0.005299,-0.08788,0.222205
-0.15365,0.022127,0.230383
-0.16139,0.103503,-0.19337
-0.07224,-0.30252,-0.11174
-0.1132,-0.1142,0.12559
-0.40956,-0.1614,0.243855
-0.27311,0.251951,0.183755
0.190442,0.115297,-0.35081
0.227482,-0.14008,-0.42954
-0.14146,-0.22998,-0.09366
-0.15497,-0.22978,0.003014
-0.20638,0.121153,0.309046
0.168796,0.18604,-0.07512
-0.3423,0.336085,0.283273
-0.09655,-0.24696,0.060624
-0.36336,0.192774,0.307831
-0.65054,0.109369,0.265787
0.023132,-0.09609,-0.13559
-0.18184,0.069382,-0.00338
0.183322,-0.10768,-0.40315
-0.27211,0.035893,0.27785
-0.01236,0.054377,-0.12475
-0.3395,0.086951,0.266542
-0.10161,-0.21572,0.403311
-0.01608,-0.16478,-0.09735
0.023481,-0.13483,-0.18551
0.051244,-0.03178,-0.5436
0.022033,-0.05877,0.010527
-0.14541,-0.03436,-0.06783
0.485967,-0.22629,-0.46615
-0.04487,-0.12775,-0.0888
0.163576,-0.0724,-0.60894
-0.08225,0.071272,-0.32873
-0.06513,0.039339,-0.07775
-0.05279,0.01384,-0.29153
0.0215,-0.25524,-0.21273
0.076111,-0.37728,-0.2669
-0.5907,0.157491,0.669609
-0.21381,0.161304,-0.12015
0.277845,-0.06742,-0.42283
0.316114,0.120658,-0.24871
-0.24503,0.093075,0.015699
-0.18164,-0.07943,-0.30312
0.154716,-0.05032,-0.42432
-0.34616,-0.11454,0.361904
0.359924,-0.10666,-0.24861
0.368266,-0.26971,-0.59125
0.287399,-0.26534,-0.77379
-0.11622,-0.04548,0.120468
0.345298,-0.05148,-0.2134
0.051579,-0.15226,-0.31535
0.256785,0.145739,-0.38559
-0.03577,-0.41551,-0.15549
-0.39614,0.322745,0.209127
-0.2315,-0.08455,0.273961
-0.4308,-0.04052,0.187822
-0.07508,-0.16504,0.182125
0.319193,-0.15877,-0.74049
-0.07305,0.11133,-0.34013
-0.12517,-0.11008,0.088897
-0.18848,-0.10516,0.170147
0.153855,-0.27757,-0.55314
-0.01528,-0.20267,-0.05143
0.184841,-0.16212,-0.64392
-0.13882,-0.01302,-0.17576
0.046284,-0.01275,0.18738
0.525982,-0.23027,-0.51465
-0.45528,-0.03477,0.10345
-0.15889,-0.04523,0.188484
0.040445,-0.21513,-0.31407
-0.09615,0.007907,-0.18619
-0.04822,-0.1421,-0.08453
-0.08439,-0.03361,0.0307
-0.3949,0.136602,0.228384
-0.00546,0.003591,-0.000039
-0.09205,-0.16206,-0.08152
-0.1528,0.367676,0.06613
-0.25741,-0.08303,0.593076
0.017422,-0.21003,-0.02714
0.206111,-0.32556,-0.65909
-0.00573,-0.01253,-0.09597
-0.05985,0.450816,-0.335
0.032883,-0.14885,0.194694
-0.1497,-0.38366,0.353908
-0.02396,0.029412,-0.29019
-0.0195,-0.03161,0.10559
0.37937,0.076972,-0.32673
-0.62859,0.286743,0.386658
-0.05014,-0.15951,-0.08806
-0.28878,-0.10147,0.167468
-0.39168,0.065237,0.340519
-0.33775,-0.09827,-0.06293
0.185209,0.060046,-0.79998
-0.17373,-0.08828,0.474474
0.235097,0.058536,-0.44914
-0.56761,-0.2435,0.011284
-0.12425,-0.04927,-0.04965
0.000599,-0.19183,-0.00282
-0.16857,-0.04882,0.148628
0.204736,-0.23118,-0.25476
-0.07678,-0.17501,0.278815
-0.23367,0.343628,0.279409
0.030579,-0.17936,-0.1792
0.006398,-0.01281,0.369044
-0.00984,-0.00849,-0.10232
0.192901,-0.06299,-0.37707
-0.30804,-0.17835,0.194015
-0.08779,-0.21374,-0.02308
-0.1145,0.077971,0.074148
-0.24048,0.184358,-0.18353
-0.08971,0.131133,-0.05085
-0.34556,0.1031,0.20279
-0.34506,0.126596,-0.10139
-0.13872,-0.0222,-0.03191
-0.14723,0.057185,0.157369
0.144325,0.126064,-0.18249
0.040748,-0.34589,0.043116
0.110838,-0.00219,-0.00875
-0.26777,-0.20897,-0.10147
-0.05921,0.210296,-0.06598
0.184952,-0.19846,-0.57636
-0.11099,0.004253,-0.19432
0.538371,-0.8287,-0.75632
0.194378,-0.10059,-0.46227
-0.06891,-0.17805,0.102969
0.428819,-0.75732,-0.46303
0.111381,-0.02156,-0.44794
0.154137,-0.33954,-0.35807
0.061055,0.069471,-0.08248
0.304297,-0.09512,-0.52512
0.065455,-0.13491,0.10186
-0.0702,-0.11622,0.044716
0.074697,-0.19547,-0.18494
-0.20091,-0.10072,0.443284
0.223255,-0.29495,-0.27336
0.070002,0.060382,-0.18299
0.149723,-0.31359,-0.33284
-0.15426,-0.0161,-0.02822
0.171378,-0.23614,-0.24026
0.500107,-0.2292,-0.48624
0.099846,-0.14997,-0.01063
-0.38767,0.179898,0.419009
0.265532,0.207516,-0.06759
-0.12268,-0.13852,-0.19737
0.153738,-0.07724,0.122626
-0.06144,0.117307,-0.54805
0.275675,-0.21557,-0.25035
-0.12965,-0.21104,0.144528
-0.48346,-0.11148,0.533627
0.320556,-0.26829,-0.00994
0.083638,-0.16633,-0.16943
0.145811,-0.22536,-0.35655
-0.17287,-0.05456,-0.04707
0.093157,-0.14212,-0.39791
-0.25609,0.053669,-0.13655
0.10807,-0.08151,-0.23736
0.690178,-0.39633,-0.62672
-0.10944,-0.05627,0.031319
0.235313,-0.4698,-0.41869
0.087097,-0.05423,-0.02195
-0.22854,0.163985,0.091994
0.151323,0.229602,-0.09777
-0.5572,0.48419,0.970989
-0.28571,-0.18744,0.07605
0.098833,-0.25126,-0.21768
0.012604,0.127384,-0.29181
-0.15818,0.141265,-0.0053
0.129169,-0.15284,-0.02269
0.083991,-0.38428,0.075882
-0.01702,-0.33922,0.099548
0.230414,-0.15218,-0.37635
-0.14735,-0.03577,-0.0027
-0.36497,-0.08177,0.007143
0.050352,-0.29437,-0.21989
-0.23898,-0.33004,0.59895
-0.12032,-0.27844,-0.28846
-0.15431,0.487497,0.13605
0.5362,-0.28075,-0.34886
-0.28949,-0.22851,0.044396
-0.31579,-0.24698,0.140829
0.027404,-0.11581,0.006279
-0.29325,0.335188,0.082317
0.078367,-0.08066,-0.03627
-0.41411,0.136563,0.386305
0.387939,-0.30185,-0.4971
-0.44635,0.279278,0.125287
0.121098,-0.10338,-0.3295
0.616597,-0.15328,-1.04886
-0.33901,-0.085,-0.01379
-0.28601,-0.39233,0.175535
0.262275,0.010282,-0.25117
0.219331,-0.14471,-0.07602
-0.21352,0.464098,0.366883
-0.13014,-0.04621,0.243382
0.020025,-0.11004,-0.30778
0.291186,-0.14735,-0.36604
-0.13553,-0.17099,-0.16724
-0.12415,-0.044,-0.01282
0.272968,-0.31799,-0.22548
0.434434,-0.33852,-0.58686
-0.44837,-0.09876,0.385582
-0.13481,-0.05744,0.322304
-0.11225,-0.15318,-0.01643
-0.37313,0.18296,0.433236
0.115423,-0.3664,0.012047
-0.35179,-0.06588,0.160446
-0.01738,0.041598,0.057432
-0.0698,0.155587,-0.09434
0.248206,-0.04549,-0.46983
-0.10903,-0.16363,0.400349
-0.10233,-0.09541,0.397684
-0.14929,0.114227,-0.21193
0.233189,-0.20785,-0.16744
0.723715,-0.3029,-0.768
0.396562,-0.17884,-0.67794
0.199474,-0.06871,0.201575
-0.08978,-0.15929,0.177184
0.054766,-0.16595,-0.06446
-0.13473,0.191931,0.31233
0.121133,-0.23599,0.131957
-0.23808,0.203786,-0.0088
-0.19397,-0.02261,0.548808
0.254193,-0.11398,-0.11201
-0.12862,-0.24752,-0.21831
-0.11394,-0.00233,0.116623
-0.00064,-0.06607,-0.24346
-0.03977,-0.02523,0.179759
0.153115,-0.14209,-0.03499
-0.12171,-0.10226,0.056085
-0.26513,0.130698,0.082196
0.478897,-0.31243,-0.7054
-0.04272,-0.01525,-0.23491
-0.48436,0.121995,1.025898
0.119726,-0.08032,-0.09515
-0.05365,-0.10499,0.044195
-0.4505,0.531459,0.230349
-0.21352,-0.04898,0.16301
0.274484,-0.30045,-0.76958
0.330183,-0.31954,-0.06452
-0.01975,-0.22419,0.122348
0.048135,-0.15271,-0.16224
0.029305,-0.20097,-0.11204
-0.5571,0.281132,0.227128
-0.19133,0.128312,0.019554
-0.0852,0.065454,-0.01486
-0.02591,-0.06389,-0.3225
-0.05702,-0.09956,0.140025
0.081029,-0.0557,-0.3268
-0.28377,0.06092,0.2189
-0.2969,0.002672,0.263035
0.120905,-0.11941,-0.4208
-0.24618,0.012338,0.594512
0.087874,-0.22554,0.003912
-0.0137,-0.19894,-0.12025
-0.22103,0.201918,0.073064
0.176195,0.091067,-0.12949
-0.20994,0.274598,0.354762
0.073569,-0.23278,-0.59335
-0.25665,-0.08485,-0.11788
0.014233,-0.18999,0.123361
0.023764,0.101443,-0.3749
0.050646,-0.14734,-0.25295
-0.3427,0.100771,0.19392
0.063578,0.058045,0.392764
-0.00689,0.047901,-0.27974
0.218741,-0.20481,-0.30354
-0.18434,0.196575,0.137989
-0.06738,-0.11841,-0.53113
-0.10754,-0.38481,0.340094
-0.02386,-0.12411,-0.21291
0.169962,-0.21155,-0.1547
-0.11004,-0.11215,-0.01073
0.29562,-0.15044,-0.26578
-0.02276,-0.09126,-0.24855
-0.13265,0.128328,-0.0006
-0.1701,-0.02383,0.174467
-0.30614,0.031825,-0.07516
0.067171,0.041812,-0.52827
-0.20471,-0.20189,-0.12676
0.011294,-0.06052,0.202086
0.034115,-0.41938,-0.15406
0.021937,0.114392,-0.49719
-0.13329,0.071423,-0.03809
0.00335,0.009438,-0.19757
-0.37974,0.068814,0.324825
-0.00394,-0.08937,0.012552
-0.01054,-0.16747,-0.02111
-0.00089,-0.06288,-0.04323
-0.25595,-0.13302,-0.01535
-0.30822,-0.20813,0.496629
0.128008,-0.27806,0.156947
-0.03446,-0.18102,-0.04437
0.136729,0.216798,-0.25473
0.102751,-0.19308,-0.12391
-0.32955,-0.17074,0.580406
0.480526,-0.23927,-0.43066
-0.09771,-0.01322,0.064895
-0.04684,0.183131,0.086601
-0.19424,-0.10067,0.042401
-0.26552,-0.00162,0.057981
-0.08094,0.352349,0.299095
-0.21221,0.158424,0.386053
-0.20375,-0.03306,0.045214
-0.12886,0.057634,0.208772
0.009651,0.361822,-0.22513
-0.17235,0.039089,0.039384
0.102666,-0.25502,-0.28373
-0.29512,-0.09974,0.123297
0.141897,0.091678,-0.05744
0.100752,-0.29201,-0.43066
0.019123,-0.26094,-0.06389
-0.17555,0.196887,-0.00904
-0.17897,0.19187,0.19378
0.061709,-0.2996,-0.09677
0.115786,-0.27818,-0.12387
-0.25906,-0.03454,0.554015
0.37183,-0.18642,-0.2494
-0.19449,-0.15168,-0.23793
-0.31989,-0.07829,0.133187
-0.0737,-0.29572,-0.24032
-0.06802,-0.23808,0.3625
-0.37501,0.181008,-0.10369
-0.1813,-0.18336,-0.00762
-0.45572,0.085737,0.290446
-0.15742,-0.23989,0.582211
-0.06135,-0.07214,-0.16608
-0.20715,0.180165,-0.04146
-0.0718,-0.08015,0.001153
-0.62411,0.34143,0.159666
-0.22774,-0.11919,0.142828
0.076992,-0.02139,-0.30271
0.013539,0.248693,-0.10358
0.228841,-0.27591,-0.15483
-0.38376,0.018799,0.345892
0.431576,-0.53572,0.041473
0.034507,-0.16723,-0.40719
-0.32124,0.015887,0.244016
-0.22904,-0.15871,0.105675
-0.39682,0.400018,0.234432
0.01482,-0.19986,-0.19303
0.079919,-0.3075,0.020134
-0.00724,-0.14747,0.040087
-0.11382,0.029025,-0.13323
0.541541,-0.21712,-0.64699
-0.1023,-0.21278,-0.30153
0.082976,-0.09453,0.157354
-0.30776,0.131104,0.082032
-0.14235,-0.12217,0.22507
-0.21776,-0.11841,0.113013
0.044256,-0.2656,-0.29805
-0.13147,0.12597,-0.0302
-0.19769,-0.12741,-0.03605
-0.16911,0.326278,0.274897
0.07823,-0.01542,-0.09569
-0.38549,0.049362,0.337921
0.144745,-0.22937,-0.38244
0.087245,-0.0248,-0.02272
0.108302,0.054569,-0.37662
-0.13314,-0.34489,0.176199
-0.23263,0.090541,0.16612
-0.43838,0.069135,0.454591
-0.22857,-0.00318,0.188588
-0.10915,-0.18417,0.288549
0.309825,-0.3275,-0.34635
0.01867,-0.15509,-0.17766
0.035631,0.021764,-0.22383
0.306891,-0.28357,-0.22925
0.018131,0.006874,0.068637
-0.15391,-0.10974,-0.11107
-0.07698,-0.10973,-0.42019
-0.09559,-0.01324,-0.04665
0.293399,-0.30052,-0.0469
0.161003,0.10186,-0.28076
-0.00902,-0.1383,-0.28312
-0.22446,-0.38097,0.35247
0.134499,-0.35262,-0.19886
-0.2971,0.052004,0.042984
-0.07738,-0.08218,-0.01322
0.427182,-0.60939,-0.47871
-0.22218,0.187874,0.117605
0.051827,-0.02443,-0.58519
-0.00319,-0.16823,-0.20651
-0.20246,0.080588,0.036017
-0.21557,-0.12676,0.132982
0.051487,0.00492,0.123823
-0.42542,0.225163,0.502471
-0.07086,0.009635,-0.3039
-0.03777,-0.25896,0.305029
-0.1751,0.104446,0.132005
0.005779,-0.36235,0.127455
0.017119,-0.24362,-0.23075
0.113807,-0.19272,-0.56705
-0.01634,-0.07635,0.079964
-0.03175,0.035477,-0.01531
-0.25936,0.127914,0.326027
0.15513,0.027948,-0.60696
0.357637,0.043411,-0.55594
0.21951,-0.01643,-0.19529
0.004125,0.111436,0.006514
-0.07495,-0.27619,-0.05434
0.004609,0.172296,-0.26141
-0.12735,-0.22967,0.205592
-0.30011,-0.01131,0.460812
-0.39364,-0.0738,0.554314
0.316761,-0.40523,-0.46911
-0.01194,0.064289,-0.18299
0.32462,-0.22794,-0.56171
-0.04069,0.177289,0.064511
-0.02655,-0.13863,-0.16124
-0.16275,0.209457,-0.0026
-0.02055,-0.01313,-0.11631
-0.08575,-0.17233,-0.26541
-0.43147,-0.03297,0.343556
0.187686,-0.22949,-0.61469
