LogOfSumRCR03-06,LogOfSumRCR07-10
1.565932851,1.453887921
1.205435352,1.179479275
1.577080961,1.148691918
0.869850535,0.92339056
0.86965555,0.869795724
0.758132229,1.169503777
1.237615745,0.925222222
1.093105834,1.336467454
1.172329833,1.165144691
1.704193305,1.464918011
0.970307545,1.465145811
0.81388636,0.553552904
1.115245917,1.262863382
0.96819604,0.789733808
0.76634909,1.332808032
0.824794321,0.972694713
1.619699102,1.341188599
0.903453433,0.610732484
0.964673875,0.960663043
1.268080732,0.960723818
0.61233223,1.019989802
0.661522381,0.904352883
0.903832742,0.728913509
1.225397339,1.147754105
0.927122064,0.791369995
1.576674704,1.529674992
0.639946854,0.525804125
1.332590665,1.242934475
0.840685974,0.864742091
1.17363106,1.513632606
0.764995233,0.759122926
0.843123752,1.155326759
0.687852912,0.729697598
0.739101628,0.896248135
0.809947324,0.833607087
1.213160436,1.042090562
1.156470431,0.940964789
1.052651556,0.658542323
0.56950939,0.63730213
1.076399854,0.793705758
0.886224786,0.86999736
1.254696037,1.108973542
0.811086075,0.964367529
1.327775749,1.327551156
1.568572475,1.581705153
0.440999005,0.406860836
0.594624125,0.792886272
1.231074177,1.143735646
1.124735777,0.840925105
1.32578488,1.15749252
1.114991931,0.960440453
0.777284766,1.128522589
1.313103951,1.221055614
0.696493622,1.179177399
1.257737285,1.342213933
0.670296225,0.733575982
1.28210371,0.915878515
1.36691771,1.295324182
1.850372972,1.653037794
1.224236868,0.812491817
0.897222098,1.047537053
0.999130874,0.841140921
0.940728367,0.566140431
1.15940653,1.084153152
1.010205016,1.092874647
1.438957653,1.219007772
0.709816356,0.575107899
1.106003023,0.8293667
0.896585359,0.834558537
1.031459238,1.008579101
0.971231577,0.976971019
0.968826488,0.701219181
1.179036956,0.891356639
1.348255983,1.397534811
1.758759162,1.690523082
0.408912624,0.644621231
1.379748004,1.146699763
1.283940547,1.146660136
1.143214804,1.205096875
0.455076027,0.620414589
0.56981614,0.588265097
0.842198108,0.375507187
1.46938751,1.875329226
0.91319366,0.449178402
1.470573199,1.300792103
1.950738721,2.031260443
1.025405212,1.308518374
1.071134648,0.92438949
0.939640591,0.978914486
1.383540723,0.786369381
0.823202829,1.521745367
1.395060045,1.392402409
1.229061956,1.5869302
1.025318581,1.126626265
1.046664118,0.782666422
0.980182972,0.671376414
1.292438339,1.500775898
0.887629712,0.814052653
0.768285837,0.839966152
0.759262927,1.446617699
1.032241269,1.613667282
1.459092096,1.490686889
1.03021669,1.068352105
1.332214353,0.875878324
0.982118881,1.013870644
1.006944929,1.157826511
1.278080526,1.394345245
0.881837106,1.069131146
0.696688392,1.168066381
1.044448734,1.343347698
0.813299187,0.68464118
1.863924524,1.072727395
1.229823294,1.124085118
0.551844466,1.318786031
1.215216393,1.377906229
1.208256152,1.100957515
1.069877606,0.722928367
0.7180633,0.775415463
1.025694369,0.770808151
0.714506761,1.649616924
0.885650504,0.886528221
1.295717738,1.302438429
1.524489644,1.044754323
1.311532736,1.368020344
1.429043794,1.349804371
0.724693821,0.540347965
1.200184938,1.393420803
0.757677647,0.8616159
1.061054537,1.276653189
0.458191767,0.448543551
0.976686698,1.069237758
0.840761271,1.07013583
0.969563498,0.606035395
1.099793685,1.205251289
1.239427744,0.99108409
1.114128999,1.052821902
0.484048653,0.60676933
0.758456473,1.207199393
1.180541976,0.990726794
1.28836052,1.375441673
1.199468204,0.988091925
1.151167591,1.203311419
0.963893759,1.216570854
1.286810605,0.999825527
0.950866228,1.075415351
0.805555053,0.74440021
1.049259103,1.213481893
0.188488021,0.53840135
0.521980836,0.705141116
0.903042496,1.310726652
0.798595952,0.8690004
1.172984005,1.244382022
0.705096719,1.03827564
0.960060634,1.126926923
1.410893831,1.537566971
1.218107271,1.03395037
0.565152381,0.260963975
1.276879744,1.186411566
1.198354512,1.040359983
0.820393831,1.055908917
0.676791862,0.62889217
0.767630873,0.572329722
0.93891577,1.430302765
0.947715841,0.839602197
0.813572106,1.090163019
0.69144364,0.79272872
1.217499402,1.030256642
0.980673478,1.155154334
0.842615227,0.753771009
1.000821379,1.26807469
0.877010758,0.683632407
1.022822111,0.676735406
0.616709437,1.691578503
1.058625585,0.893548255
0.752552601,0.961727908
0.782020994,0.651196923
1.160329762,1.624220176
0.849231463,0.784956899
0.658205472,0.536152664
1.061427345,1.521604985
0.500015178,0.98361095
1.582151508,1.231581423
1.101117766,1.282456702
0.319032893,0.779002268
1.004619833,1.234571636
0.862632332,0.916020984
0.762290021,0.715806679
0.576468366,0.76684905
0.665654485,0.640405496
0.61980306,1.148225375
1.506175423,1.624545806
1.065415473,1.061784707
0.749284089,0.946261723
1.048382375,1.063289585
0.877705087,1.141493607
1.913946814,2.068748643
0.986774898,0.652821611
1.041466793,1.080031192
0.865662585,1.529333027
1.075171912,1.209541704
0.835706113,0.717299192
1.020545726,1.477117768
0.831558907,0.738800864
0.828128645,0.635464775
1.027986056,0.835831075
1.294883887,1.475834322
0.830787649,0.690473699
1.355452017,1.346355197
0.969757848,0.833558873
1.16364676,0.887088804
0.992551082,1.121602547
0.882597433,0.885385159
0.625872667,0.611841025
0.290348529,0.558956806
0.922886726,0.927965658
0.690823802,0.561411184
1.070529623,0.798357591
1.109834401,1.691296292
0.948234585,1.102087853
0.786869867,0.984423648
1.244441128,1.13237336
0.841897273,0.873902705
0.951245155,1.10512423
0.985412674,1.107724744
0.786511053,0.644477248
0.972457806,1.186093021
0.909136299,0.91960075
1.24542859,1.558809946
0.569201284,0.570072762
0.890901486,0.985888365
0.506329922,0.561691861
0.611427595,1.109958039
0.287367168,0.533917922
1.305415973,1.315298069
1.275677744,0.651464306
0.906159702,0.891345844
0.806363865,0.879364548
1.36281309,1.149258377
0.770917218,0.751582793
0.942374797,0.546041853
1.404275761,0.901621749
0.783246644,0.698734727
0.721196231,0.903396675
0.390009664,0.433622749
1.016894083,1.167846442
0.788979157,1.282415543
0.95147687,0.967526105
1.087801851,0.685527944
1.091257062,0.676537142
0.820957974,0.80781601
0.667349195,0.398537882
0.71395483,0.483873923
0.81660494,0.703686682
0.876872748,0.472933618
0.962967087,1.151419335
0.821682654,0.903857134
0.382006923,0.771698827
0.368623333,0.937345726
0.664968744,0.602415496
1.047901377,1.042289586
1.439974469,1.582685217
0.958135113,0.441401114
0.754222403,0.74341288
0.976177385,0.795443952
0.650870811,0.822688477
0.999187022,0.846475423
0.905354027,0.897927619
1.214332685,0.976357756
0.755644711,1.036921718
1.011987309,0.865712325
0.922063083,0.825712453
0.82694751,0.549378086
1.540605113,1.923916707
1.067925668,0.207352089
0.997059301,0.88988134
0.534521118,0.680618661
1.05650222,1.070557911
1.193579045,0.707438817
0.992041569,1.221035523
1.283055146,1.419462895
0.93061179,0.671833264
0.86645917,0.735819721
1.226440333,1.424626431
0.585959435,1.232256616
1.217286358,1.055111588
0.684977648,0.539951521
1.00448987,1.097775209
1.773965033,1.709413682
0.570999283,0.818111307
1.221285343,0.986481101
1.063255288,1.041787639
1.319501232,0.774037627
1.605814643,1.37727503
1.067884871,1.174002315
1.098062674,1.163967719
1.368476196,1.31083105
1.287049525,1.348997619
0.562374051,0.679303765
1.003254223,0.878600724
0.988543954,0.52926596
1.498598653,1.74321348
1.003106478,0.50100136
0.446878874,1.194405595
0.765032596,0.78246615
1.322529694,1.045013351
0.623008782,0.408440227
0.29801574,1.108181032
1.006238954,0.853186305
1.11541347,0.964084406
1.391502218,1.314213829
1.280329072,1.249410671
0.972058546,0.836503912
0.969481111,0.725653919
1.008007263,1.109418922
0.51950718,0.783319989
0.731099145,0.600868521
0.518082413,0.784914246
0.858535022,0.406704492
1.092405522,1.151899834
1.154394433,1.399341232
1.308907098,1.183237349
1.023498959,1.437322264
1.266586534,1.067551015
1.70333656,1.438108167
0.688724006,1.016398357
1.076571328,0.718193469
1.149196688,1.308784141
0.889353767,0.681745263
1.299932463,1.039010809
0.848590334,0.848562641
1.153344492,1.15555211
0.813643743,1.231807696
1.127700178,1.527246757
1.270338283,1.442615049
1.674542059,1.772511458
1.0149817,1.097806643
0.77784099,0.767436694
1.328138774,1.335416061
1.209727045,1.041986202
1.070028616,0.682706365
1.832373968,1.627392016
0.638669483,0.565542419
1.216991198,1.188197156
0.832546821,1.113472614
0.621638031,0.391999361
0.771181344,0.985851757
0.695206335,0.707072217
1.006598988,0.730343841
0.13909497,0.544096275
0.922317359,0.935391441
1.153160271,1.197536328
0.89055643,1.523338583
0.770903722,1.035671818
1.065299595,1.360060261
0.767092834,0.752350868
1.334299835,1.474147311
0.736957824,0.597621936
1.71788512,1.930525472
1.603924075,1.225230565
1.726802851,1.410541641
0.974060549,1.159295275
1.193195469,1.317209836
1.644546249,1.425001133
1.379203491,1.172462084
1.239258107,1.012548237
0.900316921,0.549335066
1.297964998,1.10708027
1.346484553,1.242369115
1.225172221,1.118190958
0.862850828,1.03685545
0.593394299,0.681086666
1.416739164,1.520028135
1.386664461,1.756006431
0.529854298,0.397138593
0.894404775,1.036889153
1.121177718,1.524168089
1.181264574,1.039174971
1.879900587,1.676223339
0.9096145,0.824967366
0.857387201,0.875315629
1.368439125,1.241239093
1.061708684,0.876056285
1.114659707,0.918174809
0.784573492,0.442093056
1.246680944,1.727321467
1.374144308,1.357874899
0.52057273,0.930215292
1.128748159,1.254667426
0.989791311,0.786088907
1.210849773,1.337403942
1.511941813,1.372715703
2.079214693,1.627133698
1.172724615,1.505600032
1.778454491,1.673491436
0.605073782,1.073130618
1.377186879,0.651987955
1.11918781,1.061342369
0.489171891,0.445464299
0.656283892,0.669106226
0.997649881,1.122033037
0.987870095,1.161000224
0.547174641,0.613441778
1.40212649,1.803368662
0.865184213,0.867844138
1.074236879,0.884904458
0.717594906,0.409025759
0.544715635,0.830440036
0.810531185,1.117257114
1.342734795,0.528331354
0.866453958,0.777651329
1.104775691,1.047846532
1.161790205,1.101639931
0.792371829,0.720741773
1.022330098,1.106567692
1.194829844,1.156196823
0.626738892,0.889891426
0.629598202,1.635067926
0.962410605,0.419752571
1.104480064,1.352876802
0.763747732,1.364046147
0.954666569,1.096135108
0.650645246,1.051132918
1.611690153,1.319645869
1.298477789,1.189187273
1.026357525,1.105805633
0.966104931,1.536725474
0.804228342,1.039243865
0.813869712,0.836204212
0.763454714,0.653160037
0.825352794,0.710309587
1.279779373,1.416740833
0.969219597,1.095624665
0.493113114,0.907124351
1.180634865,0.867276917
1.35819919,0.954799326
1.120531524,0.950468418
1.896648868,2.237642021
0.904824146,0.787250886
1.120995243,1.106929392
1.170502471,1.15187202
1.376103591,1.476406181
1.501741273,1.312257684
1.224097912,0.910859208
0.62101697,0.976991587
0.730823993,0.587397849
1.753104475,1.624015426
0.287389041,0.524185801
1.116879475,1.151084413
1.538227786,1.50680675
0.845321782,1.364255115
0.820620556,1.046022977
1.626339017,0.543443503
1.014273165,1.250713464
1.187310436,1.472882259
1.31587704,1.252787399
0.547394017,0.950885352
1.252623343,1.124529282
1.297265672,1.075642308
0.464754996,0.877587216
1.055181626,1.155440487
0.488982248,0.500606571
0.657459694,0.968582719
0.759416904,0.748468625
0.952543195,0.851947718
0.601994863,1.344607581
0.885501483,0.990520235
0.782940136,0.585353514
1.08277677,1.129265461
1.02856757,0.86643287
0.870524677,0.646085384
0.68266611,0.654368049
1.182156281,1.377422576
1.649903774,1.459798353
1.649922803,1.87179674
1.088031453,1.211232425
0.912303274,1.482826957
1.732851227,1.323393917
1.135175938,1.389461662
1.128775794,0.970261341
1.467869241,1.382931732
1.773905473,1.793813884
1.781712179,1.309383645
1.073699782,0.606623022
1.336190789,1.276818413
0.575453519,0.619463562
1.439003841,1.639955499
1.102312865,1.103131501
1.447192577,1.436689517
1.190151756,1.179945046
0.936402012,0.904852455
1.167740912,1.265199164
0.927995325,1.094285802
0.932395456,0.606485845
0.96699992,0.995352375
1.044515398,0.913116043
0.875220301,1.267311902
0.315120559,0.479676993
0.839860374,0.796679581
1.260038564,0.886206638
1.419992601,1.120205967
0.955795967,0.653397106
1.424478762,1.407762846
1.117234859,1.037883766
0.947332224,0.900411347
1.132568267,1.17496549
0.844737378,1.329345911
0.89158683,0.734159027
0.620633886,0.297651623
1.075978569,0.864929549
1.228650936,0.985263072
1.029032185,1.121197541
0.467600797,0.651593014
1.038528221,2.114567164
1.320964492,0.746901249
1.570890774,1.513447117
0.796263333,0.808103658
0.647637439,1.014207633
1.016066459,1.226154993
1.229917756,1.101500943
0.939411721,0.838443433
1.237910165,1.386467315
0.543026093,0.594589047
1.056782803,1.03578746
1.380685483,1.235404014
0.785373126,0.893891115
1.096953101,0.991068784
1.388738027,1.343424235
0.942302687,1.166293021
1.040113623,1.35971197
0.73001235,0.70688878
0.839592066,0.887555452
0.933434692,1.27994037
0.819937207,1.03097165
0.733449527,0.51593148
0.659270472,0.646977708
1.209814647,1.32090816
0.622943046,0.573118959
1.269413725,1.524008528
0.371120369,1.28841621
0.685609386,0.967189294
1.061030483,0.819026336
1.501755253,1.160488933
1.360892636,1.522841216
1.165037149,0.974906357
1.168254834,1.227624104
1.648162784,1.201433265
0.570927687,0.409445118
0.717755852,0.66109893
1.364358511,1.839811332
0.704299938,0.221825445
1.077522742,0.830570785
0.482165014,0.492335546
0.706378119,0.617230681
1.038934225,1.147650412
1.211378033,1.51494818
1.756937825,1.860064677
0.890782853,0.39089144
0.865968968,0.90984949
1.650583229,1.331538184
0.765003124,0.794519373
0.875612331,1.179956568
0.744936119,0.878089121
1.204807775,1.153729964
0.958905089,1.000266746
1.655792881,1.159563798
1.199326343,1.219906329
0.90205098,1.21829566
0.964258777,0.521983173
1.329758671,1.379762776
0.908235438,1.150992317
1.106129081,0.783846934
1.26977435,1.018169773
1.060688604,0.8599884
1.578666449,1.318772962
0.743073642,0.635160569
0.914208142,1.067987459
1.176690167,1.087522877
0.608096918,0.904843828
1.175044726,0.816717954
1.193730284,1.312653106
0.855941457,1.070153693
1.242473319,1.289904288
0.885752916,0.907020878
0.762367554,0.714219705
0.828478405,0.418899825
1.45923527,1.538649851
1.0747498,0.642995059
1.121009326,1.467281468
0.831600621,0.731254489
0.978331294,1.270020513
1.115125888,1.025910694
1.159349351,0.804966391
0.845382801,0.428076697
1.122560797,0.818193166
0.565473132,0.798582647
1.118980069,1.012393155
0.943729708,1.019394348
1.372249765,1.758530828
0.785407504,0.617872418
0.887546894,1.376239151
1.178930828,1.394400598
1.536199792,1.534205057
0.803613216,0.669459559
1.030322878,1.144059709
1.82660323,1.406913683
0.994273826,1.682596815
0.508194142,0.695948302
1.158840633,1.16860364
0.713021092,0.928451375
1.239813064,0.599036953
1.060384437,1.186768396
1.196302676,1.1666837
1.201035189,1.172043095
0.508984359,0.604799076
0.65154618,1.455760356
1.116914826,0.258372761
1.052585131,1.186588327
0.851006377,0.540862708
1.057614793,1.193660589
0.249129781,-0.034548456
1.000526342,1.112714502
1.130700414,1.343090886
1.270929836,1.340665559
0.719984241,0.898754323
0.777775033,1.009422668
0.30949357,0.208066635
0.773450499,0.945568159
1.212779178,1.483120094
1.169321066,1.355105658
0.751325929,0.915492808
0.62877944,0.846468198
1.348765328,0.995632109
0.707031324,0.304571451
0.92553964,1.11356862
1.046635823,1.419161217
1.734913384,1.581018041
1.104970712,1.62677299
0.945889983,0.938131552
0.712896727,0.934319194
0.467460017,0.561782001
0.927493895,0.613377656
1.811857946,1.528007474
1.122963779,1.07293009
1.436722973,0.387734976
1.085043599,1.32993053
1.245367174,1.300909481
0.559879721,0.619010433
0.914457406,0.938039368
1.917102552,1.545056231
1.195247728,1.052372904
0.823760977,1.231371744
0.981826675,1.632279875
1.958702671,1.941816314
0.977933828,1.107440079
1.278701623,0.811025022
1.157829432,1.0084519
0.468820968,0.084774095
0.759852828,0.723855626
0.664525665,0.635061202
0.796232149,1.422523916
0.84207966,0.521832234
1.429922435,1.130761591
1.296649019,1.020818475
0.660132489,0.630413899
0.799291423,0.729135142
1.087874325,0.941512517
1.110949295,1.22931746
1.455711679,1.196361714
0.991897865,1.114551915
1.316734837,1.363316248
0.862590677,0.858807899
0.857635598,0.727147921
0.91400195,1.0387875
2.045285371,2.284098756
1.118374228,0.855870507
0.660219326,0.503803445
1.226558274,1.20754164
0.84353783,0.970487718
0.867184918,1.01740768
1.118038174,1.243643255
1.017079527,1.503694869
1.081005341,0.612537133
1.726242923,2.017487965
0.692945617,0.785616607
0.717537855,1.1618856
1.0503396,1.164000842
0.562142777,0.725203026
1.032783771,1.037379144
1.221767293,1.128148291
1.220939677,1.058813537
0.869216107,1.355623845
0.540294084,0.306402814
0.670463074,1.088362992
1.004888567,0.998889314
1.254838284,1.501824598
1.898120118,1.451455232
0.814330924,0.651036085
0.895063029,1.026147871
0.787538517,0.59038957
1.518595441,1.680891389
0.990215701,0.927969799
1.08270972,1.038747801
0.753451868,0.764449495
1.254198349,1.517921854
1.300739093,1.456356275
1.057655719,0.671040791
1.183526557,1.049887428
1.899672191,1.625122131
1.269574788,0.775646017
1.342019134,1.36298008
1.05035238,0.797374805
0.861169933,0.603932721
1.221804529,1.210750661
1.062259635,0.910629919
1.272872263,1.020020375
0.727627164,1.038833692
1.125319274,1.032339402
0.951609301,1.030515961
0.970801081,0.827345086
1.178093246,1.151918672
1.086476426,0.912067984
1.312682379,1.191412603
1.89032956,1.757943671
0.80355256,0.983063721
0.685285174,0.558160676
1.097811276,0.647490298
0.876044675,0.820487793
0.743792041,0.831363233
1.060393726,0.770490969
1.393743691,1.267966378
0.531746899,1.263966991
0.653113405,1.139456729
1.209284963,1.373126319
0.931864062,0.78314447
0.910947039,0.578627934
0.596105231,0.757077497
0.66816172,0.561381114
0.937999458,1.101711329
1.10379284,1.451250711
1.426506006,1.482583022
0.839214552,0.542319429
0.558025862,0.564785966
1.320750738,1.006680184
0.413029877,0.472193593
0.958862514,0.446343536
1.045312804,0.858149126
0.879847966,0.746356353
0.820614155,0.944551176
0.975935291,0.586154522
0.665466969,0.609749729
1.145942326,1.484230484
0.986287313,1.251407165
0.79982777,1.023194238
1.628113059,1.132506297
0.776957416,0.920823338
1.252177153,1.118158577
1.14075038,0.829597387
1.371080131,1.295710337
1.450669092,1.567960573
0.805901497,0.592790928
1.079922131,1.012787796
0.987221048,0.867486338
1.224424856,1.225545515
1.03991076,0.943145931
1.043543141,0.92442778
0.871838523,0.930317674
1.122461583,1.14892473
1.378590597,1.121043523
0.860451671,0.760412818
1.292032574,1.160955917
1.023718529,1.082476588
1.452935179,1.07137834
1.372482701,1.346155817
1.288503681,1.854825623
0.735061997,0.941692389
0.755200719,0.869662146
0.776225819,1.363339254
1.138821964,0.745380131
1.411281709,1.425960484
1.141515029,1.078580877
1.046452186,0.771857391
1.322209525,1.251101353
0.768834308,0.919062281
0.570222274,0.346052172
1.278258071,1.116000396
0.319485652,0.868352539
0.349115781,0.837892996
0.78610364,0.995735942
0.738246886,0.807864142
1.061947133,0.878348879
1.005061841,0.792165888
1.564822549,1.700637574
0.949211703,1.054743618
1.480081628,1.352002139
0.712404067,0.691305727
1.092176492,1.021003749
1.787824224,1.55100642
0.756085767,0.399635857
0.939530909,0.992727748
0.80060579,0.790985758
1.389695664,1.55958677
1.673135687,1.820832386
0.985157163,0.686962777
1.461573813,1.063816003
1.035573577,0.710142354
0.832369966,0.548489581
0.586987658,1.106444983
1.360467078,0.790676036
1.093714359,0.795705164
1.04717139,0.546522909
1.096139259,1.347518321
1.747085313,1.707419224
1.173349178,0.484637592
1.13431834,1.127178459
0.768767352,1.179191467
1.182706647,0.971174342
1.062568338,0.677357296
1.3277573,1.309567551
0.80345129,1.029422079
0.985241087,0.28233217
0.621383715,0.657373872
1.163982861,1.206784616
1.294727743,1.150573189
0.912339501,0.848204664
1.340440139,1.3821525
0.631291461,0.988889705
0.634936602,1.15047416
0.853298528,0.992170018
1.236624798,1.01830078
0.588195352,1.380572033
1.045209193,0.557997156
1.042357925,1.080649123
0.838417239,0.781782015
1.065571758,0.772449461
1.493594393,1.46642908
1.299433442,1.486939117
1.095691175,0.667982762
0.306392979,0.851596318
1.061014573,0.69257642
0.887979252,0.791676582
1.193132336,1.307359412
1.050186709,1.047007573
1.222479669,1.079292543
1.008835998,1.741363288
1.084902371,0.975213567
0.850932142,1.124703323
0.581235516,0.471237959
1.382979604,1.015697001
0.99846079,0.963443659
1.820294854,1.403601478
1.306399537,0.909739631
1.314120244,1.151725175
0.788712084,0.721861092
1.075135349,0.906436534
1.568095044,0.891126384
0.794829599,0.753136502
1.523008006,1.564538962
1.347169454,1.356385779
1.268820584,1.523397121
0.819133192,1.193011388
0.779858668,0.835978154
0.641946306,1.076082375
0.985300326,0.76843149
0.724956464,1.027744463
1.639844769,1.668664105
0.854111643,1.018741907
0.775928225,0.717148871
1.566153084,1.383785223
1.067736877,0.782105524
1.038264703,1.44495175
1.420350993,1.353987251
1.016127103,0.771037315
0.919165247,1.047411181
0.419588989,0.889135379
1.224689529,1.547396728
0.719598962,0.679241025
0.680189097,0.768944963
0.97432039,1.282859846
1.507594215,1.157052898
0.959923384,0.79940927
0.777923772,0.936519899
1.265949786,1.528649767
1.320558454,1.453102844
0.576633704,0.888750896
0.368748257,0.76598361
0.960640333,1.169675645
1.035004033,1.17792444
0.750386479,1.032020661
0.895406994,0.062152301
1.011072246,1.249283796
1.620223228,1.364543288
1.303257136,0.922257499
1.199595241,1.103110423
1.012826855,1.068946679
1.862539584,1.627958107
0.685545953,0.435653233
1.092995816,1.344901127
0.999111151,1.351209095
1.169661065,1.275885982
1.165473614,1.379563318
0.964762244,0.993910094
1.39703893,1.086495379
0.539172286,0.33407157
1.643273064,1.357560344
0.832813678,1.176649949
1.170231135,0.91446615
1.886971859,1.785738513
1.18261306,0.960710364
0.962536261,1.390586788
0.975023814,0.636602851
0.698380801,0.672586521
1.251780791,1.679836609
1.12594237,1.179393937
1.508849261,1.088150396
0.68922937,1.253227417
1.006630804,0.664287945
1.042657247,1.190928841
1.111942511,1.33182747
1.349339816,0.793111426
0.61474105,0.78884242
0.596230573,1.025411432
0.854510073,1.16751108
1.517265572,1.96412725
0.768667984,0.713873264
1.288473571,1.448733728
1.333145353,1.356283239
1.185878194,1.478055323
0.832079784,0.9413422
0.663220216,0.576780656
1.519136207,1.648984355
0.947438489,0.870603476
1.417622929,1.125564746
0.736173342,0.896762046
0.766473028,1.297270117
0.905448421,0.779379494
0.996718997,0.780055666
0.926403423,0.799262429
0.678428785,0.741865897
0.896021106,1.121597655
0.776266298,0.846315727
1.918496534,1.60555844
1.093742694,0.946123464
1.712499773,1.380033411
0.492367373,0.820769346
0.726274528,0.626818451
0.994847587,1.054759121
1.942518826,1.703435327
0.908750135,0.551319901
1.176624067,1.232552702
1.427752875,1.153705998
0.543439012,0.999518218
1.256643125,0.91539362
1.061417978,0.989168638
0.540588517,1.044052029
1.119891763,1.228735132
1.315833762,1.138825744
1.230936418,1.228551513
0.642280887,0.970964763
0.628787273,1.230705615
0.760886025,0.605104046
1.490968867,1.488371808
1.236247471,0.599562798
1.058479944,1.003077789
1.499290225,0.866981959
1.669456595,1.576885233
0.40502368,0.923775733
1.010801568,0.953954403
1.122140511,1.101047368
1.093167455,0.920594966
0.894650813,0.995610053
1.159754263,1.01358947
1.252125203,1.596257834
1.367641766,1.067544233
0.926180507,0.990996158
0.543134758,0.880471472
0.623843568,0.99381138
0.645115639,0.580170052
0.87096274,0.952736479
1.409899045,1.311004476
0.818074585,0.451882136
1.092413863,0.555020307
1.567505753,1.3255378
0.954386565,0.621137936
0.912793237,0.987385183
0.63511391,0.978352285
0.662826223,0.96060546
1.536854503,1.253952162
1.578541138,1.48568699
0.560787439,1.072963804
0.885073918,0.897908353
1.113224711,1.211153473
0.881611648,1.461820725
0.776505262,0.554818363
1.21923439,1.171314406
1.338388997,1.551367081
1.055239649,0.904198208
0.843091864,0.852353615
0.82512621,1.324087374
1.451410706,1.496059542
0.671647843,0.450276588
1.087822127,0.88525529
2.022472336,2.217739909
0.421691529,0.690585116
1.149183558,1.209565609
1.148665926,1.571731686
0.466946289,0.735825364
1.458686075,1.482849219
1.083205645,0.939182375
1.091404166,1.095159244
1.154431397,0.630465077
1.404406168,1.668591311
0.538981361,0.877540662
0.622615064,0.59380415
0.696599999,0.993220803
1.44846771,1.395821091
1.30867207,1.44741995
0.565213509,0.749254037
0.973580871,1.234430738
0.946946898,1.434016523
0.917553031,1.236324819
1.110086454,1.398878912
0.879497448,0.911433834
1.422198951,0.567397631
1.423355153,1.748316362
1.144058435,1.023740443
0.96933484,0.613680115
1.278273528,1.538364017
1.069856441,0.840132764
0.992845354,0.950581145
0.926786727,0.946985412
1.040431852,0.688224175
1.071971517,1.055338558
0.679950664,0.767125044
1.187031108,1.532483305
0.635235394,0.783327073
0.945901653,1.147443616
0.94089335,1.088214711
1.409044002,0.76604577
1.652270378,1.46448879
1.049614871,1.182799362
1.386911375,1.352916603
0.373249858,0.599831237
1.283257212,1.585985189
1.17836729,1.427310958
1.424819032,1.4056231
1.036604424,1.109985541
0.645358762,0.034470676
0.930417815,1.044972234
0.619574414,0.797043422
0.799365119,0.973760265
1.234996624,1.100055946
1.187218365,0.848710198
1.20091679,1.210726104
0.847729318,1.148292333
0.504286572,0.545265366
1.029799764,0.501767888
0.320469435,0.765187923
1.617628617,1.343755403
1.230525417,1.472158032
1.140225524,1.189993389
1.304615714,0.775368733
0.70238429,0.354141864
1.159986275,0.772175032
0.773719708,0.846975733
0.631306764,0.518914454
1.342015678,1.246251945
1.144337738,1.117667274
0.814579656,0.987050014
0.832390702,0.648145805
0.577716488,0.758213819
0.25439824,0.521033833
1.42679436,1.317358228
1.003896306,0.772589774
1.57086559,1.638185589
1.263836449,1.034134051
1.088327614,0.777254376
1.467078923,1.571435807
0.576600216,0.501475981
1.32467948,1.399612203
0.224353309,0.882578069
1.452767229,1.460982762
1.487277741,1.329457863
1.225954588,1.334791433
1.247511854,1.116370512
1.099358594,1.338189225
0.758926255,0.621860622
0.649343465,0.553563969
1.49050467,1.454295192
0.779992295,0.659228943
0.481051673,0.600002681
1.11928997,1.327992114
0.785765344,0.91889022
1.111658482,1.147241983
1.141571879,1.095558577
1.111857538,1.052968318
0.947557553,0.700672338
0.683876682,0.734419831
2.192566719,1.706848283
1.298212241,1.324968355
1.153075054,1.378955817
0.908917733,0.982541925
1.081144922,0.91919734
1.49578942,1.475596845
2.139345553,1.903197312
1.196866322,0.76104623
1.18043822,1.247361423
1.281165786,1.091010533
0.743960608,0.795957079
0.81014331,0.551587704
2.012809863,2.062168544
0.735814804,1.252521665
0.97787067,1.405774196
1.082235233,0.55899294
1.319660291,1.300946036
0.623498594,1.057234263
1.020482341,0.577670429
0.786401028,1.234070447
1.258340759,1.052727129
1.098188991,1.275893494
0.968169183,0.884262386
1.347159771,1.472191674
0.863706677,1.030660501
0.714726472,0.780705608
1.078470446,0.89933453
0.815146205,0.776413282
0.680407828,0.869077379
0.654018224,0.519433859
0.747913637,1.156044799
0.880984057,0.933928686
1.396088283,1.122968026
0.454784008,0.967985475
1.059107876,1.105431018
1.575828043,1.256388452
0.85808357,0.818291124
0.818862581,0.938591978
0.947890851,0.825269989
1.292013333,0.966626606
0.854520267,1.022318921
1.521166063,1.349001725
1.1267347,1.132408275
0.839698991,0.642790504
1.541125508,1.048236564
0.980970303,0.899632899
1.157291058,0.859404731
0.788312175,0.705234535
1.14218062,1.525476888
1.186588058,0.631429512
1.114600561,0.548911953
1.15933688,1.216718397
1.101186509,1.281915249
1.011861988,1.455323451
1.035671971,0.725791046
0.843021933,0.769422836
0.711197861,0.490764757
1.621666364,1.286368521
0.889651684,0.477786948
0.982944004,1.430800372
0.936789071,0.951057489
0.91738449,0.74649713
0.909636236,1.125286288
1.141444815,1.502283099
1.181267862,0.695343755
1.239563853,1.129985835
1.475446311,1.039868697
0.894879284,1.316836338
1.307356752,1.045991593
1.865547359,2.106959707
1.686195037,1.405429176
1.381391411,1.243153304
1.766282959,1.165153901
1.047375681,0.906191456
1.013689721,1.187906064
0.570039715,0.332908909
1.692002965,1.227773797
1.340128282,1.503556136
0.973762632,1.133161566
0.645590421,0.420544343
1.169493033,1.45722593
1.170242021,1.205799666
1.128681868,1.145494268
0.805626035,0.900221667
0.871477266,0.668432921
0.760665121,0.617752983
1.394966018,1.63576583
1.055114075,1.416404773
1.163895314,1.062501579
1.121872841,0.750180736
0.790601913,0.942626207
1.106271004,1.131095969
0.825040427,1.049673764
1.374889214,1.904085616
1.092971902,1.103437991
1.287838148,1.005678761
0.638718826,1.060901612
1.238254283,0.75770026
0.985545759,0.914263669
0.413636206,0.418919685
1.132805091,0.826702641
1.024486939,1.16568465
1.185717767,1.224631203
0.305416513,1.040662999
1.318459948,0.90853939
0.668473561,0.818968246
0.841718451,0.921464169
1.289369966,1.330636114
0.553610872,1.050318326
1.017288666,1.028507216
0.734899365,0.843503898
1.011612008,1.057535697
1.048125439,0.775881168
1.607042167,1.636508841
1.019394014,1.005926526
1.060543699,1.39654176
0.708903376,0.977416387
0.898363629,0.845871156
0.813874365,0.81155486
0.828515838,0.598244535
1.546957586,1.26410809
0.595718308,0.551190033
1.050218013,0.689937715
0.913307044,1.303190807
0.688788323,1.030979858
1.073652959,1.045472142
1.583050832,1.288360906
1.349931199,0.999633706
0.72723242,0.688285387
1.151988987,1.421259077
1.290601743,1.229916163
1.01129358,1.029955573
1.093157093,0.951034865
1.017202067,0.837276163
1.018513327,0.594116853
0.701354292,0.98757618
1.253932894,1.214209908
1.296010072,0.907936436
0.926268448,0.686729396
1.483667228,1.557403531
1.168937681,1.473205011
1.098034161,1.171501303
0.899751924,0.610605985
0.69665245,0.949690545
1.072235391,1.167390086
0.782760483,0.955056067
1.168713835,0.777806617
1.175675568,1.045569761
1.078854158,1.308121243
0.673807376,1.239399781
0.560429015,1.012490524
0.735401346,0.524508065
0.810712791,1.012902935
0.79041062,0.446722008
0.849074623,1.355172669
0.895353306,1.131174056
0.768493173,0.908056496
1.257256637,1.267909711
1.057941269,1.419748853
1.34236168,1.257227862
1.429134222,1.30474859
0.814439732,1.274977365
1.082618998,1.288199423
0.785980305,0.926908832
1.457872597,1.203192988
0.838419067,0.738701656
1.903556009,1.404100938
1.265715269,1.042656084
1.097477077,0.782813265
0.77422892,0.883015257
1.453814391,1.194246598
1.26837373,0.968893628
0.863002372,0.780847315
1.75621444,1.803989845
0.916791875,1.196316961
0.395102487,0.407766727
1.023923795,1.179872278
0.759517836,1.023057313
0.755320443,0.897059656
1.029283763,0.88359199
0.355723765,0.517863799
1.044249076,1.419227434
0.902170602,0.776151725
0.530886297,0.885225382
0.893417646,0.954292596
0.525205264,0.3799703
1.518095053,1.729162172
0.964882261,1.055763809
1.128458994,1.319154847
0.366377709,0.628438266
0.967781967,1.040383687
1.408849835,1.433536354
0.575171088,0.843676851
0.885318699,1.071193326
0.863924227,1.11654609
1.375005204,1.650903923
1.069876873,1.379922789
1.4069159,1.583240363
0.761772509,1.072961531
0.770912641,0.69039089
0.593770867,1.076684261
0.928763419,1.385023221
0.789530996,0.651365429
1.049987935,1.333589755
1.2464087,1.140066572
1.07908681,0.77627525
0.950327014,0.936332326
0.99273548,1.21143112
1.519984366,1.118123259
0.728543828,1.264132015
0.862142095,1.146869551
0.611948057,0.716202945
0.635115705,0.837278997
0.519712532,0.602485355
0.787328467,0.999601212
1.729477991,1.720384307
0.981868006,0.578362035
1.385699353,1.098593103
0.880002945,0.983505898
0.917035626,0.882491864
0.991121887,0.8023496
1.108302286,0.94102282
1.171380387,0.835403548
0.752772911,0.96823368
0.807331262,0.606364195
0.670851804,0.86881597
0.875098617,0.694795684
1.389410163,1.555106261
0.671702154,0.816224489
0.782235375,0.566915374
1.245293023,0.939071478
1.513574359,1.327241593
1.14143451,1.352645812
0.771758426,0.599392886
1.739835903,1.61940633
1.017426022,1.003472441
1.24704929,1.225614766
0.822153952,1.271413303
0.742631627,0.734998977
1.380441328,0.792323228
0.826305536,0.862146316
0.829018679,0.933084315
1.037206099,0.961510265
1.469106729,1.190842812
0.858070038,0.772416389
0.840229886,0.991174609
1.28726135,1.144877902
1.221280797,0.993082711
0.6604395,0.789257234
1.556105959,0.737644219
0.850341438,1.004676426
0.606038773,0.648401611
1.412935801,1.174101857
0.904241487,1.018771645
0.709465271,0.87066525
0.772640969,0.332332583
0.904272947,1.27206284
0.980811306,1.081825008
1.107966142,1.058888589
1.00746576,1.456786235
1.114487234,1.023199392
1.405900016,1.31494088
0.510350764,0.465200445
1.115311021,1.059752659
1.068033876,1.432748585
0.82238825,0.8474598
0.493304302,0.536571659
1.283625091,1.131195845
0.866284815,0.584341206
0.627133203,0.324184354
1.518213074,0.979097035
0.739798772,0.934296203
0.955208451,0.83559624
1.305560171,1.146120534
1.046104865,1.511227723
1.143168482,1.260371139
0.842617198,0.627799016
1.392623067,1.276109774
0.965376657,1.265585355
0.457086531,0.968803358
0.942884396,0.959415931
0.624850254,0.479921821
1.085467242,1.129796224
1.041099683,0.912669268
1.8464753,1.586349381
0.791917765,0.818367383
1.183147075,1.268163425
0.462246958,0.966239831
0.650730245,1.041431983
0.945778025,0.885477704
0.714906962,1.308021401
1.014523262,1.229894603
1.087042579,1.208939846
0.655766422,0.763761322
1.770466399,1.536765025
1.032291561,0.880661717
0.74788508,0.509449186
1.313261828,1.473586629
0.833287627,0.916793212
0.708597803,0.431976258
1.372494535,0.88823712
1.707896619,1.415361055
1.003841981,0.653841551
1.176678223,1.002518214
0.935972991,0.838273035
1.467459952,1.477436191
0.921832636,0.512401422
1.40139314,1.549419697
1.129592566,0.977039179
0.628902988,1.091599928
1.717344176,1.835345345
0.772129001,0.888940801
0.834396558,0.842596889
0.850337026,1.121729151
1.396931127,1.303054284
0.883446904,0.989219898
1.343666826,1.28374103
0.488663087,0.260150259
1.608000677,1.494455382
1.061874504,1.037882791
0.763752489,0.716278292
0.396732697,0.355962495
1.454770349,1.609357079
0.598467947,0.729318161
1.016335033,1.622223369
1.047241078,1.045083528
0.50415699,0.705068435
0.778793057,0.968774993
1.023524505,1.002677985
0.59957924,0.712340544
0.859045185,0.870719461
0.777161962,1.212455389
0.974269212,1.088697012
0.828166851,0.710025765
1.268520992,1.473774216
1.323500796,1.114621495
1.377616832,1.19229903
0.583226535,1.122889304
0.939170162,0.898711735
0.660773704,0.883145778
0.704124499,1.166394374
1.125576437,1.413471822
0.948486682,0.974662809
1.112520958,0.993519229
1.916419894,1.540084232
1.164830001,1.177527017
1.421336804,1.472849945
1.475857485,1.554124806
0.940940272,1.132298471
0.657739142,0.93876992
1.026879497,0.977786525
0.406940172,0.616157652
0.623914091,0.640071906
1.092786115,1.090730056
1.257075283,0.907477677
0.739037868,0.415771503
0.969509287,0.98250057
1.868943352,1.324220407
1.474233727,0.763438909
1.84525149,1.733383504
0.831451651,1.386876575
1.620248856,1.546906677
1.044586651,0.946071385
0.733033425,0.79750607
1.387128074,0.94592907
1.181696201,1.109025976
0.579552751,0.691224734
0.908744254,1.037072524
1.244245197,1.113267265
0.6109878,1.000581525
0.864594367,0.679668915
1.865694793,1.484509033
1.01201446,1.22902819
0.720315151,0.594747647
0.763348952,0.559426756
0.866481883,0.887719559
0.837252294,0.891807331
1.200103254,0.987473378
0.912772061,0.52694715
0.451448977,0.622586638
0.819902134,0.954468564
0.917322801,0.824246801
1.618178355,1.226831818
1.186250172,0.706742423
1.618837999,1.42719142
0.636169241,0.96056924
0.992162999,1.153383606
1.073218622,1.34693323
0.439933615,0.351146657
1.06556916,1.116415016
0.77329435,0.889443545
0.940876326,1.263189384
0.949562037,0.78865466
0.579390798,0.783791753
1.228185167,1.243943008
1.559129619,0.933072656
1.04370432,0.989939667
1.72742328,1.263280225
0.5865987,0.670180227
0.934661239,1.211080512
1.49659427,1.434415122
0.274502649,0.503253348
1.308421204,1.469243922
1.144211641,1.309442769
0.806583543,1.09556069
1.024622213,1.164527084
0.747548562,0.771242168
0.697072767,1.169564805
0.665723022,0.653780727
1.232249015,1.07867602
1.484230261,1.313527444
0.824468812,0.862678315
0.780823406,0.58736435
1.045087244,1.26092855
1.013236644,0.856163397
1.151333634,1.529359223
0.612254994,0.817177491
0.583818515,0.611535681
0.609041445,1.236349477
1.186925631,1.316290091
0.690369508,1.075205849
0.943646099,0.90867854
0.913950076,0.963012598
1.111481959,1.096110792
0.76500323,0.621715389
0.706910078,0.69543571
1.038308119,1.623977513
1.256966139,1.652714287
0.945620333,1.06775628
0.585473022,0.83532984
0.544929071,0.862786913
1.185758718,1.001099501
1.025240878,1.450821169
0.966631462,0.969903991
1.234293867,1.36035716
1.305962869,1.598248807
1.326158204,1.206784081
0.811189697,0.777954571
0.887589794,1.183051974
1.316943494,1.219579913
1.004910132,0.931458472
0.698679139,0.802057713
1.226583662,1.134222993
1.080044778,0.692159105
1.12814881,0.684919692
1.114389743,0.531798839
1.181348176,1.190959127
1.306246426,1.325553351
1.137621181,1.49406269
1.201633533,0.881762656
1.113221653,0.465576463
0.977264062,0.961714589
1.434709559,1.599970231
0.839083161,1.306823549
1.718567839,0.946487517
1.070702466,0.809889264
0.890016309,0.154968577
1.084621898,1.341524769
1.332181511,0.910556129
1.315398249,1.685679216
1.200085992,0.904582467
1.616290716,1.439366916
0.448599604,0.344802044
0.727211643,1.000163692
0.944760318,1.215222276
0.800331376,0.581444272
1.709376371,1.424190956
1.251977036,1.70987811
0.71028363,1.086494227
1.001868253,0.846427579
1.474053504,1.852345444
0.806814337,0.76685305
1.378203934,0.810470685
0.977423985,1.050045058
0.779963488,0.874170953
1.1801885,1.060907641
1.137380295,1.131734602
0.748777418,1.236274303
0.758213692,0.935129482
1.492723703,1.594776225
1.236753268,1.459140539
0.786052809,1.107020481
1.359924774,1.524372387
1.041115129,0.962065757
1.299537183,1.158325099
0.861484065,1.120979055
0.946864454,1.540127669
0.922089661,0.900694802
0.988068665,0.739402267
0.664046752,0.727377332
0.837699067,0.84227666
0.950901477,0.965686126
1.138786459,1.258601306
1.273165489,1.321219435
1.033030885,1.505942999
1.047788005,1.028266603
1.019936444,1.303310255
0.783559002,0.683534934
1.284283517,1.35099904
1.012224616,0.975700643
1.416109197,1.590362685
0.971851071,0.760188656
1.646072798,1.821229546
1.149846905,0.785812966
0.960058685,1.500652566
0.916313195,0.589437384
0.474577631,0.832285651
0.960178852,1.486836747
1.127594688,1.745854614
1.51050537,1.120813662
1.413044241,1.630290287
1.142305102,1.356585507
1.594867189,1.43677167
1.377006003,1.260789712
1.200633857,0.761021098
0.372171962,0.383854224
0.979074583,1.098135469
1.269960025,1.137057552
0.723557139,0.466573078
0.995174466,0.793715872
1.555461733,2.219770285
0.854289285,0.8281616
0.903608581,1.061687954
1.007250014,1.054913973
0.398074921,0.502836466
1.433818816,1.49437723
1.029187951,0.870169104
1.242890023,1.298393686
1.475243342,1.183961426
0.796083759,0.80357441
0.867130904,0.843086705
0.875867435,0.965710026
0.999637517,1.007961537
0.94314667,1.032435086
1.469952463,1.083490242
1.034498672,0.888920031
1.043683311,1.160357462
0.663181156,0.868570985
0.925598129,0.717260872
1.457891761,1.165296555
0.945414548,1.07706377
0.379638057,0.704545422
1.313609131,0.913837312
0.628448691,0.466636402
1.02797698,0.719278579
0.750094971,0.685892044
2.162229909,1.571695213
0.869856281,0.777885849
0.958692273,1.346586545
0.548287123,0.778149797
0.811123432,0.553261514
0.805381359,0.930461822
0.805945922,0.812714398
1.526327439,1.55910426
0.607042334,0.82770716
0.801711088,0.742913081
1.035012906,0.588511821
0.820813373,1.000969902
1.608504327,1.469774827
1.201220573,1.35757067
1.130210061,1.122302829
0.860914803,0.647866361
0.77148298,0.743160615
1.359617438,0.930566833
1.709884046,1.702847082
0.550687458,0.854245141
1.028924046,0.87773011
0.934527211,0.664684599
1.180543974,1.282776553
0.940234311,0.868281344
1.462007387,1.589488154
0.977671734,1.450531889
1.309929268,0.909617806
0.277488223,0.188889299
0.917303562,1.202867719
1.159045691,1.300613776
1.116870703,1.105674444
0.507890387,0.736015617
1.008770728,0.781895817
1.278757644,1.576905632
0.912567696,1.389853908
0.915784438,0.725817364
1.48436974,1.337510945
0.990992108,0.933251782
0.837451203,0.605826677
0.287999262,0.724033455
1.021422662,1.104716787
1.566653743,1.334540025
1.006030272,1.140034015
0.889215696,1.320699451
0.788265286,1.164736491
1.175457684,0.959176125
0.754945613,0.737167412
0.673083052,1.170082345
1.207276492,1.023881876
0.994006363,0.915591215
1.182562632,0.581223418
1.435494766,1.802217066
0.80126559,0.913811544
1.227325077,0.99635663
0.555407985,0.84291005
1.956681192,1.721217557
0.915568877,1.040750145
0.613502558,0.385226945
0.826836488,0.975843415
1.319954539,1.388973092
1.446621027,1.050493049
1.405265049,1.414767459
0.855183952,0.642943267
0.933825853,0.879925739
0.996421483,1.284015376
1.037218054,0.98844896
1.832760891,1.208783415
1.115608487,1.148433511
0.876976898,0.877605516
1.158228244,1.222662501
0.372966359,0.43943076
1.048256511,0.98926175
1.040437439,0.961631815
0.835591778,0.907358793
0.562585728,0.699072026
1.135206311,1.366054966
0.993435119,0.925455702
1.043760121,1.103896314
1.595106306,1.261551779
1.372148992,1.886195715
1.214984074,0.960965749
1.229201735,0.774781475
1.266962419,1.045349351
1.633036942,1.837700964
0.841755748,0.653601761
1.295448497,1.065566446
1.137621117,1.216703077
0.521659774,0.649996674
1.098303806,0.603276145
1.37306888,1.182621499
1.210935254,1.565004085
0.38132766,0.906284117
0.550859849,0.903013238
1.096618991,1.289080041
1.217841496,1.166171697
0.838827388,1.478255054
1.252198692,1.177239608
1.045408183,1.210439688
1.575745913,1.12909783
1.017265932,0.886449264
0.838689119,1.145851482
0.577003307,0.87474689
1.67086246,2.081590873
0.712512687,0.922062074
0.701175828,0.591445023
0.739697513,0.580186007
1.173283298,1.021061543
0.945618459,1.264243819
1.623970262,1.687670346
0.778421944,0.959706138
1.105641283,1.001702167
1.183997078,1.042805489
0.786539039,0.890953029
0.872501693,1.087680178
0.869670722,1.137084753
1.064484712,0.624594365
0.570899434,0.86253017
1.004752284,0.716476364
0.703256607,0.734775393
0.601100195,1.115213847
1.142094627,0.969866561
0.89433721,0.517076741
1.174938093,1.072847015
0.713994267,0.224756777
1.428488839,1.228881787
1.14393441,1.124686728
1.329052133,1.357559816
0.661427773,1.375907227
1.222248746,1.347110307
0.776329398,0.759950993
1.140366132,1.030246911
1.058810293,0.714673141
1.057656821,0.764184703
0.907619644,1.148966681
0.984119186,0.803477523
0.884817065,1.27899223
0.781419062,0.623813545
1.045050437,0.516820035
0.743160092,1.221224463
0.993101586,1.462275942
1.654544388,1.861283226
0.955656628,0.832897249
0.911169111,0.912027678
0.708757857,1.114101842
1.575199704,1.253542285
1.401664893,1.553916767
1.026697331,0.909319598
0.982894262,0.929559105
1.104841805,0.762493375
1.223665042,1.244645057
1.240614068,1.423566406
1.03275219,1.178590635
0.977786944,0.657382189
0.862905891,0.748598905
1.091400734,0.951100894
1.041189517,0.797640819
1.010238384,0.802283806
0.971091805,1.044648371
1.457807502,1.315664853
1.3644291,1.041591792
0.95961654,0.691039553
1.026606665,0.982462584
1.313542168,1.072204628
1.261789157,0.908652384
1.066792458,1.048783198
0.730626466,0.865074823
1.15728112,1.391564657
0.906024561,0.620962327
1.030426104,1.521361318
0.676229257,0.806395897
0.972010617,1.014789571
1.533200096,1.719380333
0.6996746,0.845798993
1.194507324,1.157152681
1.127647871,1.099024964
0.90966875,0.533389599
0.959541375,0.762514716
0.976162294,1.14093562
0.673172829,0.728705436
0.868423467,1.219701232
1.257143421,1.370236528
0.731658934,0.434130533
1.484641601,1.286341657
0.844590675,0.891064756
1.118126027,0.985158121
0.898773879,0.911881983
0.698320742,0.656737143
0.784321085,1.028254184
0.937674448,1.296279745
0.793647932,0.612441675
1.623997357,1.491889202
0.918386816,1.094658527
0.912649889,0.736118571
1.198671173,1.296125951
0.86221727,0.7277374
0.692648556,0.441269513
1.113849406,0.995200035
0.840592684,1.141568088
1.140676109,1.098660907
1.350201952,1.011949486
1.238158288,1.055694556
0.773674733,1.42768913
1.122670301,1.041571987
0.72267932,1.275054014
1.132717747,0.740368149
1.253493119,1.239788624
0.579581454,0.77425634
1.032308362,0.818295359
0.988357398,0.568979503
1.224909557,1.543680844
0.718012768,0.977209884
0.67460308,0.538352042
0.820313743,0.4757806
1.227394768,1.258886619
0.883635198,1.088893719
1.463806763,1.392816055
1.01943617,1.278207785
0.899826391,0.772040276
1.405541501,1.161209859
0.616251794,1.270290831
1.335290365,1.380941055
1.292054817,1.010881237
0.82313174,0.756707892
0.864909305,0.948381233
0.91282239,0.969009182
0.627276777,0.773183033
1.300175581,1.340165991
0.607207922,0.504097693
1.476286857,1.225590695
0.703422324,0.740530897
1.096320697,1.030560122
1.189600744,1.110066147
1.501786126,1.456171164
0.595325195,0.726429229
0.832113928,0.989034059
0.493497599,0.681832075
1.34088993,1.14306147
0.554159309,0.506121704
0.866672291,1.181485081
0.73726684,1.18610621
1.599813897,1.136667352
1.556482251,1.823684369
0.845184567,1.114230204
0.72668321,0.930045351
0.956916017,0.627567542
0.467032354,0.208925739
1.138173511,1.313587998
1.362811371,1.35728185
1.332447446,1.183725101
0.411915404,0.404619414
1.201045497,1.03856725
1.023480892,0.666798936
0.966942859,0.581280561
1.123759967,1.307024165
1.016476163,0.780339483
1.220926853,1.546885706
1.0219008,0.818149521
1.368265726,1.244683048
1.546553222,1.570921432
0.872982668,0.889505412
1.377936218,1.465171568
1.091896738,1.291434007
0.925542282,1.060635853
1.06928745,0.786113324
1.601034774,1.197432443
0.930295857,0.841283069
1.155503575,0.794988068
1.433168981,0.799302272
1.143360568,1.172943571
0.846570585,1.11052113
0.568875765,0.10289592
0.805322244,0.945534672
1.229774473,1.175032947
1.13450536,1.660185118
1.73784848,1.878169899
0.901329072,0.646293401
1.020639508,1.070129765
1.593267901,1.138947892
0.573721331,0.769673362
1.273396225,1.036085467
0.54343199,0.21958638
0.841031699,1.442646481
1.1486621,1.003151702
1.543115844,1.407944357
0.765664983,0.921956575
0.939580618,0.948327554
0.963237887,0.403628568
0.888039886,0.73293808
1.355454122,1.326721885
0.367157758,0.589630206
1.637979573,1.549468533
1.345625762,0.984597333
1.065105144,0.89326675
1.531568938,1.678573803
0.513807068,1.055890302
0.682505119,1.43657484
0.808534063,1.017014974
0.97154947,0.9635823
1.089615735,0.757372918
0.87579605,0.892727325
1.784631112,1.703906306
1.025518225,1.191957469
1.319007176,1.088156261
0.755555639,0.413001424
0.760278291,0.240032989
0.981966902,0.9269254
0.6030504,0.883587483
1.434768756,1.282653081
1.033001679,0.9224988
0.830239505,0.617016954
1.12043759,1.491690127
1.440722364,0.858441061
0.84532457,0.972323675
0.940363902,0.92734033
1.507171436,0.889585563
1.184617398,1.124979668
1.042769888,1.258602154
0.841806631,0.817915836
0.514969532,0.930482795
0.705757208,1.125369297
0.728178978,1.197148419
1.22751248,1.189074224
1.117364605,0.767963955
0.819090567,1.415022043
1.136276983,1.058323181
1.05182733,0.930486874
1.261867325,0.792602749
1.580657865,1.709520926
1.054111128,0.978944088
0.96484017,1.153225755
0.86830225,0.836194206
0.842582774,0.644082097
0.669189715,0.709207705
1.242525969,1.178442355
1.150599276,1.295031674
1.217107733,1.592066796
0.941473531,0.71642729
1.027587815,1.11838361
1.360107426,1.331684555
0.524854433,0.688590049
1.151498579,1.01374814
1.253226454,0.952065086
1.011351415,1.609976503
1.56314664,0.93286908
0.454902885,0.782423626
1.006136969,0.624363974
0.983683402,1.097251764
1.491740734,1.417818892
0.689093997,1.065519382
1.803236848,1.6813778
0.41478976,0.732502379
1.647100133,1.271222283
0.74639311,0.826052056
1.172048676,1.118907631
1.327958303,1.315487696
1.369267247,1.3637517
0.629672749,0.749808001
1.003743926,1.10271823
0.589455786,0.787211959
1.195130776,1.076495001
0.937230962,1.072299147
1.37640582,0.839382972
0.718124257,0.724573762
0.286761479,1.276776963
0.985504671,0.687425488
0.673050089,1.016986777
1.317269894,1.426371617
0.863639556,0.569402527
1.102003828,1.294523636
1.172952276,1.049417525
1.740318954,1.037407561
1.116635817,0.997923389
1.201206128,1.025379965
0.774271195,0.949539529
1.263014436,1.771773605
1.415037929,0.746161327
0.950304274,0.809785181
1.071569786,0.613358779
1.330214882,1.292319828
1.333453168,1.106174198
0.841426426,0.683175513
0.586828665,0.80692836
0.949152995,1.017193854
0.874874686,0.690395167
0.641326918,0.921691367
0.945952728,1.056454673
1.10805558,1.028795931
0.624620231,0.715968325
1.249963992,1.138177259
0.836814675,0.867497902
1.411465941,1.157522885
0.663455305,0.780319454
1.354114773,1.606807409
1.082861768,0.732179543
0.950027039,0.66281164
0.550204714,0.643787112
1.172029611,1.000295121
0.703290037,1.089643577
0.749763608,0.65346128
1.224992038,1.177454451
1.113728913,1.136284055
1.390418007,1.253826601
1.127294104,1.323389707
1.17003393,0.669849015
1.076368826,1.155927571
1.316171881,1.007309065
0.925122886,0.808364056
0.878033457,1.185277497
1.540869122,1.72928252
0.946682377,1.18505274
1.447206465,1.393466293
1.188537382,1.595481323
0.970029149,0.937124594
1.048053466,1.08243962
1.134862567,1.121623166
0.764085024,0.830984196
1.333869749,1.016844841
0.596824781,0.628910173
1.396049522,1.298286891
1.240658946,1.20848442
1.051916164,0.814406536
0.977845909,0.823792638
1.015594184,0.919724391
0.789413276,0.901713658
0.650383886,1.120186159
0.302016641,0.433870701
1.227709914,0.941782647
1.095744523,0.810770993
0.766473724,1.101213259
0.738999736,0.733637143
1.367455081,1.221282769
0.630924145,0.813048359
1.21245891,0.85983183
1.208110153,1.504868375
1.282089017,1.162801586
0.480513812,0.129701233
0.949551593,0.910844573
0.862961608,1.023538747
0.897740328,0.641460219
0.759337125,0.568695909
0.928736534,1.063435624
0.840737807,0.967703039
1.429331852,1.677152334
0.790282337,1.236389751
0.753956169,0.555946309
0.653471193,0.802730553
0.748139811,0.819212568
1.382994844,1.365419451
0.927770443,0.734300864
0.959038862,1.133639268
1.364222989,1.107370598
1.493632851,1.498588107
0.928022564,0.713487754
0.815316533,0.686542167
0.453420488,0.627801641
0.822771792,1.179155601
0.713938789,0.855002913
0.898199797,1.485198869
1.254474433,1.002489679
1.229667328,1.350412089
0.895398959,0.945939679
1.296393117,0.827657639
0.576152642,1.362376517
1.218331283,1.383350839
1.001157864,1.384104957
0.474266176,0.61869699
0.401248679,0.608969586
1.306153695,1.294489456
1.620065346,1.212788742
0.980220621,0.760353034
1.323560024,0.714167514
1.007823026,1.059532437
1.086611884,0.453969599
0.973577369,0.793405964
0.76447478,1.759686298
1.180697916,1.172811455
1.086788103,1.335828627
0.427848126,0.293393292
1.470565592,1.306685134
1.551238133,1.037498977
0.577172771,0.75130707
0.804823674,0.881979332
0.847372525,0.709528326
1.089687065,0.898623495
0.776843529,1.024121758
1.057584729,1.343531701
0.838845224,0.766442915
1.214112096,1.338674529
1.677957253,1.534757139
0.751051388,0.866145014
0.653755862,1.046177861
0.66111789,0.554786773
0.875181111,0.828172181
1.037574149,0.912394616
0.648330341,0.462064943
1.440481182,1.449374936
1.320048671,0.790016279
1.285545374,1.626178841
0.642968325,0.843619937
0.831688316,0.927438991
0.670488781,0.642244709
0.931293223,1.046075251
1.110883362,1.316663251
0.327648027,1.122348095
0.704671342,1.067758932
0.664109136,0.715780214
1.206111314,1.084673955
1.233095247,1.027832128
0.796462097,0.609924985
1.089204987,1.032880666
0.500040731,1.123961463
1.609011642,1.905222649
1.087918896,1.080499053
0.987880455,1.935753967
1.040987455,1.508181612
0.57923488,0.74546417
1.0244945,0.971141473
1.063082983,0.688192543
0.711482164,0.688074933
1.463377783,1.192194741
0.905014515,1.28033484
1.081338308,0.821368348
1.114877168,1.215009179
0.948187245,1.201775019
0.674032601,0.276790351
1.050645574,0.903300742
0.484476383,0.886384918
1.463977984,1.159296003
0.641478884,1.160918504
1.356595052,1.405514402
1.016592617,0.846458365
0.978883596,1.252019248
0.528075814,0.952121451
0.724648618,0.759393447
0.631447725,0.63635692
1.644712222,1.407773157
1.557377656,1.27781755
0.657941745,0.760965273
1.155928266,1.39297918
1.185930677,1.021440112
0.607879768,0.710785703
1.088410345,1.05664728
1.068639739,1.382936131
0.917138521,1.31784174
0.753171254,0.683519703
0.690509568,0.883462752
0.833115534,0.702287256
1.008315704,0.667736651
1.030866414,1.195497804
0.620521513,0.884833226
1.051704414,1.058280071
1.179322425,0.921914348
1.403695809,1.267521883
1.374687677,1.782660075
0.633047412,0.031212442
0.502796993,0.238982785
1.187087885,1.02986013
0.587299891,1.000633673
1.069602062,0.902521305
0.611346334,0.632618517
1.030604038,1.267368882
1.920438792,2.307752661
1.228399359,0.75049567
1.120672181,0.991416404
1.400994212,1.000327079
1.304210214,1.182373623
0.992113865,1.077595423
1.28321104,1.480484016
0.782757425,0.938964096
1.27797739,0.676929567
1.058652478,1.078179723
1.015150337,0.838460583
0.648103974,0.839629686
1.001007693,1.420949308
0.97092817,1.3570503
0.744498829,1.065174824
1.187713786,1.059457667
1.022454608,1.000235925
0.355564575,0.812982814
0.737929353,0.966357719
0.27822276,0.647098045
0.727652578,1.042334638
0.974469381,1.525169237
1.022107999,1.559084782
0.650831244,0.49519669
0.84323593,1.470142777
0.784905954,1.016581092
1.016983906,1.047072224
1.22426133,1.307152819
1.227332638,1.287175487
0.734954802,1.177094423
0.605649163,0.752061622
1.737081427,1.639592465
1.097293429,1.251319124
1.409805136,1.15001501
0.536878154,0.261800663
1.240597028,1.042016557
1.062113639,0.82906983
1.416539991,1.334413004
0.890242095,0.831004072
0.484870728,0.686045453
1.828102308,1.079009163
1.51389747,0.875248307
0.506182617,0.863244708
0.765820358,0.866707118
1.625744569,0.636260175
1.162188096,1.193301082
1.142605966,1.363454103
0.490727537,0.667617939
1.040686604,1.161363137
1.085340147,0.826642481
0.794947287,0.805855177
1.642643923,1.318559125
1.201614555,1.127790855
1.223785156,1.430117882
1.314494431,0.719756437
1.50054509,1.568798904
0.98479488,0.814739366
1.534807039,1.023126381
0.973248877,1.248725095
0.781733956,0.813119887
0.575180343,0.983969354
1.426605226,1.298956346
1.035125037,1.192284848
1.31349523,0.834706412
1.145490828,1.188567233
0.424428494,0.493939007
1.144745057,0.99455642
0.869237133,0.968455027
0.412014661,1.012242391
0.687157554,0.863375871
0.771401776,0.408733465
1.177397863,1.253449813
1.078362512,0.816730404
0.743188123,0.55400114
0.702394483,0.439849731
0.964232344,0.326876017
0.589800886,0.515106351
1.384920334,1.216150435
1.331064963,1.104779144
1.048737105,0.756923051
0.751500409,0.402845874
1.376442085,1.238201042
1.398657285,1.374813253
1.647061439,1.254777517
0.838343817,0.768099988
1.752433869,1.665216119
1.055432247,1.026321614
1.149574127,1.01163699
1.071444722,1.437999151
0.975217968,0.656138134
1.245291468,1.411244419
1.091745695,0.610658748
0.848048292,1.286948068
0.897299181,1.051273598
1.280168787,0.774203336
0.861305224,1.246496396
1.078229686,1.062813608
0.676078757,0.969238667
0.803208,0.972654908
1.792941918,1.313903502
1.07817635,1.084436638
1.499264159,1.305006959
0.643429267,0.766617687
0.481653995,0.705148769
1.184276405,1.125298223
1.505743232,1.549878723
0.723851231,1.455861233
1.43716162,1.209780388
0.804335956,0.900704283
1.039832281,0.812296952
1.233092192,0.946573409
1.554652878,1.410539245
1.347972862,0.799798272
0.676968633,1.146593263
0.906109565,0.738522837
0.831319568,0.893061865
0.926703027,0.771196025
1.09831054,1.016987208
1.013692769,1.034244685
0.852030419,1.376582469
1.292569077,1.366755398
1.259853826,0.632445496
1.309594784,1.22436569
1.735829831,1.692146379
0.671944757,0.793939134
1.006683196,0.692574192
0.791522849,0.86014508
0.625352402,1.059975264
1.358479348,1.397396221
0.937118849,0.658275936
1.142154764,1.828602053
0.724614076,0.70424021
1.165267676,1.011678855
1.294677331,1.120543382
0.768194508,0.810288542
0.850198806,0.371470769
1.063111372,0.800191226
1.181567143,1.145781698
0.967786,0.672154832
0.938965126,0.685139299
1.349148018,1.059735266
0.626181599,0.748952822
0.861990399,1.139488172
0.916559957,0.602594765
0.928531875,0.593837328
1.127243801,1.570943726
1.26406777,0.827426735
1.420756148,1.361629624
0.92913698,0.938771583
0.994472204,1.08926222
0.924349385,0.638119251
0.842835656,0.975997373
1.093125525,1.377081653
0.881635407,1.163813473
0.929323768,0.802839731
0.987703802,0.710998741
1.309847717,1.085560577
1.029523364,1.04407334
0.506511995,1.318887732
0.893245319,0.935909752
0.966804691,0.888959123
1.445235765,0.980326252
0.928614624,1.016729421
0.908044431,0.880503691
0.645529969,1.29711333
1.331909066,0.62573809
1.238510133,1.196230563
1.370349072,1.528679237
1.322567414,1.239860305
1.137313285,1.26345015
0.980309114,0.89502102
0.784342843,0.904258458
1.230719712,0.865656627
0.807352081,0.751119049
1.137052887,0.543521095
0.928458299,0.965163395
1.520804456,1.473048421
1.114868335,0.945504977
1.583421005,1.442959976
0.652857605,0.981914818
1.514578615,1.546646095
1.328356537,1.316193978
0.788154112,0.831357204
0.991239718,0.757149354
0.993943658,1.151704053
1.430146317,0.942258528
0.934690264,1.113624758
0.691766126,0.776756344
1.342369265,1.464226645
1.067369994,1.330907892
0.975119046,0.693385403
0.784408571,0.928526889
0.668408836,0.7506511
1.260430492,1.435449596
0.991926048,1.003490051
1.670267094,1.589304603
0.889385337,0.741599419
0.735782895,0.581556066
0.803674573,0.832128704
1.316762227,1.2285829
0.862559123,0.541058696
1.199313115,1.165509461
0.775579683,1.22070817
0.911954893,0.991096154
0.547094644,0.640098489
0.975166031,1.093269307
0.877572982,1.352865987
0.938654165,1.042601009
0.911022298,1.212258625
0.861763887,0.946160446
0.406718342,0.533845303
0.948560704,0.879352914
0.728353566,0.769023866
0.984962712,1.339979591
1.093676307,1.165891323
0.369189976,0.293972334
0.607750049,0.76816513
0.935122847,1.075742039
1.035969788,0.892501456
0.479533184,0.419333745
0.603320943,0.549861711
0.575635791,0.778378753
0.590916292,0.633492119
1.401149154,1.287234237
0.933877863,1.072563916
0.668376236,0.983176679
0.795200647,0.402224242
0.889569876,0.810186256
0.787773493,1.257892913
1.184484466,1.137593575
1.328758898,1.416631851
0.803799249,0.810396763
1.127683145,1.047814023
1.122228823,1.495740858
1.557862992,1.406686914
1.636967852,1.047740738
0.901174118,0.951886726
0.778038224,1.009338672
1.420046662,1.46514448
1.978324891,2.043098025
0.883014007,0.371702017
1.062894363,1.027875007
0.68902455,0.755399498
0.970723778,1.31163522
1.363473916,1.224068805
1.26103533,1.219832292
0.974052272,1.073428168
1.714365061,1.308348454
0.222988961,0.70615372
1.174307828,1.207428338
1.238156558,1.075681
1.014044457,0.888218162
1.249538881,1.303956706
0.821895028,1.069313236
0.84756004,0.648452596
1.209855235,1.091994417
0.770400028,0.818553108
0.83208674,0.997108059
0.849436221,0.795594735
1.371925912,0.960321144
1.06793565,1.014298734
1.308636821,1.142288896
1.205156419,1.220808589
1.110163086,1.342883955
1.123688996,0.525697345
1.09062855,0.904516472
1.241167766,0.832841877
0.800150557,0.910881165
1.106862428,1.432332428
1.39425933,0.805714769
0.860643756,1.008665748
1.217558767,0.920163782
0.866162095,0.847804517
0.584753967,1.120769975
1.211512691,1.248437471
1.410953788,1.570270637
0.707256931,0.202445117
0.956819246,0.95626605
1.357916727,1.045270728
0.455743071,0.791058125
0.750398639,0.662691875
1.197729863,1.11465818
1.001940468,1.142749091
1.160247963,1.01770332
1.487447389,1.525801874
1.284061686,1.320414547
0.69526894,0.801023651
1.16805812,1.23245824
1.459649396,1.123635487
0.814051803,0.865568363
0.885909044,0.736485282
0.807917182,0.864691933
0.969960539,1.351328928
1.217459674,1.559606497
1.109884855,0.907981604
1.512888171,1.120793609
0.67499542,0.760306121
1.080278062,0.946267147
1.125409098,1.279860682
0.802222974,0.962354818
1.251268365,0.894624504
0.729728938,0.726098098
0.842355144,0.825106636
1.372516642,1.327019959
1.049834232,0.8766474
1.280842255,0.946217604
0.673381161,0.810646861
0.918182516,0.960463243
1.56650166,1.583012306
1.325456542,1.522217815
0.795350656,0.630039064
1.224494835,1.201831022
0.946616363,0.963433604
0.989475418,0.819578033
0.886464326,1.230260742
1.207168896,0.887833512
1.340385459,1.132691976
0.815722838,1.284093599
0.579365429,0.814207295
0.939210429,1.231608103
0.578585084,0.514148486
0.774012862,0.799897421
1.316511002,1.612478573
0.524969634,1.066243939
0.678618861,1.244781794
1.255376593,1.170351842
1.361821791,1.170258
0.542087693,1.138134836
1.10086968,1.506769704
1.168565907,1.147226939
0.603945933,0.423803035
0.968588777,1.504129431
0.483330875,0.778706664
0.795617816,1.338724666
0.614517756,0.333321613
0.724120859,0.967143241
1.547458291,1.441344123
0.563718942,0.717201659
0.716219535,0.545921393
1.097610254,1.303216913
1.496907295,1.629096138
1.041106323,1.387341218
1.193523436,0.752502025
0.860597813,1.046439139
0.727679905,0.73025837
0.851379325,0.814048322
1.340250925,1.329388555
0.815865682,0.792883994
0.837836689,1.220447806
1.298407289,1.802314892
1.216694602,0.863910377
0.786785162,0.905172715
1.681753529,1.349557368
1.540845301,1.609707671
0.601040687,0.919596998
0.277672062,0.613113352
0.928138107,0.644290573
0.939032837,0.883794666
1.419401837,1.355019315
1.227258273,1.23897072
1.672012206,1.687025407
0.722302916,0.618763974
0.70082278,0.916145372
1.096159053,0.968000498
1.527653756,1.339700735
0.72245935,0.986551762
1.426378796,0.959498874
1.480475962,1.550885563
1.354552044,0.860680607
1.195188448,0.886336033
1.197908118,1.26309986
0.850449345,0.856742697
0.824985852,0.858320074
1.351619073,1.303108323
1.027792465,0.689493708
0.671582735,0.826012924
1.33944422,1.364622477
1.041487703,0.907545432
1.022533775,0.946918081
1.144050681,1.138835938
1.112661514,1.33634119
0.819515173,1.418931269
0.618457362,0.996641565
0.865413678,0.955803675
1.27657847,0.872776178
1.167406834,1.369707898
0.89560285,0.756003795
1.205096391,0.872065042
0.518039953,1.031296311
0.866273147,0.897741119
1.128495816,1.141627345
0.834555012,0.725080311
0.895175497,1.116240884
1.316521875,0.554766667
0.984772999,0.642809428
1.607950502,1.623072879
1.543657486,1.745311493
1.255204266,1.261964547
1.244312346,1.084890027
0.816597102,0.510551733
1.065340196,1.687883198
0.863697766,0.554150741
1.048484881,1.413809852
0.775811829,0.656410624
0.746933461,0.974206233
0.875028857,0.770248153
1.614381763,1.396871762
0.950587634,0.877858258
1.031329057,1.048781116
0.846701343,0.461890881
1.154867306,0.860353761
1.066294112,1.036961499
1.129413839,0.885629726
0.993112968,1.082406276
1.266783832,1.425456616
1.286577315,1.181343334
1.26234933,1.269008117
0.767716167,0.919623134
1.110749211,0.869968309
1.169012753,1.754840361
1.640784512,1.197645637
1.292278025,1.205314403
1.491592348,1.203766899
1.137017351,1.256430035
0.746783908,0.550246623
0.711168835,1.446349319
1.411626288,1.492519824
1.118973823,1.384308941
0.259225929,0.531695181
0.891620316,1.141095417
1.083812099,1.289651401
1.142310553,0.967620914
1.070003129,1.022836307
0.803553669,0.704593447
1.083305767,0.960658742
0.884468358,0.95069219
1.449724761,1.439177496
1.065607545,0.901526829
0.953375327,1.080108784
0.821295615,1.103414645
1.217810464,1.732469029
1.091118645,0.881028904
1.121142531,0.77863178
1.321826049,0.901510453
0.722772582,0.842984856
1.376716717,1.224760971
1.103612937,1.388720711
1.389510933,1.107295834
1.01431991,0.912807499
0.423859812,0.637140947
1.277519154,1.267270865
1.323204883,1.277145073
0.809784389,1.229747112
1.075476388,0.518333825
1.656590859,1.620459797
0.917769143,1.109718153
0.803182794,0.720791422
0.924803292,0.991367493
1.102723325,1.008743122
0.927559068,0.557034714
0.322430457,0.630016503
1.152749826,0.68588608
0.783818349,1.08172071
0.861888406,1.863680086
0.624285282,0.871193024
1.119191601,1.091663335
1.122749124,1.539216486
0.935587629,0.836467155
0.339273954,0.95995109
0.928488857,0.431074424
1.277850153,0.953224238
1.315889636,1.433862577
1.452724812,1.668065185
1.479061911,1.507646918
0.964043964,1.102752632
0.808669935,0.782079829
1.602799661,1.515227193
1.072270859,1.32550975
0.790012557,0.846048406
0.943311548,1.220032217
1.983033031,1.995731464
1.604858565,1.19867789
1.01783998,0.903989281
1.200940044,0.65907708
1.126239986,1.141730466
1.387878903,1.331660721
1.262208829,1.126199095
0.851857069,0.822594829
0.893884753,0.962856072
2.099981919,2.312604175
0.976528297,1.060795986
0.874439067,0.441995461
0.864791234,1.022721157
1.006519751,1.254772421
1.207378047,0.952233696
1.114186193,1.014822682
0.833691585,0.825662835
1.155177887,1.323090738
1.541088591,1.662788674
0.888854693,1.144597955
1.500364524,1.027018236
0.997788518,0.988129214
0.911894679,0.73221044
0.575693532,0.919523286
1.084900561,0.863603011
0.795193337,1.022081617
1.052335591,1.472228083
0.795573084,1.037839303
1.162596276,0.935309297
0.775589401,1.098579496
1.277844629,1.055522011
0.684618012,0.937216321
1.070167364,1.145386661
0.782051155,1.086277742
0.78207314,0.807330598
1.129778914,1.232147118
0.949574466,0.68482362
1.121520207,1.336454144
1.099641698,1.153289951
1.191154868,1.267812866
1.237320993,1.336227932
0.989120479,0.90615695
0.393255703,0.548166199
1.187288737,1.212513732
1.281100386,0.929352412
1.599300537,1.59545615
1.368190161,1.26109112
1.299073577,0.934603804
1.068981961,1.024269036
1.304389086,1.182533493
0.957711385,1.423491934
1.308840985,1.18248254
1.366749698,1.272073364
1.34199151,1.17205733
1.153599792,1.120077899
1.38291658,1.485587704
0.890577704,1.174253393
1.003992975,0.989165507
1.123772874,0.942213918
0.74251005,0.841219254
1.04074386,1.059301877
1.303315012,1.006908218
0.637824156,0.611897095
1.432379661,1.176443301
0.945998852,1.255712816
1.300040327,1.309718408
0.824758986,0.507523903
1.065966345,1.231413511
0.444448275,0.817913318
0.653839063,0.539296904
1.02996106,1.099063141
0.972358626,1.031241128
1.421930397,1.128682278
0.584608534,0.853808452
1.061523989,0.688669507
0.952711914,1.058877909
1.418199112,1.027843637
0.959203836,0.625652954
1.145735788,0.914275646
1.183366587,1.218187185
0.737347177,0.495812101
1.28427869,1.025708723
0.798712635,0.997482444
1.532541453,1.287590646
1.663506797,1.346610942
1.220015908,1.237017541
0.896341551,0.973702562
0.660755114,1.158360258
1.099846733,1.071555877
0.875399096,0.877501468
1.656710361,1.526320759
1.398680637,1.166494169
0.734237233,0.69298202
1.127061281,1.251633986
1.334630536,0.783741099
1.019102864,1.001932224
0.956648939,0.961963109
1.135868843,0.570454699
1.038587862,0.967870912
1.636084869,1.365699648
1.117165449,1.372634151
0.915441066,0.97998431
0.919480982,1.096921224
1.185361155,1.058635158
0.932875547,1.448054233
1.176152528,1.090318216
1.293399493,1.196996376
0.676663469,0.851535547
0.988179102,0.771451558
0.84986032,1.201110163
1.480715317,0.992875656
1.211863656,1.086280651
0.208700575,0.965237749
0.276250465,0.223941612
0.668704084,0.446589201
0.731577105,0.996320699
0.710192404,0.727643315
1.311758401,0.918603533
1.891085893,1.770518058
1.076881771,1.028831661
1.383478484,0.98109877
0.92405066,0.226900542
0.733617846,0.836718037
0.877640626,0.926325588
0.762422709,1.17997171
0.677805816,0.911618874
0.743544,0.691814358
1.267794327,1.513808242
0.999733471,0.855859116
1.239607342,1.16596672
0.808154356,0.821122069
0.809958236,1.182612254
1.824969172,0.644446255
0.886496913,0.672499141
1.528454858,1.620026028
1.211354454,0.999805259
1.322432155,1.242280843
0.660994177,1.121120555
1.227660298,0.816778618
1.166016437,1.421437306
1.424984105,1.617621921
1.526069304,1.099422742
1.240070256,0.893188423
1.159875465,1.180676151
1.005607009,1.024263375
1.47242665,1.425036017
0.751527603,0.83431325
0.945246255,1.115880257
1.149774873,1.442404296
1.49214588,1.327495212
0.983224051,0.97222013
0.832855428,0.493530617
0.670133819,1.04261477
1.008647814,0.831563141
1.475991839,1.504798733
1.640228844,1.430247709
0.970562153,1.43028997
0.742220393,0.561194282
0.359739194,1.30057829
0.9634196,0.33278936
1.37888922,1.397371037
1.549546831,1.639327862
0.55714373,0.5235968
1.651469324,1.734288934
1.167720634,0.910168487
0.719321574,0.794223258
1.608474951,1.464163536
0.933343348,0.91923743
0.840572146,0.731262482
1.102866316,1.264560219
0.666041822,0.71330506
1.092217286,1.152591637
1.333484688,1.065977687
1.855338721,2.044908064
1.034141017,0.902559688
0.794555221,0.508215067
1.172772551,1.172783037
1.106924991,0.894021963
0.805696931,0.968257468
0.896944685,1.017207531
0.947447365,0.979510727
0.806072535,0.933085065
0.978645008,0.943857638
0.907585988,0.781783958
0.574506349,0.592167631
0.973788172,0.727236358
0.753775715,0.636697889
0.678287527,0.996158397
0.992232314,0.62113156
1.003563033,0.480632579
0.961851347,1.458539159
1.290047184,1.243929081
1.097468319,1.324237392
1.237586186,1.592969784
1.30734475,1.631914406
0.90900087,0.876527103
0.876843492,0.763925717
0.702210602,1.224218311
0.524054944,0.542173243
0.884330746,1.436581557
0.776286473,1.051785222
0.413330481,0.533058657
0.902033659,0.823627639
1.065063308,0.863525001
0.84969382,1.018474036
0.665884543,0.574786247
0.740724842,0.691748042
0.853553336,1.294959488
1.041166642,1.026538634
0.741117303,0.318652364
0.808157176,1.643067843
1.623624551,1.748927293
1.247343177,1.388588008
1.279355142,1.43410982
0.966653074,1.205142118
0.988773074,1.126476777
0.886206073,0.857191387
1.101897096,0.976598957
0.428637628,0.500218479
0.824904832,0.506895045
0.902219677,0.671650597
0.874538505,1.153670554
1.07512057,1.283614985
0.544723373,0.509949135
0.965547455,1.078020561
0.63228813,1.152107553
0.807232432,0.872748442
1.195077318,0.858276442
1.297255461,1.529488906
1.447728441,1.471808184
0.946119541,0.966809308
0.346684215,0.790833133
0.808080105,0.980853593
0.82134771,0.845076723
1.185699445,1.128403835
1.492614812,1.32786877
1.149452753,1.172488654
1.268864633,0.689284755
0.975850277,0.885989409
0.821767143,0.738738624
1.020452076,0.874094292
1.142560434,1.126458068
0.88887119,1.06758898
0.938886595,0.765488172
2.09298536,2.050086698
1.227884134,1.380479671
0.476843754,0.3769727
1.563830407,1.102889937
1.000490257,1.16156461
1.443649865,0.841981103
1.492767924,1.817276404
0.393385834,0.864830189
0.882825182,0.717464714
1.2564001,1.414065258
1.030353214,0.601917869
0.893232873,0.849671552
1.23130925,1.185262951
0.213927565,0.258449594
0.930379142,0.806273347
0.6894799,0.680028578
1.1298795,1.330981363
1.124340789,1.153249466
0.745222356,0.951324656
1.036142482,1.144756589
0.389021691,0.248616019
0.645011757,0.425059959
1.345303806,0.898619446
0.801534309,0.474115006
0.926095305,1.225476407
1.413162922,1.034173791
1.211773532,0.607400696
1.221161279,1.272578644
1.272360065,0.848925212
0.667217814,1.22675694
1.131221657,0.973503853
1.144776832,0.843951087
1.052819843,0.695489057
1.394371732,1.107181635
1.039347048,1.028035157
1.754791594,1.193955017
0.673890419,0.761640315
0.937203957,1.066088946
0.7952616,0.732512959
0.698324828,0.444013612
0.573486488,0.792022723
0.974860773,1.42719153
1.175281207,0.855736897
0.690914182,0.738344601
0.860595594,1.455705614
1.049637637,0.97953194
0.942529837,0.89415691
0.671585959,0.462101648
1.018751432,1.381284301
1.722325059,1.835844119
1.357815508,1.563695925
0.911394345,0.775304852
0.842161963,0.895261744
1.010980762,0.564645962
0.931666088,1.028125087
1.152231043,0.442589417
1.000266464,1.213718573
0.611788785,0.964743893
1.077642713,0.81346642
0.981405493,1.210373038
0.737114701,1.175522315
0.957418093,1.040264291
1.667535719,1.846117097
1.064347841,1.147890082
1.163221885,1.04691486
1.658846109,1.689466171
0.536445506,0.792773161
0.723406432,1.082678678
1.283252979,1.513478972
0.853918461,1.021258571
1.007100462,1.18075699
0.983011578,1.430110274
0.748471333,0.561908753
0.743170787,1.203209576
1.156946014,1.236702355
0.869856664,1.032886308
0.690116737,0.73108359
0.460461663,1.253111222
1.319123775,1.253312011
1.471057893,1.535558813
1.103568958,1.560046583
1.201604554,1.157235845
0.977030433,0.743476599
1.093733937,1.092587706
0.73303388,0.966120295
0.981638053,0.995976215
0.917910436,0.71805509
1.201826648,1.282221687
1.429188763,1.232248784
1.269304666,1.472825155
0.766238515,1.026534985
0.662866114,0.972146702
1.323995211,1.011564839
0.857935038,1.086013431
1.278412129,1.152504307
1.123630735,1.02775471
0.905340651,1.10713971
1.498767173,1.191453147
1.365467636,1.533610695
1.008054607,0.737834222
1.10847545,1.740336402
0.741240692,0.58612297
0.833281613,0.719041416
1.292344109,0.934316333
1.122420699,1.220752182
0.90770395,0.684576442
1.558212807,0.744370418
1.071208742,0.804143823
0.842149398,0.782930095
1.570123425,0.881595809
0.858836058,1.347373567
0.574328149,0.583009593
1.315622258,1.068742084
1.097902917,1.266103843
1.156927631,1.467947128
1.19284922,1.135064701
0.750677159,0.417348745
1.673233908,1.617826534
0.857648544,0.881610344
0.750937061,0.87801022
1.018220693,1.045336793
1.639957665,1.432287488
1.178772671,0.963330143
0.989516105,1.130780581
1.244147068,2.085729495
0.897712178,0.399926672
1.358214458,1.75310464
1.291722443,1.477618741
0.698140952,0.716195719
1.155671592,1.083347023
0.944056415,0.910686034
0.981029558,1.162601258
0.949677374,1.148893335
0.675550437,0.406488692
0.796821686,1.094034129
0.985896458,0.916926247
1.358033096,0.902956798
1.57222713,1.473577794
1.177497141,1.007485427
0.849686434,0.357447537
1.360554044,1.367428529
1.235246117,1.288362711
0.431905838,0.925141123
1.098555879,1.204181045
0.756300423,0.823823419
1.018294865,1.117697933
1.161858898,1.115649571
1.66988697,1.85478591
1.120669159,1.025854011
0.87855101,1.051374724
1.525896926,1.809166667
0.578107843,0.580538796
0.617919196,1.262295196
0.740110668,0.704143623
1.559878175,1.427779572
1.393441787,1.57778143
0.86904695,0.980258692
1.16815753,0.997908439
0.507765539,0.835455659
0.503202219,0.448250998
1.122838284,1.488879891
