LogOfMeanRCR03-06,LogOfMeanRCR07-10
-0.071468125,-0.360405182
-0.2047384,-0.497935962
-0.248273259,-0.149241077
-0.055360669,-0.298865699
-0.112109428,-0.28669494
-0.288588024,-0.400987189
-0.115316493,0.479741663
-0.003947416,0.183054207
-0.075660989,-0.112208917
0.21540763,0.273854193
-0.272724701,-0.365307982
0.412743775,0.097433058
-0.070497449,0.021776269
-0.491075326,-0.101700961
0.428819079,-0.32850442
-0.113196896,-0.227397498
-0.158178062,-0.01691293
-0.014558382,-0.023825462
0.013548079,-0.008081796
-0.188480048,-0.293639483
-0.30281831,-0.455238164
-0.134984936,0.025613382
-0.390523568,-0.282798341
0.003350109,0.012788528
-0.110459471,-0.008465483
-0.005733624,-0.018262589
0.052637365,-0.038961355
-0.008340857,0.106050931
-0.350594401,-0.394815754
-0.14541234,-0.179776786
0.106772063,-0.26166609
-0.14058009,-0.028834683
0.082693736,-0.010164965
-0.056118883,0.168472191
-0.249135536,-0.375636026
0.051569039,-0.137463891
-0.080318195,0.099974355
-0.134727336,0.057203433
-0.555162289,-0.13894432
0.345783887,0.08345458
-0.364967827,-0.446738486
-0.391677552,-0.326440868
-0.418764484,-0.431852028
0.011072246,0.10315576
-0.178486794,-0.427492354
-0.204709186,-0.406594725
-0.09791491,0.084436638
-0.084476668,-0.275522445
0.040747631,-0.305143619
0.00698969,-0.050653767
-0.039706473,-0.156488227
0.243072594,0.290561481
-0.265129443,-0.134431637
-0.093772111,0.137341558
-0.179385845,-0.13463007
0.28883598,0.261249991
-0.295070198,-0.158020741
0.312666923,0.129190756
-0.08680634,-0.328972848
-0.093835132,-0.378508908
-0.19768699,-0.325099654
0.052523142,0.137242369
0.230413538,0.078237654
0.102610364,-0.034073018
0.428559778,0.180400255
-0.345057309,-0.218461218
0.165578458,-0.021998338
0.082520834,-0.144990238
-0.091280902,-0.152552512
-0.35569597,0.105787312
0.024265258,0.066277856
0.29752183,-0.003116937
-0.085745754,-0.258072845
0.136728635,0.353526274
-0.624867227,-0.557021938
-0.157417226,-0.397310588
-0.121097998,-0.049418855
-0.091249865,-0.351770086
0.037571588,0.242700914
-0.060776955,0.074011674
-0.158889192,-0.204116522
0.048170071,0.006122823
-0.084391975,-0.118002125
0.359534234,0.203429333
-0.567609817,-0.811110701
-0.286990434,-0.228950891
0.140419743,0.135357318
0.243310578,-0.092138717
0.066335297,0.14060137
-0.593596417,-0.570084616
0.039266376,-0.17576418
-0.194492184,-0.346174992
-0.144058543,-0.133966289
-0.162866983,-0.17031946
-0.27331679,-0.41237733
-0.17010262,-0.193936388
-0.256229132,-0.253911257
-0.008102135,0.035370669
-0.30166605,-0.62551166
0.001036436,0.04471733
-0.212720479,0.033813164
-0.553476195,-0.447588535
-0.236983138,-0.402644064
-0.008640495,-0.051858286
0.011314029,-0.274871665
-0.091039815,-0.170991254
0.125509146,0.091596942
-0.127767364,-0.083933823
-0.149290344,-0.035063269
-0.110039766,-0.222193383
-0.129154207,-0.240278347
-0.026079229,-0.094518844
0.06510828,0.009579458
0.226057349,0.26144028
-0.447448896,0.023906462
0.000598908,-0.191230724
0.131932393,-0.256523401
-0.133345864,0.015137136
0.026641191,0.001384821
-0.120433667,-0.183434359
0.008726948,-0.072371366
-0.175552412,0.02133483
-0.482081284,-0.314015353
0.009191245,0.05001035
0.231374784,0.149004553
-0.092676229,-0.295139625
-0.355915346,-0.465739468
-0.256101557,-0.061955531
6.13E-05,-0.023625137
0.107165953,0.284955193
0.114942326,-0.045492117
-0.228249104,-0.130569182
-0.118422085,-0.321796538
0.314260541,0.401690171
-0.330622531,-0.341903076
0.210131666,-0.312574787
0.51592506,0.115423743
-0.227506325,-0.446447096
0.117447948,-0.086668865
-0.108924698,-0.24936599
-0.422427485,-0.260287451
0.038528221,0.910447181
-0.12982091,-0.441025044
0.028203236,-0.100052785
0.312822539,-0.063116126
0.193195469,0.141118577
-0.223714325,-0.245716115
-0.260489506,-0.35031153
0.031459238,-0.032813584
-0.33888211,-0.524394473
-0.19891637,-0.208778339
-0.251392359,-0.196559319
-0.049480224,-0.252339941
0.213604405,0.280833169
-0.337099824,-0.254631843
0.153738091,0.076495001
0.245942428,0.162971881
-0.031251464,-0.245773585
-0.026007473,0.569924003
-0.113520935,0.151222659
-0.429072313,-0.590554882
0.027403653,-0.088411081
-0.162747706,0.046709291
0.093157093,-0.048965135
-0.168449185,0.000261919
0.225172221,0.004247605
0.103593209,-0.085577058
-0.042456706,-0.275040032
0.469261862,0.15987299
-0.460959891,-0.057529138
-0.185827568,-0.131173543
0.352972084,0.14192998
0.152186359,-0.333953868
0.008864906,-0.008903846
-0.175553986,0.278463039
-0.103393227,0.147468819
-0.267772839,-0.476746723
-0.413948425,-0.471748437
-0.265608564,-0.213960527
-0.141950242,-0.273531571
-0.29114193,-0.32518974
-0.452420971,-0.350919622
-0.006887032,0.041013591
-0.257833536,-0.109165786
-0.256388372,-0.303102723
0.007608837,0.116116478
-0.152152926,0.03291218
-0.025455855,0.146318363
0.317849949,0.117903318
-0.07684913,-0.158675702
-0.177931995,-0.251658878
-0.285768949,-0.181031754
0.047241078,-0.101044508
0.097069051,0.15336855
-0.192191816,0.278014106
-0.441974138,-0.549157387
-0.004683221,-0.065918626
-0.041484824,-0.330540441
-0.327058087,0.077053801
-0.388141586,-0.411475291
-0.084819749,-0.538118261
-0.156202858,-0.009926458
-0.322213483,-0.210735519
-0.254607523,-0.174008532
-0.538705061,-0.051493669
-0.109271203,-0.044033635
-0.069801642,0.085785774
-0.273703454,-0.252007746
-0.036640401,-0.362704882
0.154232941,0.068238544
-0.108379684,-0.089353505
-0.321064719,-0.286469147
0.293399493,-0.007123606
0.173106173,0.006574938
-0.172112478,-0.254688376
-0.376277072,-0.693377156
0.077045803,-0.113109449
-0.059363226,0.061563833
0.312891611,0.246672258
0.272197823,0.278498396
-0.350303125,-0.484757959
-0.248296952,-0.505951394
0.087091837,-0.1501762
-0.342699594,-0.297878294
0.048134833,-0.104570958
-0.228542987,-0.064557599
0.080882528,-0.011835134
-0.200850802,-0.134890344
0.094559894,0.080640352
0.631743002,0.51980239
0.166053691,0.017580982
-0.224925865,-0.110408712
-0.236419657,-0.1706333
-0.328570226,-0.336557807
0.167801478,0.153364686
0.186433599,0.098660907
-0.125499078,-0.223848962
0.076085894,0.004215225
0.00746576,0.025422471
0.413044241,0.329260291
-0.094776322,0.060343617
-0.489759506,-0.245092593
0.096499455,-0.047080196
-0.150739802,-0.081559393
0.131430257,0.282644736
0.266742131,-0.065625982
-0.128818792,-0.164403823
0.085617425,-0.112211035
0.129468912,-7.50E-06
0.236844542,0.060158505
-0.247887187,-0.034951118
-0.238978965,-0.569018417
-0.073199492,0.017909191
-0.125726672,-0.44314815
-0.091926786,-0.094631547
-0.11224963,-0.265433712
0.082975545,-0.01155104
-0.061755224,-0.110470911
-0.341529306,-0.220373347
0.25419268,0.140213621
-0.005250203,-0.110515916
-0.082942672,-0.06530423
0.240658946,0.004364437
-0.283390706,-0.08542654
-0.035930857,-0.341895705
-0.233206863,-0.27103299
0.378599915,-0.110242955
-0.343071943,-0.188360897
0.186002083,0.413788579
0.01129358,-0.049225673
0.285572796,0.211767663
0.138629218,0.176166528
0.082522901,-0.12868028
0.042162493,-0.302370651
-0.249733418,-0.333104573
-0.267854593,-0.170915437
-0.120887158,-0.128962428
-0.337268186,-0.009696885
0.338356597,0.101389477
-0.450503223,0.08095541
-0.004186586,-0.07988242
-0.431467036,-0.464439372
0.041467508,0.017073795
-0.146789564,-0.130419091
0.18332232,0.075642308
-0.209982335,0.059127746
0.060152821,-0.000532759
-0.082188849,-0.152498296
-0.102879656,-0.116288473
0.075147277,0.214018768
-0.259863353,-0.177581349
-0.01370465,-0.212643091
-0.173361049,-0.315294587
-0.084700691,0.059206987
-0.366284519,-0.211808841
-0.23365091,0.332808032
0.723714744,0.420813786
-0.301390658,-0.133052087
-0.110986115,-0.10673325
-0.002940699,0.0447833
-0.187090235,-0.139717313
0.004609233,0.176904817
0.324619927,0.096684607
0.182010738,0.159324801
0.140894932,0.0394266
0.345706044,0.123635487
0.128008451,-0.150046841
0.084068654,0.049515442
-0.001658504,-0.248610461
-0.076604867,-0.205886856
-0.11978075,-0.144334001
-0.145708447,-0.096928379
-0.22508866,-0.134155646
-0.150491199,0.140790325
-0.02711952,0.104585428
0.089376634,-0.044767746
-0.149906554,0.055606243
-0.157134281,0.131893547
0.000687793,-0.022361295
-0.147055475,-0.328021299
-0.364674485,0.394344419
-0.500479188,-0.428279333
-0.16058956,-0.297654831
0.266203735,0.034057524
-0.014310391,-0.26376881
-0.055041695,0.173004715
-0.069898544,-0.182477192
0.046643071,0.127596673
-0.212678118,-0.155659862
-0.40042076,-0.132757496
-0.154307683,0.039568871
0.102003828,0.21534239
-0.199037541,-0.216286049
-0.281192421,-0.261766824
-0.06008795,-0.224584537
0.72324903,-0.456556497
0.242703811,-0.092623306
0.396562017,0.217723675
-0.092558802,-0.297716234
0.25378134,0.199584091
-0.194689661,-0.13597356
0.316692165,0.022458684
-0.143799698,-0.160730969
-0.20833511,-0.365977413
-0.306138536,-0.274313666
-0.103708875,-0.086372033
-0.488186291,-0.318215973
0.01485964,0.053651335
-0.008583607,-0.084507003
0.318669107,-0.020539237
0.171166588,0.001107081
-0.066498866,0.175310392
-0.030490713,-0.163627466
0.178325757,-0.001125769
0.096387255,0.112277869
-0.15941291,-0.36080685
-0.35834649,-0.452073627
-0.274875766,-0.557037815
0.054786708,0.030340791
0.061670989,-0.035692592
0.201080634,0.335661779
0.024680456,-0.168789123
-0.227748942,0.231807696
0.111418625,-0.144056253
0.338899038,-0.036375757
-0.476474707,-0.176597626
-0.100599211,0.110932314
-0.157869753,-0.009901564
-0.151468427,-0.295700186
-0.278839621,-0.083427391
0.001414119,-0.281046104
-0.428333966,-0.074203391
0.100751994,-0.191256489
-0.277470158,-0.211329429
0.022955156,0.068708836
-0.001596554,-0.031574823
-0.303803061,-0.404907443
-0.032656265,-0.207197631
-0.07086302,-0.061228417
-0.008555709,-0.084098817
-0.04234783,-0.1128876
-0.212693343,-0.081787466
0.063567201,0.143312919
-0.345176001,0.003100208
-0.316491287,-0.23290976
0.143127601,-0.125191181
-0.239504285,-0.461094526
0.017199406,-0.148112186
-0.063892802,-0.44100706
0.179892658,-0.054911584
-0.42459085,-0.375305376
-0.023394157,0.016706209
-0.001699315,-0.294180317
-0.074945346,-0.351139968
-0.142873813,-0.325519259
-0.003567601,-0.215964612
0.183168084,0.189826871
0.269291703,-0.246352412
-0.125170278,-0.235251059
0.174348069,0.044092854
-0.24244565,-0.311264563
0.193853432,-0.05405997
0.12089284,0.003346547
0.357637238,0.401048645
0.13793365,0.041660946
-0.04103655,-0.103231286
-0.213806579,-0.05250298
-0.198790049,-0.556325806
-0.005481464,-0.472558224
-0.363361491,-0.170587608
7.41E-05,-0.124088791
-0.100161921,-0.201092125
-0.39682359,0.00319413
0.261501394,0.049139306
0.274683429,0.277864629
-0.172348128,-0.133259332
0.217065058,0.428132176
0.520556526,0.263135759
-0.157979176,-0.191896342
-0.203619156,0.119525819
-0.396144328,-0.073399213
-0.018759241,0.114362262
-0.044947483,0.132729914
-0.251380128,-0.267894947
0.036749599,-0.145929464
-0.173214985,-0.475252255
0.280376018,-0.021169853
-0.012768978,-0.362753957
0.051579217,-0.100681992
-0.03685802,-0.03165412
-0.131008124,-0.310434632
-0.161724765,-0.242161893
-0.023863367,-0.147969162
-0.212508955,-0.119544914
-0.056832754,0.123343805
-0.073479908,-0.274663749
-0.069518357,0.22070817
-0.237839016,-0.336799238
-0.139859035,-0.11509684
-0.400522209,-0.344266776
0.16642658,0.088150396
-0.059211784,0.151084413
0.037850285,-0.09815045
0.138027275,0.055558545
0.222125338,0.00866876
0.525982091,0.295710337
-0.446352122,-0.167074369
-0.176393956,-0.398508839
-0.273629675,-0.21982521
0.051364499,0.024263375
-0.04142012,-0.207082077
0.041750883,0.109370524
-0.216406833,-0.255623278
-0.230778005,-0.284131032
-0.026554909,-0.165183072
-0.114495973,-0.036525163
-0.161172612,0.116527218
-0.278535984,-0.286800569
-0.277106201,-0.527697899
-0.042368355,-0.372686443
-0.005790806,0.009880913
0.02007788,0.168916494
-0.04927882,0.123352913
0.339580354,0.279728121
-0.152176989,-0.059511791
-0.094549338,-0.108016826
0.334224385,0.076816308
0.203027399,-0.069216872
-0.117445462,-0.071608715
0.293068519,0.240016888
-0.025911899,-0.089797571
-0.021366962,-0.108248268
-0.376423941,-0.351827013
-0.240482164,-0.056123933
-0.210540407,-0.066622832
0.321740711,0.079947382
0.272968023,-0.045023405
0.079918787,-0.227583611
0.195333812,-0.156873865
0.260038564,-0.113793362
-0.564223685,-0.586648446
-0.024254297,-0.123368651
-0.424546481,-0.225634478
-0.269634259,-0.441999799
0.412675201,0.040051677
0.012564449,-0.292431239
-0.106568516,-0.287930429
-0.223139323,-0.011026206
0.929745369,0.035149813
0.004954444,-0.073738818
0.412045381,0.114964022
-0.076975422,-0.186706227
0.283327407,0.295352953
0.223254631,-0.071695819
0.241977729,-0.066325677
0.217459674,0.179395256
-0.121113768,-0.209902049
-0.221032785,-0.019114746
-0.429100566,-0.13746983
-0.214301664,-0.048201388
0.000518594,-0.052255399
-0.15423716,-0.401320779
0.128150837,0.294482586
-0.21115318,-0.462164292
-0.292419531,-0.401322099
-0.141043721,-0.182067477
-0.200350011,-0.228465648
-0.190490021,-0.061872958
0.404891659,0.292438793
-0.120449422,-0.194849062
-0.00087031,-0.173447443
0.207629359,-0.146302509
0.053683214,-0.239940401
-0.035660271,0.057141725
0.043379551,-0.136049344
0.359924449,0.253259665
0.076369017,-0.123809115
-0.071770419,-0.148330821
-0.328504087,-0.360802506
-0.095586355,-0.108825755
-0.073054531,0.03827564
-0.134832532,-0.116976663
-0.34094105,-0.499051548
0.215791421,-0.233240972
0.314974275,0.377081653
-0.557098778,-0.275966545
0.363012113,0.504868375
0.296361164,0.088463091
-0.089777597,-0.24906838
-0.220128015,-0.106451745
-0.361211789,-0.310298574
-0.169109805,0.157168231
-0.185669076,-0.495091951
0.244254405,0.202811126
0.29301547,-0.087910789
-0.062509089,-0.049010748
-0.231249375,-0.226563546
0.298735597,0.012194442
0.329814891,-0.055054764
0.282510759,0.417747854
-0.159693888,-0.04475112
0.449203288,0.15471783
-0.025449361,-0.115067097
-0.111897264,-0.046355908
-0.083279769,-0.088656207
-0.215140882,-0.182933112
-0.183321583,-0.266895944
0.192925042,0.410539245
0.137417627,0.195652105
-0.327453896,0.009904873
-0.228618943,-0.188962386
-0.240127095,-0.086188456
0.117130824,0.0645544
0.603085436,0.394096885
-0.120412109,0.09367188
0.054351838,-0.230621692
-0.171737135,-0.171596961
-0.074761224,-0.144039362
-0.076537423,0.062312361
0.262948433,-0.166511978
0.184926952,0.07763908
0.006989512,0.295545629
-0.119943012,-0.066835492
-0.217821263,-0.181059476
-0.113633791,-0.035922791
0.265531951,0.473048421
-0.039542987,-0.209842299
0.106696948,0.177025327
-0.620744731,-0.321541913
0.908896631,0.560774631
0.021499699,-0.23374025
-0.129077125,-0.241495264
0.103898144,-0.064277224
-0.076263732,-0.194881071
0.192901182,0.129908239
-0.057592321,-0.006174957
0.023832559,-0.014062125
-0.222625895,-0.195740068
-0.10011269,-0.038160438
-0.1498291,-0.312919701
-0.386626714,-0.460546246
0.28947441,0.187675479
0.008079124,0.008937691
0.449785847,0.2453854
-0.009075149,-0.301576945
0.10173259,-0.089443871
-0.132648431,-0.004320161
0.094435032,-0.044281721
0.461148386,0.325553351
0.054621398,0.247400675
0.053829768,-0.17841126
-0.098960625,-0.084745006
0.053607574,-0.096687377
-0.083325531,-0.324978477
0.500106821,0.270902356
0.049880151,0.01896175
-0.001884952,-0.153684273
0.011447304,-0.174664774
-0.213125207,-0.459498887
0.094449814,0.212602611
0.040211097,0.063627156
0.185053163,0.091786059
0.135084932,-0.106774836
-0.420924973,-0.410754441
-0.064962657,-0.07451297
-0.41896192,-0.399286542
-0.009016663,-0.147316747
0.050645574,-0.096699258
-0.1496723,-0.069614224
-0.389029001,-0.292138648
-0.113214062,-0.240869835
-0.230539112,-0.107991943
-0.181642735,-0.261073231
-0.396054067,-0.421295005
-0.332634828,0.072709157
0.334491066,0.183898079
-0.251165618,-0.323462858
-0.301675172,-0.459076375
0.263322936,0.112689665
0.039719025,0.199810984
0.541541253,0.324420232
-0.091830649,-0.357473375
0.130290401,-0.188196739
0.219509816,0.203084211
-0.364576772,-0.406656283
-0.349626559,-0.264636342
-0.252773485,-0.372466086
-0.016292711,-0.264869595
-0.209652868,-0.478700789
0.28419875,0.066385696
-0.138187962,-0.30456429
-0.271863692,-0.432410276
-0.438379698,-0.369244684
-0.301307552,-0.151877595
-0.048841603,-0.220820134
0.333330709,0.317959542
-0.059045231,-0.194009515
0.217652432,0.091875119
-0.627967341,0.019953837
-0.156988395,-0.144195811
-0.031314427,-0.235230159
-0.097405425,-0.189252115
0.166609067,0.215222276
0.07356858,-0.15921196
-0.276908388,-0.251047178
-0.130533851,-0.194218962
-0.296664528,-0.391747504
-0.22898244,-0.473627271
0.076895828,0.27018657
-0.019745246,-0.243932922
-0.090875637,-0.159677107
-0.003075857,-0.193633734
-0.253854168,-0.40961043
0.313947651,0.070164854
0.032561541,-0.066278311
-0.008957467,0.111858793
0.663765225,0.198285348
-0.314894635,0.150123111
-0.337152246,-0.438237204
0.088779823,0.072563916
-0.033991708,-0.183008548
0.130658051,0.018504971
-0.222175838,-0.034301438
-0.030280467,-0.10129915
0.078229686,0.062813608
-0.051513318,-0.20142845
-0.265306881,-0.229837825
-0.382851082,-0.209851429
0.127514051,-0.075053799
0.042016012,-0.221322135
-0.239320872,-0.282501665
0.067033316,0.159987695
0.048155168,0.025942984
0.096268806,0.003827172
-0.226084554,-0.129830896
-0.34303615,-0.36887366
-0.174279022,0.029072913
-0.138236113,-0.19996759
0.225262758,0.196361714
0.565530976,0.366380472
-0.288519487,-0.249309259
-0.099344239,0.012767938
-0.653960206,-0.812699707
-0.188403712,-0.165184981
0.025415144,0.032313019
0.361929371,0.104219078
-0.112435879,-0.296027516
-0.355811123,-0.109249824
-0.422576175,-0.648450017
0.098832839,-0.152429292
-0.017439482,0.041430181
-0.063955418,0.03255976
-0.189209913,-0.17177636
0.030087384,-0.021637443
0.261962373,0.155591988
0.115077746,-0.23512647
-0.329957227,-0.128806976
0.152337599,0.033899505
0.311707276,0.051528513
-0.251014395,-0.33136692
-0.134586322,0.001561166
-0.149891705,-0.138025823
-0.030107319,-0.189675834
-0.148498041,-0.182870457
0.311236761,0.299584092
0.197259885,0.302497872
0.006494238,0.129962291
0.335068301,0.152604569
-0.133623161,0.047488604
-0.418416288,-0.160179024
-0.121711039,-0.22396648
-0.2163186,-0.153531802
0.118945923,0.102752632
-0.066982416,-0.097718726
-0.246241241,-0.204247244
-0.132391816,-0.026562884
-0.061334239,-0.12454949
0.376982017,0.279234687
-0.107704399,-0.146813695
0.063746022,0.028804665
-0.012284362,0.273559962
0.09362901,0.001904415
-0.394895845,-0.258294207
0.054111128,-0.197147171
0.027982657,-0.164141773
0.531005551,0.435013496
-0.180595478,-0.227770937
-0.278136073,-0.01638905
-0.142351456,-0.264517692
-0.061087467,-0.161661337
0.006947019,-0.139558123
-0.041707961,0.021262051
-0.009506262,0.062260753
0.05139343,-0.139718865
-0.060556345,-0.436072281
0.021688434,0.251497199
-0.25966072,-0.1364723
-0.209020154,-0.090068029
-0.333702976,0.039762068
-0.294371051,0.028567666
-0.024375535,-0.208400151
-0.013410288,-0.301024536
-0.453318678,-0.361135127
0.041469083,-0.045971708
0.115080812,0.024438749
0.076991621,0.055596762
-0.138817344,-0.151840916
0.103688114,0.074318152
-0.101956043,-0.280415711
0.05182733,0.027396887
0.15381307,-0.050385315
-0.364659264,-0.332491878
0.348643165,0.255516071
0.025114869,-0.120748071
-0.250473915,-0.161356238
0.294647191,0.150060462
-0.129649609,-0.340687711
-0.027690891,0.099350217
0.134152023,0.181796961
-0.245034121,-0.151958703
-0.010483895,-0.124491924
0.513765137,0.240329392
0.113807049,-0.0789145
-0.192082818,-0.24925142
0.535688276,0.194449409
0.028576101,0.028125087
-0.076369203,-0.233733419
-0.286005733,-0.67833321
-0.127506004,-0.179316003
-0.258438718,-0.300604632
0.047857053,0.107818119
-0.224787745,-0.074464568
0.13280007,0.032848587
-0.017180943,-0.166604705
-0.253204533,-0.113427027
0.138863324,0.081194949
-0.183457647,-0.144435491
-0.003938236,-0.093304806
0.00639532,-0.050914643
-0.011982506,-0.075863995
-0.264230723,-0.017993533
0.122179282,-0.017327706
0.040031317,0.403843214
0.70541434,0.293683568
0.119726153,0.039410329
-0.217722235,0.109400537
-0.046218219,-0.051382168
0.031286788,-0.193894339
0.152144607,0.063131819
-0.010186094,0.065587994
-0.116839622,-0.18459094
0.404236839,0.397396221
0.166253375,0.655733993
-0.192678228,-0.0097682
-0.161441813,0.436305998
-0.214390012,-0.091222195
0.063578027,0.121623012
-0.260962132,-0.362379747
0.010431366,-0.269785878
-0.285534829,-0.129873931
-0.479664878,-0.209107034
0.052857953,-0.074515515
-0.121068993,-0.193901117
-0.240223873,0.069056715
-0.014218797,-0.046354373
-0.5906998,-0.433208676
-0.275956784,-0.453966896
0.403415893,0.242691711
0.489532496,-0.119348888
-0.23167063,-0.175903984
-0.031411223,0.072765667
-0.130061577,0.02203501
-0.109152097,-0.293324327
-0.0814988,-0.164252807
0.089756435,0.19445141
0.378348156,0.242934475
0.045051578,0.179322686
0.338875016,0.065001802
-0.326702273,-0.280503349
-0.180787071,-0.335478535
-0.220477809,-0.363212921
-0.015277383,-0.217950687
-0.003341032,-0.11349512
0.273875783,0.062089646
0.030052036,0.136969155
-0.218729575,-0.239587182
-0.289690055,-0.198482635
-0.162712045,-0.393985735
-0.216416181,-0.435129294
-0.349949046,-0.353399315
0.190441726,0.305738813
-0.338131524,-0.384982061
0.18043822,0.247361423
-0.21044143,-0.403828527
-0.096270694,-0.108612369
0.010217057,0.157062772
-0.077381873,-0.159558112
-0.409402994,-0.137106377
0.289470858,0.089196947
0.111973622,0.153869514
0.218301064,-0.16252819
-0.650543618,-0.541174206
0.05379756,-0.077223516
0.13969684,0.036588115
0.333706288,0.052968318
0.051787762,0.236944028
0.144022439,0.128005699
0.335443936,-0.009273206
-0.409564762,-0.570966179
-0.157850602,-0.062167945
-0.258498324,-0.299890699
-0.304045508,-0.282339149
-0.307999902,-0.218268226
0.261922327,0.161810178
-0.229628434,-0.29575979
0.141189273,0.473255915
0.047088253,0.204205847
0.233189436,0.025342006
0.134573483,0.026544005
-0.224030304,-0.255585423
0.034584461,0.092159762
-0.201517546,-0.19043035
0.16198652,-0.121400633
0.364205232,0.2027937
-0.050322626,-0.055226647
0.02193652,0.136328666
-0.301095124,0.168516322
-0.302392949,-0.307755542
-0.068768642,-0.194291516
0.013796275,0.034086019
-0.118162894,-0.044812206
-0.165596635,-0.148665361
0.03919261,-0.028786808
0.103429764,0.213379736
0.219958263,0.298286891
-0.202995835,-0.03261868
-0.148616474,-0.141171018
0.054530867,0.018399805
-0.139004963,-0.072105791
-0.214556197,-0.103337831
-0.155529874,-0.232966478
-0.253181617,-0.012937307
0.050232593,-0.017460261
0.105727734,-0.169711929
0.05317617,0.286097805
-0.404935479,-0.15702445
0.006957049,-0.075437704
-0.245519885,-0.081328763
-0.093975439,-0.28212766
-0.212699363,-0.2883717
-0.097794439,-0.116877166
-0.280861349,-0.444625644
-0.176824504,-0.186822104
0.191699506,-0.007669101
-0.126445115,-0.153188855
0.304624058,-0.08630559
-0.001039007,-0.082734335
-0.218583433,-0.099688896
-0.131146336,0.018625397
-0.331290972,-0.14822968
-0.226952953,0.161034013
0.162635117,-0.241167174
-0.451842337,-0.451833801
-0.173450197,-0.503965921
-0.155541425,-0.228757832
-0.066174717,-0.298104375
-0.246184837,-0.233846485
0.061884594,-0.007113935
-0.149211763,-0.101394721
-0.378566462,-0.340424536
0.311753127,0.244450285
0.16691642,0.187635505
-0.371211079,-0.338084857
-0.281781855,-0.242488168
-0.472926078,-0.519235763
-0.213518661,0.250579426
-0.105068198,-0.060366576
0.05035238,-0.24401788
-0.261296892,-0.214383393
-0.077240778,0.101356406
0.306892349,0.32993053
-0.052786299,-0.038946401
0.15765608,0.227576714
0.469978893,0.141228814
-0.26096781,-0.478466064
0.067241461,-0.297923372
0.250513967,0.122865087
-0.107451521,0.127663626
-0.331272376,0.291315608
0.312719909,0.003956666
0.125464113,0.254198711
0.264647244,0.079650838
-0.127907342,-0.158783189
-0.331870212,-0.146911912
0.273633502,0.235057513
-0.148901991,-0.15715973
0.035630775,0.05739448
0.080444242,0.060635853
0.188310747,-0.003141616
0.49144446,0.25505249
-0.293022733,-0.337739109
-0.165690994,-0.000505226
-0.005883488,-0.302778611
-0.248721895,-0.425595589
0.061011525,-0.16456715
0.475872887,0.549153902
0.230589576,0.202030222
-0.142626794,-0.345193631
-0.255627341,-0.03535229
0.347017849,0.390306817
-0.285783877,-0.325358689
-0.01997183,0.119967392
0.038308119,-0.019475164
0.143660408,0.010831338
-0.164711514,-0.302877081
0.220509505,-0.001563158
0.245542918,0.162376052
0.140614333,-0.010060333
0.249577652,0.270503816
-0.346160937,-0.460703096
-0.228846246,0.066170848
0.463323164,0.35530057
-0.092050621,-0.254115136
0.184840549,0.022724
-0.32021869,-0.148623914
0.224153814,0.26991373
-0.066263257,-0.162565928
-0.177880226,-0.028515565
-0.0365804,-0.44536189
-0.18753993,-0.103827558
-0.071173464,-0.042427842
0.43287935,-0.168168473
-0.140943323,-0.26960133
-0.532408326,-0.54132896
-0.241073745,-0.378139378
0.072555987,-0.151801095
0.199473514,0.130761591
0.093322466,0.06161053
0.211025166,-0.02971383
-0.193397284,0.041588728
-0.143752862,-0.209455341
-0.058381107,0.107890979
0.058968355,-0.082177468
-0.106887652,-0.087263773
-0.121410263,-0.075195552
-0.180572375,-0.268028785
-0.102203386,0.157836294
0.396447196,0.116932414
0.225573634,0.298644262
-0.191079816,-0.383656128
-0.07455825,-0.34088373
-0.035117739,-0.174685113
-0.321223204,-0.396194942
-0.138719921,-0.16092057
-0.101561792,-0.242356996
0.172322102,-0.084018253
-0.084081922,0.011334444
-0.153326379,-0.19163676
-0.383260853,0.030536907
-0.12144899,-0.062568629
-0.117886397,-0.175927567
-0.249334125,-0.099950174
0.022032899,-0.036733984
0.211974866,-0.067041811
0.048937709,-0.072898882
0.135444556,-0.35664901
0.081068898,0.19468222
-0.176721804,0.138078639
-0.090624017,-0.100652697
-0.178969128,0.012900731
-0.271968634,-0.136755292
-0.011939823,0.052349668
-0.102331344,-0.197736808
-0.158968301,-0.019751517
-0.044869602,-0.172624182
0.018670436,-0.136414792
0.39695034,0.230537162
-0.189331618,-0.277631364
0.136868862,-0.0730746
-0.410544214,-0.326731393
0.130103717,0.094372718
-0.120488973,0.09131404
0.016790366,0.28389649
-0.169019283,-0.072154018
-0.079444681,-0.190261215
-0.282863442,-0.187324106
0.149723199,-0.163866482
-0.092503429,-0.196347564
-0.334747276,-0.312950806
0.057944456,0.164598617
-0.628587338,-0.341844692
0.13778639,0.079140499
-0.240287679,-0.361224117
-0.181838394,-0.112456648
0.14075038,-0.015500653
-0.02235028,0.100018515
-0.386906273,-0.454546436
-0.153911133,-0.263653768
-0.05119519,-0.278112277
0.253177807,0.145691129
-0.084743746,-0.184164927
0.091049889,-0.164715096
-0.111943491,-0.125124287
0.216097823,0.019949684
-0.024057564,-0.305999806
0.144366033,0.001099501
-0.092396,0.010141766
-0.039771102,-0.065005531
0.159943684,-0.064358564
-0.144448001,-0.213241391
0.123838321,0.060215191
-0.20635743,-0.268702065
0.134773092,-0.258643732
0.144211641,0.105322786
-0.056042712,0.022800872
-0.043295471,-0.199523316
0.196112653,0.04962481
-0.162046802,-0.287873097
-0.028688843,0.289124953
-0.323248366,-0.171818884
0.124401732,0.009100364
-0.116919062,0.155755734
-0.089648143,-0.434274437
0.496353929,0.155269136
-0.022272352,0.058391692
-0.197175054,-0.12092709
-0.104823941,-0.169533095
0.198053049,0.102602394
0.060255987,-0.102072381
-0.174801815,-0.345605265
-0.135870363,-0.175163273
0.044266996,-0.285875518
0.142345536,0.106311047
0.102866316,0.223167534
-0.312173695,-0.269597868
-0.365121374,-0.305957657
-0.007378055,0.261374068
-0.136824332,-0.282428615
-0.251327173,0.035291575
-0.216330418,0.2587042
-0.233798445,-0.417021343
-0.026211828,-0.314156327
0.505883014,-0.034934189
0.080361416,-0.057876692
0.308288046,0.560705671
-0.127354154,-0.357020301
-0.13481441,-0.192259373
0.039455238,-0.128180412
0.01468752,-0.260882456
0.434433959,0.095913098
-0.068181338,-0.051600988
0.231488796,0.113117784
-0.074292679,-0.147238721
-0.354291438,-0.26594904
-0.159238729,-0.208617771
-0.237177124,-0.372961949
0.210534942,0.066223527
-0.071378332,-0.194416952
0.176624067,0.232552702
0.127594688,0.365643372
-0.049797684,-0.185218644
0.131914046,0.001833181
-0.168324893,0.060123836
-0.237718112,-0.247052542
0.305282671,0.173840247
-0.330128509,-0.273637187
-0.280081205,-0.436657813
-0.209338964,-0.253062494
0.038543751,0.053556952
0.068291266,-0.007324429
-0.082248996,-0.010977416
0.207394509,-0.03997884
-0.102359848,-0.26233337
0.144986035,-0.042511907
-0.605126729,-0.24128825
0.10225971,-0.075570125
-0.315022352,-0.305146519
-0.063244288,0.404931414
0.187685731,-0.041802102
0.056260231,-0.079137687
-0.300108593,-0.311414867
-0.213465015,-0.183376697
-0.062404013,-0.089500418
-0.141464978,-0.371446759
-0.229408882,-0.093700861
0.095372362,-0.021320621
-0.126584725,-0.348271624
0.030005925,0.019818552
-0.069694276,-0.027930598
-0.024880954,-0.209704584
0.313351767,0.220780503
-0.177051055,-0.282726162
-0.078800708,-0.198109519
-0.096546567,-0.343510025
0.153227017,-0.001523988
-0.062315937,-0.141712363
0.175350057,-0.136904174
-0.585872111,-0.509697504
-0.117651324,-0.050005355
-0.446401052,-0.165170387
-0.23916989,-0.122459338
-0.028763431,-0.232036045
0.300637748,0.069177606
0.064149894,-0.024172587
-0.018796809,-0.17495944
-0.111911938,-0.128086425
-0.155103215,-0.165210022
-0.175404258,-0.086304789
-0.04822365,-0.190324634
-0.341718085,-0.384649928
0.317269894,0.125341621
0.130100449,0.100787091
-0.159353138,-0.125329639
0.03411397,-0.138031036
0.239459473,0.024854526
-0.288775541,-0.390250271
0.241230765,0.118123259
-0.073318249,-0.050969646
-0.279102664,-0.129291361
0.119891763,0.187342447
-0.135182926,-0.156380063
0.059726106,0.009099635
0.110599734,0.233663555
-0.239357738,-0.307119901
0.10877514,-0.128738591
-0.296267716,0.054982127
-0.233238329,-0.382997913
-0.098218411,-0.106114759
-0.264868729,-0.136189025
0.115739289,0.014451499
-0.376902571,-0.432423099
-0.132435267,-0.11188335
0.116738358,-0.103211523
0.42041081,0.160378986
0.13277263,0.150501691
-0.296896573,-0.294224347
0.053460752,-0.124121676
-0.147080248,0.072245439
0.060897057,0.086768509
-0.037766778,-0.296725792
0.717796489,0.169637408
-0.083124739,0.065536706
0.295620382,0.145180232
0.021919785,0.026992267
-0.436057633,-0.569225511
-0.208111073,-0.280958584
-0.122683603,-0.261199136
-0.204000135,-0.126070329
-0.044791549,-0.16440376
0.108345663,-0.172598899
-0.036243181,-0.046260905
-0.061345835,-0.13349025
-0.031136105,-0.243679529
0.133838009,-0.294502177
0.613151703,0.560253231
-0.102466413,-0.16809101
0.002274485,-0.068622925
0.01222292,0.053766559
-0.275043536,-0.118383573
-0.158906988,-0.173906347
0.104865367,0.026249772
-0.004033409,-0.030133439
-0.159781038,-0.01530053
0.260741565,0.006723239
0.243784805,-0.014712342
0.018131363,0.025005848
-0.29624111,-0.259744526
-0.085835113,0.300489663
-0.022930988,-0.21743702
0.037727142,-0.236777796
-0.135612059,-0.072402168
-0.199683798,-0.129958851
0.30982526,-0.017671305
0.01606006,-0.061971423
0.083153974,0.16731515
0.379370474,0.456342291
0.076110705,-0.301172118
-0.138820388,0.12961134
-0.193972379,-0.216578277
-0.089705828,0.041426782
0.04701766,0.102404771
-0.104601041,-0.095453006
-0.060422382,-0.100367101
-0.130513811,-0.286822363
0.199575826,0.0634019
-0.496863052,-0.642652923
0.052356479,-0.047807409
0.041295071,-0.113073708
-0.114720202,-0.199303704
0.006453219,0.609878395
0.074819635,-0.117624604
0.079276474,-0.053327235
-0.042848164,-0.224695148
0.378691351,0.027101729
-0.091610178,-0.230107052
-0.167787897,-0.214632963
0.086307493,0.095882993
0.154851283,0.021808844
-0.186048002,-0.231104143
-0.142542318,-0.370759302
0.190624372,-0.158537345
-0.012382482,-0.257908814
0.169270213,0.10589562
0.019759216,-0.138592282
0.05028534,0.080108784
0.290069836,-0.029053325
-0.251715426,-0.256312663
-0.074587994,-0.014130864
-0.218471975,-0.062783679
-0.296810917,-0.12494019
0.417906483,0.886195715
-0.02916807,-0.065692043
-0.295622244,-0.219555053
0.254543658,0.111897266
-0.297099578,-0.245095359
-0.297958618,-0.372286459
0.379965159,0.378070209
0.239515979,-0.034485906
-0.303985116,0.068668901
-0.059067013,0.002297532
-0.243374276,-0.328959209
0.162956567,-0.107263818
-0.316123318,-0.265580169
-0.199982401,-0.322919935
0.162742099,-0.14223421
-0.277273877,-0.132160338
0.406518931,0.093498229
-0.367413844,-0.272252886
0.354647298,0.063460332
0.009687383,-0.202694211
-0.061341266,-0.175191965
0.427182156,-0.182212357
-0.191330065,-0.063018211
0.480526247,0.241260396
0.030905208,-0.063519085
-0.017018222,-0.356243092
-0.194875344,-0.244100155
0.47016173,0.310615113
0.025300039,-0.201026843
-0.226516793,-0.491267639
0.294474333,0.227503888
0.376025024,0.311473673
-0.09614643,-0.088239726
-0.192900806,-0.129177733
0.040220659,0.071193326
0.058810293,-0.06347811
0.2464087,0.140066572
-0.03462695,0.114803249
-0.378235554,-0.352802636
0.150020488,-0.179461035
0.149694394,-0.085795667
-0.109442055,-0.165709575
-0.016336825,-0.092689235
0.038241426,-0.16977028
0.013539457,0.262232437
-0.165024818,-0.177913952
-0.379478487,-0.345615695
-0.329551646,-0.500295996
0.709376371,0.310247603
-0.252359742,0.196333943
0.023181475,-0.154074925
-0.303106103,-0.133667151
-0.125493591,-0.068882877
0.19323071,0.127470135
-0.095393833,-0.066506479
0.3882635,0.250014036
-0.378151751,-0.305567321
-0.001700064,0.014810582
0.337539193,0.353283549
0.243955403,0.067204472
-0.271639256,0.040134132
-0.280003806,-0.183980679
-0.031753522,0.003723921
-0.037496379,-0.306591472
0.168795648,0.354835277
0.227482345,0.08740618
-0.102300111,-0.315080308
-0.098448546,-0.390653562
0.052585131,-0.017531655
0.075772764,0.117361646
0.241455123,0.140240485
0.045970866,-0.039938875
0.200286185,0.413318805
-0.00544881,-0.118847397
0.264765795,0.282294466
-0.207151967,-0.026986733
-0.115794556,-0.060890379
-0.317494881,0.094152159
-0.339501459,-0.252550265
-0.598700232,-0.826060501
0.278561854,0.087943096
-0.204147538,-0.268350466
-0.161878706,0.052327632
0.141448666,-0.235107225
0.069876873,0.300741543
0.03450683,-0.132723083
-0.380890612,-0.500865745
-0.030780403,-0.050503371
0.021064055,0.069653266
-0.420152557,-0.07913103
0.223971294,0.10550595
0.122315225,0.053245869
-0.386045398,-0.393215904
0.002462,-0.196645444
-0.005422897,-0.221441897
-0.428823811,-0.38130301
-0.269926952,-0.270266501
-0.257560018,0.092993348
-0.390314032,-0.145957877
-0.0147116,-0.086453499
-0.303411265,-0.34990135
-0.171290664,-0.061630215
0.330183167,0.010638857
0.171378123,-0.064758557
-0.128037793,0.08243962
-0.249976581,-0.03663453
-0.203823101,-0.496171653
-0.073517516,-0.041374698
-0.347749914,-0.00630968
-0.263601914,-0.29635357
0.099182617,0.385990322
-0.088034514,-0.415044446
-0.047823042,-0.213630619
0.010205016,0.051481962
-0.473977671,0.28841621
0.151323443,0.380925389
-0.07594934,-0.551250708
0.204925907,0.079267519
0.155671592,0.004165777
0.21923439,0.057371053
-0.095648487,-0.137574572
0.066200098,-0.23445403
0.183623246,0.124318224
-0.104548689,-0.022918649
-0.223997294,-0.135207984
-0.163291215,-0.019946306
-0.182502371,-0.243829578
-0.22290089,-0.231055037
-0.222259494,-0.037437533
0.244517695,-0.145717069
-0.060395399,-0.380293755
-0.217804813,-0.286937364
-0.175410082,-0.26974163
0.269542647,0.475875373
0.02309052,-0.287757443
-0.141884806,-0.242677334
0.203900338,0.160920228
-0.101636371,-0.23331009
-0.203136571,-0.179512207
-0.045891739,-0.11976018
0.022444188,0.114995248
-0.310550454,-0.126558237
-0.134759575,-0.140712146
0.209917415,-0.038748983
-0.21399599,-0.189753123
-0.308652089,-0.424553697
-0.085030484,0.001679684
-0.215565522,-0.342320659
-0.019690886,-0.10497898
0.391502218,0.35997132
-0.039495494,-0.242724268
0.413335065,0.029594853
-0.323095479,-0.50345413
-0.128620624,-0.376142837
-0.085706761,-0.136860198
-0.165033449,-0.168664214
-0.101812067,-0.130853692
-0.525612388,-0.362096382
-0.378988551,-0.300026832
-0.013366184,0.149246032
-0.227737279,-0.346928596
-0.126885075,-0.122136977
0.164995419,-0.04674616
-0.094269135,0.137593575
-0.254541206,-0.307233658
-0.282719149,-0.344317524
-0.13382993,-0.033139254
0.246445463,0.227527511
0.137926487,0.160703032
-0.08279952,0.424837984
-0.307764792,-0.176660758
-0.102222523,-0.055530775
0.048906221,-0.013048211
-0.007672348,0.131095969
-0.053356262,-0.056365878
-0.02806113,-0.074849887
-0.209312902,-0.172601152
-0.308219886,-0.516350588
-0.32406084,0.034159788
-0.498366593,-0.484592199
0.610274854,0.463507031
-0.013676471,0.106473785
0.042240024,0.003139597
0.187192,0.23870246
0.319193232,0.160423305
-0.02559865,-0.214363351
0.57678567,0.226831818
-0.225069603,-0.157349352
-0.252233736,-0.228773165
0.152091639,0.155440487
-0.530123628,-0.463659227
-0.113254578,-0.309951937
-0.013754974,-0.154444238
0.184952141,-0.013504424
-0.359727008,-0.197293317
0.066294112,0.08271899
-0.495707752,-0.095858013
-0.093598753,0.230514498
0.202619255,0.123903869
0.368265726,0.098555012
0.163575802,0.091179606
-0.264492628,0.04987012
-0.184342926,0.012232222
-0.400320733,-0.335731272
-0.43562997,-0.392460509
-0.399887768,-0.505991511
0.207745208,-0.037316262
-0.086492885,-0.267599518
-0.321239411,-0.305352302
-0.293674868,-0.016705069
-0.141423099,-0.150928
0.073734471,-0.183811408
-0.149702559,-0.533363598
-0.065819194,-0.176999349
-0.156156526,-0.139737119
0.043455924,-0.027652248
-0.01958127,0.00696053
-0.254266661,-0.196043186
0.143445914,-0.248885291
-0.224464154,-0.605438364
-0.465678688,-0.614773055
0.564091818,0.357560344
0.017421834,-0.192609619
-0.184756951,-0.097064584
0.010523479,-0.139835974
0.132805091,-0.173297359
-0.166294068,-0.083355567
-0.21299887,-0.517187276
-0.361049387,-0.17138192
-0.010701482,-0.236584357
-0.230590912,-0.230618605
-0.139967142,-0.203796692
-0.236252268,0.041826853
-0.09870493,-0.077037931
0.131348116,0.207124437
0.064987476,0.115646997
0.166926446,-0.335692356
0.029547532,-0.033611485
-0.133139493,-0.478030028
-0.111763844,-0.184042036
0.27962787,0.218159233
-0.220247786,-0.520078179
-0.221413355,-0.03786851
-0.110780896,-0.106317987
-0.200978479,-0.09379097
-0.090152427,-0.262832588
0.118332675,-0.217502508
-0.218841163,-0.320589976
-0.096286984,0.084461065
-0.266512956,-0.330949554
0.03021669,-0.010829141
-0.251110348,-0.085829543
0.040903072,0.532483305
-0.226813029,-0.159078022
0.155129787,0.183078033
-0.024699383,-0.013701755
-0.089427245,0.11330837
-0.070345248,0.32638994
0.130096234,0.111317059
-0.160301009,-0.202307536
-0.170054333,-0.136548857
0.140314634,-0.068366515
-0.070543166,-0.090647368
0.234360922,0.072204628
0.089645494,0.097487768
0.19284922,0.055883455
-0.179683303,-0.115779879
-0.265013139,-0.161745931
0.160625825,0.167353726
-0.227946536,-0.134364138
0.012604342,0.139988308
0.051601827,-0.031469856
-0.1024383,-0.06847121
-0.063725339,-0.310062285
0.128104226,0.225567344
-0.034458918,-0.215475712
-0.164829233,-0.001376329
-0.107330175,-0.084909384
0.176195347,0.267261855
0.098555879,-0.11803825
-0.134905636,-0.050507936
0.153795762,-0.113663967
-0.411096026,-0.32005832
-0.233046278,-0.13799601
0.093936022,0.091697786
-0.200043407,-0.197612454
-0.277851535,-0.091421854
0.048863969,-0.453241149
0.056782803,-0.078155892
0.505743232,0.294606218
-0.021956516,-0.044011509
-0.463156372,-0.427004593
-0.269352677,-0.222878596
-0.469113703,-0.345223539
-0.007837001,-0.050736377
0.298407289,0.501284897
0.065454805,-0.069452023
0.296996312,0.27261348
-0.246790544,-0.306096705
-0.113813105,-0.206196594
-0.260302487,-0.32290398
-0.15398326,0.11192675
-0.063597988,-0.049390055
0.023131619,-0.072959758
0.282382288,0.115210793
-0.042581907,0.26211304
0.252512214,0.127125654
-0.301282017,-0.375037623
0.040027085,0.505945899
-0.035580841,-0.183269596
0.155815378,0.100055946
-0.088680771,-0.020303337
-0.107541167,-0.492351628
-0.008591657,0.102835889
-0.036772853,0.15539039
-0.20375159,-0.236808438
-0.028863122,0.111647343
-0.049347032,-0.059160871
0.304297231,0.20917966
0.008978823,-0.155043945
-0.087641683,-0.070779757
0.241690063,0.080556122
0.007829055,0.023818845
-0.256305111,-0.235528741
0.246362766,0.093307408
-0.018492642,-0.253954952
0.351768282,-0.193196279
0.167439636,-0.104732396
-0.457681815,-0.234812077
0.018742649,-0.390688565
-0.165896257,-0.137065018
0.339974776,0.082068134
0.144745057,-0.084624826
-0.280852648,-0.166960753
0.365063553,0.250854365
0.262274781,0.272556931
-0.355624107,-0.311578172
0.005298866,-0.082583324
-0.382517257,-0.273904691
-0.204386511,-0.144140884
-0.215237075,-0.224544911
0.22047112,0.03723377
0.467094295,0.194096344
0.243973375,0.142180741
-0.484355287,-0.36236056
-0.238075917,-0.034289974
-0.181920678,-0.150679827
-0.37312757,-0.190167619
-0.076793127,-0.09059817
0.09377103,0.008024839
-0.084709042,0.135019711
0.291598149,-0.0148814
-0.236569011,-0.264148704
0.027456089,0.255835286
0.169212547,-0.14277324
0.248654499,0.097801045
-0.021223953,-0.218827485
-0.202337754,-0.350017635
-0.270385712,-0.205937026
0.10637883,-0.111655141
-0.236063557,0.235044849
-0.307155452,-0.210107967
-0.001560404,-0.229095733
-0.164899053,-0.085584793
-0.065239372,-0.164021846
0.395124881,0.267143621
0.083638494,-0.082692411
-0.014696536,-0.346839963
-0.393635293,-0.467436754
0.161365978,0.107040826
-0.383760482,-0.364961541
0.037238552,-0.012261736
-0.097443073,-0.105491452
-0.125166215,-0.209608137
0.085104539,0.028035157
-0.285212473,-0.22571448
0.24635318,0.050226236
0.241489533,0.092944995
-0.315788909,-0.56276587
-0.052071908,-0.36997631
0.155641629,0.083863429
-0.238542048,-0.394307301
-0.059591696,-0.083571193
0.115593822,0.117980054
-0.089058297,-0.086398372
-0.010520377,-0.330760265
0.043029554,0.121711268
0.413586678,0.34015515
0.316806505,0.051709339
-0.110878239,0.1007638
0.075402086,0.294959488
0.558212807,-0.033780833
-0.398513193,-0.140552618
0.265260138,0.093280838
-0.047835861,0.182559113
0.0880319,-0.04274844
0.168506614,0.196793805
-0.363444045,-0.139949271
-0.32722206,-0.154606382
0.090301817,-0.034712501
0.035903552,-0.214187034
-0.154183858,-0.106753439
-0.293253574,-0.023636649
-0.492637819,-0.353317752
0.214948187,0.129699903
-0.168574418,-0.217389714
-0.079814821,-0.154767227
-0.15646217,-0.143455634
0.042806724,-0.271365236
-0.147975039,-0.045707404
0.188068043,-0.208470345
-0.167275183,-0.00275084
0.156961827,0.040359983
0.277844629,0.210423971
-0.280015759,-0.277336936
-0.173732825,-0.262013191
-0.175908325,-0.404735647
0.824333293,0.418182185
0.119364621,-0.078945321
-0.029893125,-0.206978789
-0.113578219,-0.008268908
-0.12558231,0.115389932
0.291186081,0.143836599
0.121452611,-0.318160148
0.030914653,-0.313037223
0.115786107,-0.162391675
-0.226885888,-0.297518671
-0.232626913,-0.142085929
0.015936148,0.075708858
0.164835681,-0.637745951
0.265804651,-0.083749158
-0.194778106,-0.128680078
-0.004939581,-0.104122172
-0.031410424,0.026860172
-0.072457071,-0.445818667
0.234426802,0.170964302
-0.318713365,0.070934032
-0.061749069,-0.201740485
-0.436185416,-0.13353002
0.370514675,0.066581707
0.336169822,-0.082807496
-0.159545987,-0.308185642
0.076571328,-0.184896518
-0.436662764,-0.30542601
0.006397823,-0.006415615
0.115311021,-0.262466635
0.019339665,-0.131336936
-0.005720714,-0.177298941
0.073084476,-0.118718003
-0.066275312,-0.086744607
0.616597055,0.463314428
-0.069166268,-0.219921389
0.032454692,-0.189294818
-0.489533465,-0.187017186
0.054528218,-0.12119417
-0.451712206,-0.135169811
-0.296709963,0.089643577
-0.418412057,0.124487031
-0.329368656,-0.133416625
0.118980069,0.012393155
-0.265516586,-0.267136345
-0.260272161,-0.297742381
-0.067383874,-0.185790795
0.186319411,-0.071547404
-0.040763344,-0.156188738
-0.418219259,-0.355347232
-0.001386966,0.124532203
-0.089479375,-0.391128441
-0.152798849,0.214877224
-0.351948826,-0.265957123
-0.152811231,0.138001252
-0.223143364,-0.302221466
-0.040767022,-0.015588764
-0.078217878,-0.402508623
0.248594502,0.072278651
0.046915354,0.105351356
-0.483462938,-0.594938003
-0.071647541,-0.095824526
-0.200907652,-0.301630365
-0.120691556,-0.145360633
0.000641806,-0.031225007
0.445802821,0.18160066
0.135798826,-0.078380087
-0.337747442,-0.436019995
0.014691553,-0.040768803
0.356763839,-0.212652544
0.039975878,-0.056334156
-0.384348826,0.036889153
0.061295262,0.140709843
0.11398954,0.072331105
0.108302286,0.162871569
-0.251848027,-0.463240256
-0.237164343,0.039243865
-0.375508142,-0.270311793
0.091519471,0.137084753
-0.23548785,-0.289633298
0.258453174,0.068592855
0.123954109,0.186258156
0.24518463,0.067399981
0.084780109,0.081818978
0.010311729,-0.055663282
-0.065130158,-0.025791134
0.656669632,0.004663432
-0.10903322,-0.272661511
0.266458374,0.12394616
0.059405826,-0.293513658
0.098825648,-0.025484471
-0.21221262,-0.05378843
0.304389086,-0.02158649
-0.06467092,-0.106396384
-0.050409767,-0.350267737
0.107711581,-0.087438282
-0.005457068,-0.001866021
-0.38912956,-0.529535231
-0.151784392,-0.046285857
0.012694451,-0.119280676
0.053007504,-0.059029379
0.135260087,0.256982335
-0.10439715,-0.243996205
-0.082923804,-0.15858628
0.131754008,0.222581404
-0.007080924,0.052121186
0.040593796,-0.248681632
0.009829521,-0.136967328
0.038840443,0.003040385
-0.053252975,-0.016270087
0.02540131,0.137965681
0.044944512,0.068324173
0.061708684,-0.237887067
0.296393117,-0.12658487
-0.022756468,-0.142877221
-0.104118649,-0.501360899
-0.071489366,-0.046896762
0.040445233,-0.174682825
-0.230202988,-0.067143469
0.194378332,0.09378847
-0.215932433,-0.039714116
0.246967835,0.375441673
-0.07180369,-0.15194914
0.077928312,0.052957256
-0.524490005,-0.453098679
-0.154312569,0.333184316
-0.233670445,0.109958039
-0.455088391,-0.19830598
0.065924258,0.133077379
-0.112068917,-0.311103621
0.146476155,0.160679059
-0.361767165,-0.124383323
-0.043240887,0.031738014
-0.266966575,-0.281675176
-0.214062784,-0.352379113
-0.340182114,-0.391405585
-0.243044649,-0.354333283
-0.21389636,-0.083445304
0.343590957,0.104072177
-0.188003995,-0.149556274
-0.137151198,0.064529136
-0.271821328,-0.283406179
-0.142364402,-0.175942066
-0.269462249,-0.221621247
0.223632892,0.199463489
-0.478661493,-0.351159033
-0.451445517,-0.664107202
-0.01166003,0.00841682
0.025031544,-0.279208578
-0.062497303,0.100175403
-0.068251139,-0.332635287
-0.236333983,-0.230935155
-0.137480222,-0.247618105
0.016894083,-0.036273541
-0.044628009,-0.078122621
-0.295339938,-0.462283792
0.115635096,-0.122169673
-0.071401671,-0.026803518
-0.059176433,-0.519778489
-0.101226121,-0.20206137
-0.128551825,-0.137344395
-0.218266443,-0.306376148
0.199112812,0.058624602
0.020639508,0.115887256
0.477496516,0.049957289
0.050308954,-0.71599895
0.171236993,0.508280017
-0.136075773,0.075153405
0.228048157,0.025929294
-0.478921318,-0.311814786
-0.025457307,-0.158994161
-0.059765689,-0.085961165
0.09654753,-0.071219709
-0.11640582,-0.210915958
-0.207371129,-0.236464015
-0.254096307,-0.302924797
0.04181296,-0.102210311
-0.006022249,-0.111059199
-0.012108398,0.092841263
0.072736314,-0.202450603
-0.419853507,-0.276271536
-0.012486267,-0.157224671
-0.10334568,-0.095801449
-0.120604739,-0.150962746
-0.203843871,-0.182406165
-0.281975782,-0.205773884
-0.131465405,-0.005495843
-0.142887438,0.269975802
-0.327404314,-0.222990323
-0.362175844,-0.166254156
0.021402159,-0.012991662
-0.587969428,-0.298474258
0.269966772,-0.195537239
-0.185956672,-0.273977201
-0.231504028,-0.316049603
-0.087788551,-0.301529917
-0.334214222,-0.74220212
-0.184344056,-0.007286217
-0.062362347,-0.039807204
-0.285034374,-0.178208736
0.18375892,-0.145460534
-0.271611552,0.013871473
-0.112404647,-0.021514521
-0.254283645,-0.216150188
0.079061907,0.116537894
-0.080936035,0.271413303
-0.20017223,0.023194238
0.16815753,0.094818452
0.213796738,0.269099882
-0.035641201,-0.113023256
-0.158158751,-0.237818275
-0.384202794,-0.6213336
0.169714109,-0.081300164
-0.287595933,-0.484785532
-0.143214649,0.37232291
0.228761178,0.133233605
-0.020551599,-0.03368621
-0.160846859,-0.273569954
0.400309535,0.082529357
-0.343210266,-0.226087607
-0.035178741,-0.071712535
0.17814523,-0.1191098
0.129324714,0.060025564
0.420082913,0.1289157
0.29083071,0.121179049
0.051333603,0.341272428
-0.003494524,-0.097458323
-0.491389772,0.235384277
-0.356459722,-0.350807569
-0.120318732,-0.398754504
-0.062866548,-0.044119032
-0.087206763,-0.054007502
0.023498959,0.115102969
0.083990844,-0.30028848
0.154032834,-0.061949066
-0.218266044,-0.031978153
-0.430798716,-0.471319924
0.201685704,0.006453846
0.194759425,0.133174164
-0.035472906,-0.142058155
0.207058597,0.099763978
-0.015459441,-0.304053034
-0.187848048,0.079348371
-0.136616263,0.146970749
0.013350752,0.323389707
-6.82E-05,-0.118246695
-0.167353609,-0.033444299
-0.303371698,-0.022409563
0.112661514,0.190213154
0.237520958,0.032926917
0.032239254,0.148557357
0.382178512,0.448128917
-0.015632812,-0.129140828
-0.09731324,-0.199789216
0.479826593,0.339459669
-0.016079361,-0.180859037
-0.094477196,-0.306065542
0.17952733,0.160667462
-0.268038317,-0.35839868
0.089204987,0.129790679
-0.115805158,0.102667024
-0.38880345,-0.392639079
0.228877168,0.159542229
-0.114935875,-0.071732783
-0.075084005,-0.240122355
-0.112453106,0.075209155
0.733568409,0.318772962
-0.285170791,0.031846275
0.066330874,-0.181560855
0.069367819,0.010001762
0.317836866,0.701787666
-0.103978894,-0.13367485
-0.033972053,-0.220154094
0.101971854,-0.110924099
-0.154951086,-0.115962898
-0.117470876,-0.040347554
-0.5470823,0.066788347
0.214786843,0.202175002
0.268939624,0.222143871
-0.191625993,-0.319881064
-0.317689587,0.173929976
0.261851512,0.367614206
-0.045333431,-0.079956152
-0.271783223,-0.384175533
0.145508283,0.185668892
-0.246606375,0.097995459
-0.303145799,-0.271317104
0.067476364,0.055731971
-0.139481767,-0.212608831
0.16780593,-0.215770116
0.204736192,-0.026442587
0.185165589,-0.047730865
-0.226426518,-0.294592488
0.141496664,-0.0953213
0.126094899,-0.139043936
-0.228759035,-0.275679912
0.070002312,0.130384363
-0.301384904,-0.164213218
-0.124254164,-0.173519954
0.192210343,-0.00654054
-0.014945165,-0.01479179
0.043346638,0.175541591
-0.152478219,-0.131893962
-0.081657628,-0.182550437
-0.110802055,-0.379613369
0.090109533,0.152072848
0.047573783,0.040525075
-0.201822047,0.009515766
-0.201608264,-0.027345255
-0.120550924,-0.174337165
-0.569450675,-0.148705604
-0.019326522,0.009026298
0.280306719,0.023889696
0.07571855,0.144820631
-0.434179409,-0.609484601
-0.135770114,-0.146380241
-0.248992809,-0.242922503
-0.19001336,-0.265132924
-0.04272066,-0.057971775
0.227610427,0.301698201
-0.026242348,-0.337630676
-0.295116066,-0.394853765
-0.198785821,-0.22718539
-0.321195097,-0.746938808
-0.040692602,0.136596809
0.442941456,0.050657535
0.075639258,-0.252062951
-0.037463739,0.390586788
-0.181916884,-0.034519002
0.25977198,0.200997528
-0.189371513,-0.195180698
-0.159262193,-0.111478207
0.060994741,-0.131272968
0.389424316,0.28374103
-0.178833563,-0.413183813
0.084621898,-0.020203068
0.074335726,-0.020664978
0.050255266,0.05199281
-0.055662821,-0.021309814
0.316760858,-0.088470412
0.122039327,0.127121749
-0.200240982,-0.392764192
0.009651249,0.371472814
-0.097350736,-0.19493432
-0.017379877,0.024218505
1.023845312,0.324220407
-0.157491945,-0.129283195
0.45999361,0.324306963
0.079854017,0.31685702
-0.094659349,-0.148132795
-0.060789571,-0.069421893
0.387939167,0.086087727
-0.023203012,0.069313236
-0.116364802,0.009712473
0.58466012,0.153161867
0.065693934,0.303310255
0.251855061,-0.088112462
-0.260922658,-0.190727996
-0.172463521,-0.038015164
-0.056519402,-0.190508866
-0.00723861,-0.15470715
0.286333462,-0.220503675
-0.154256654,-0.170358545
-0.624105219,-0.282675398
-0.205771176,-0.216242497
0.006546249,-0.078833695
-0.355926149,-0.508778211
0.211036815,-0.133252176
0.212482279,0.007387779
0.02245454,-0.112104229
0.004124521,0.115560702
-0.035767656,-0.451275233
0.274484355,-0.025966202
0.205164021,0.084153152
0.185208677,0.245254953
0.220868305,0.117470159
-0.029040981,-0.103967679
0.228120582,0.091660725
0.46845499,0.063273297
0.245860744,0.033230869
0.259382024,0.12242788
0.243713556,0.022524157
0.235096933,0.29363292
-0.045106211,-0.08039925
-0.023415386,0.000767147
0.031131659,-0.04748771
-0.557708999,-0.430056708
-0.234578348,-0.23314695
-0.42687493,-0.620920897
0.121133315,-0.114859538
-0.102367915,0.062503629
-0.244057353,-0.034645512
-0.025160833,0.076729141
-0.447202277,-0.20435526
0.014820449,-0.185034897
0.275675247,0.060108258
-0.246758435,-0.158683579
-0.145306657,-0.179083341
-0.193577389,-0.160398267
-0.016625661,-0.112161939
0.11542334,-0.250981187
-0.27210595,-0.236213242
-0.146159217,0.100053012
-0.141680645,-0.308976962
-0.003318708,0.058839685
-0.05144421,0.078908943
0.147499091,0.024354722
-0.087168784,-0.177281208
-0.273864679,-0.357824621
0.082395855,-0.231720384
-0.147345363,-0.183116243
-0.115482562,-0.077949026
-0.15237273,0.041083903
-0.28248848,-0.384839983
-0.15561814,-0.165069462
-0.140265476,-0.001060999
-0.025378339,0.065143693
-0.021678318,0.00438769
-0.197687776,-0.247532906
0.351985976,-0.107453821
-0.198197189,-0.066071314
0.025368312,-0.148779957
-0.029354306,-0.082609704
-0.233751706,-0.408774168
0.104159501,0.005256365
-0.340206827,-0.315123964
-0.007646837,-0.348415833
-0.100706708,0.078012147
0.024025511,-0.038903006
0.478897171,0.166466799
-0.12263869,-0.12739159
-0.113439106,-0.344020717
-0.347470324,0.066821195
0.094067311,-0.161131084
-0.068913672,-0.152458974
-0.07804956,-0.064269589
0.421624586,-0.442921071
0.038673341,0.481448531
-0.105140581,0.031060357
-0.025479091,0.305841975
-0.21086873,-0.104751286
-0.039998954,-0.295334312
-0.182955165,-0.240789839
-0.05351223,0.172325973
0.14189675,0.233574969
-0.070200959,-0.186416663
-0.157118163,-0.350378806
0.004499378,0.066320941
0.006754704,0.062338583
-0.293773742,-0.382127582
-0.147227105,-0.090041628
0.018080898,-0.039874082
-0.308358805,0.063030308
0.024118067,-0.149526134
0.196763873,0.29752975
0.008946915,0.050057489
-0.257414103,-0.340442622
-0.041286231,-0.082604665
-0.327909644,-0.220150629
0.093788555,-0.079609868
-0.285747974,-0.004470967
0.096716468,-0.032803284
-0.093305598,0.150565866
-0.256086553,-0.202417816
-0.062860101,-0.122768743
-0.010697587,-0.052620761
-0.308652534,-0.052324879
0.067932378,0.021872568
0.536199792,0.255451456
-0.068017724,-0.306093899
0.211230658,-0.021598754
0.047553454,0.018464923
0.172782519,0.117375672
0.087912591,0.119563232
-0.222530104,-0.207536057
-0.062769038,0.16920916
0.01912256,-0.241821895
0.262535354,0.119970452
0.206111314,-0.119446027
-0.118018762,-0.410978787
-0.05388667,0.045738673
0.084383698,0.624376702
-0.153938018,-0.16037895
0.082367282,0.102904183
-0.050144655,-0.209658945
-0.323770743,-0.09669409
0.335850554,0.331323018
-0.169512496,-0.369700388
0.027162984,0.365274998
0.126762832,-0.232560907
-0.140596033,0.106130428
-0.149363978,0.385607575
-0.04191154,0.090331344
-0.185920789,-0.286512246
0.247366974,-0.063315036
-0.113555761,-0.244906438
0.078109812,-0.140595269
0.174533285,-0.071131344
0.001765816,0.014878157
0.319731961,0.031398981
0.218741496,0.0139331
-0.256491476,-0.304245835
-0.275623648,-0.077437501
-0.19342833,-0.172160368
0.102514955,0.02984473
0.046283833,0.033533256
-0.072238552,-0.374758633
-0.265106212,-0.124306037
0.071461917,-0.175556486
0.699831912,0.341246291
0.246523725,0.012524785
0.064465948,-0.150352234
-0.136293323,0.030660501
-0.078930446,-0.314578166
-0.044783103,-0.084311598
-0.128878505,-0.299176647
0.608620225,0.198660823
-0.293803009,-0.289924012
-0.146162404,-0.165274442
-0.334361361,-0.598518536
-0.364515044,-0.359231566
-0.448365343,-0.547127492
0.137517872,-0.165343934
-0.086355538,-0.160369991
0.009158421,-0.195761116
-0.053653766,-0.158647774
-0.274186999,0.246501888
0.174083951,-0.303472667
-0.343254709,-0.113361827
-0.113819674,-0.084794628
0.091890089,-0.046306074
-0.173090435,0.058042955
-0.109423399,-0.166441127
-0.144654035,-0.113466651
-0.289184367,-0.337574137
-0.032071306,-0.15984597
-0.16138974,-0.057886787
-0.068911499,-0.246961393
-0.099863723,-0.003841603
0.07993232,-0.135951386
0.023480892,-0.111352315
0.056970647,0.126926923
0.09985571,0.113205388
0.071215155,-0.188713866
-0.34270036,-0.241929828
-0.019145245,-0.01857015
-0.268094733,-0.07949562
0.088836061,-0.075691195
0.11316662,0.065147834
0.021816859,-0.015653741
0.061054537,0.130525153
-0.20601722,0.12817212
-0.120152034,-0.031794898
0.153114639,0.011024646
-0.056851148,0.065175007
-0.024881089,-0.057714393
0.386601737,-0.054450386
-0.148553049,-0.027689905
-0.095857555,-0.081494067
-0.155646558,-0.1309996
-0.45816615,-0.081230679
-0.217764625,-0.336174613
-0.005539364,0.163469602
0.087701294,-0.023638295
-0.076182462,0.163780844
0.070962285,0.119185659
0.029305469,-0.171665406
-0.15449866,-0.203774865
0.000740885,-0.163303463
0.14430676,-0.172626161
-0.107616596,-0.315736243
0.198446441,0.185214475
0.027327828,-0.034209012
-0.066279339,-0.138553536
0.196756746,0.16846589
-0.076784451,-0.251797037
0.162836411,0.000923724
0.367681138,0.121392258
-0.029922143,-0.108737402
-0.152886165,-0.258915875
-0.225503625,-0.122141742
-0.346245413,-0.305307798
-0.022328266,0.149501893
0.015497554,0.225256693
0.030578832,-0.148781425
-0.107312549,-0.481840091
0.167077377,0.191144151
-0.132689959,-0.181446892
0.18060113,0.184656994
-0.597673474,-0.321064837
0.09300217,-0.118404191
-0.024396442,-0.013176052
0.101687727,-0.207676772
-0.178396166,-0.304750075
0.235313185,-0.234486073
-0.110751063,-0.044510562
-0.003822934,0.077831906
-0.173419103,-0.1907869
-0.003194141,-0.171424376
-0.219225373,-0.388158975
0.000270694,-0.040293862
-0.208094298,-0.173465423
-0.24644143,-0.190371843
-0.300151993,-0.316967017
0.325926277,-0.267189349
0.105741867,0.07269843
0.020612439,-0.050021217
-0.358562261,-0.110864621
0.172190626,0.125417229
-0.179253088,-0.377736935
0.231118646,-0.117456101
-0.172502087,-0.151028365
-0.104779086,-0.439713693
-0.046838863,0.136292152
-0.491973336,-0.319348562
-0.073696264,-0.369417785
0.257085104,0.043059238
-0.202457718,-0.121869399
-0.019050789,0.054948356
-0.14384999,0.271244602
-0.154049067,-0.352422277
0.063082983,-0.353200142
-0.058168634,-0.106961116
-0.425417665,-0.200254674
-0.060787888,0.04849123
-0.33183828,-0.392861396
-0.412657278,-0.392357026
-0.047518267,-0.158928473
-0.040221897,-0.033642281
-0.209941035,0.06465728
0.746431539,0.37491516
-0.194389682,-0.230386883
-0.352959519,-0.197534618
-0.293322797,-0.232730624
0.068212929,-0.113939118
-0.063678978,-0.279276442
-0.221324743,-0.154760543
-0.23114523,-0.051158906
-0.601073346,-0.566129299
0.408128414,-0.089327599
0.076698416,-0.015372639
-0.049853603,0.024332717
0.142154764,0.466874217
0.093492822,-0.083549137
-0.149005908,0.001431425
0.127268189,-0.043095779
0.371829628,0.185410149
0.119903684,0.032390572
-0.302453596,-0.081805457
-0.456560988,0.221366968
-0.152394519,0.043895425
0.046430822,-0.017708417
-0.498499438,-0.163184385
0.091070295,-0.096093384
-0.074032593,0.040055944
-0.143680507,-0.378224579
-0.202656457,-0.456634327
0.107350233,0.087430248
-0.23322218,-0.367662008
0.285816086,0.083005077
0.064010712,0.050163704
-0.266190144,-0.432259337
0.032883004,-0.115969474
0.007576854,-0.061485865
0.194854786,-0.178588452
0.003646838,0.011040532
-0.0891267,-0.285993187
0.013947145,-0.333400522
-0.289488164,-0.518000992
0.337608607,0.126076302
-0.115090042,-0.24430343
0.170470971,0.007099405
-0.351984926,-0.134268334
0.482480463,-0.390416274
0.084851122,-0.219152685
-0.529641096,-0.417865289
0.10266575,-0.152350816
0.441845774,0.122968026
-0.262279739,-0.319857596
-0.03001144,-0.025885472
0.063265533,0.061950084
0.070422362,0.041197816
0.098721497,-0.305217632
-0.201682884,-0.07824899
0.373645244,-0.098936713
-0.132474952,-0.193549335
-0.55720041,-0.073010134
-0.112979887,-0.278990021
0.185130225,-0.065396196
0.479559938,0.141433961
0.110838104,0.108646243
0.031702116,0.015633256
0.045159543,0.308151426
-0.135090695,-0.051618767
-0.19355186,0.37657911
0.343989261,0.101047368
-0.04831676,-0.130660952
-0.155328351,-0.147748779
-0.348930678,-0.338976336
0.0783668,-0.002288961
0.066244853,-0.231417925
-0.009324805,-0.114109746
0.371770236,0.131083804
-0.036762113,-0.374522683
-0.158576837,-0.202956578
-0.141982009,0.006326731
-0.084385846,-0.046294938
0.002495153,-0.171383003
-0.248327497,0.01621134
0.121881155,-0.001320343
0.246020605,0.102877653
-0.36488609,0.024109776
-0.38473312,-0.14084912
0.493414354,0.178028341
-0.148339518,-0.157998821
0.172714978,0.172325364
0.169425222,0.384796563
0.115661445,0.059065006
-0.459118357,-0.175240241
-0.19487878,-0.343452383
0.014232814,-0.175753199
-0.137269629,-0.279420918
-0.074728926,-0.259469103
-0.119564706,-0.087111697
0.314278483,0.042410452
-0.08903291,-0.020882634
-0.291487168,-0.09580971
-0.3455634,-0.242463209
-0.142393883,0.009339791
-0.448919264,-0.27646589
-0.314178016,-0.281374598
0.036477045,0.000623872
-0.11622012,-0.161704388
0.324074951,0.232580699
-0.447023119,-0.497163534
-0.387379175,-0.278138908
-0.475908064,-0.484178917
0.170502471,0.005743984
-0.000866484,-0.04756867
0.690177914,0.293849852
0.032661955,-0.020748916
0.101399883,0.097775209
0.270365716,-0.122789152
0.074696957,-0.120769062
0.055045126,-0.336750136
-0.090293868,-0.118901737
-0.206379214,-0.085226424
0.058199049,-0.123537903
0.061462332,0.020893568
0.01945864,-0.036759481
-0.291096624,-0.022583613
0.485966923,0.259681104
0.115733503,0.008613563
0.241795307,0.002520013
0.13956726,0.014837582
0.180300951,-0.009713464
-0.391868459,-0.434639587
-0.144876295,-0.064870518
-0.322829277,-0.12978692
0.025426637,-0.132065866
-0.336107604,-0.444020678
0.122963779,0.07293009
-0.483804831,-0.405252353
-0.180463262,-0.002217715
-0.064590825,-0.300364302
0.019796383,-0.133959296
-0.000637208,-0.066705272
0.099845977,-0.050127349
0.121098243,0.01771805
-0.059754632,-0.117967137
0.045684813,-0.512198547
0.369317514,-0.188922473
0.168749572,-0.055696236
0.014220578,-0.182348214
-0.059854057,0.390961531
0.103047845,0.012105897
-0.097743422,-0.172315306
0.034114889,-0.385263007
-0.150566622,-0.062451825
0.213160436,0.139000575
-0.170943328,-0.341000347
0.752702894,0.159563798
0.069726659,0.260984745
-0.116578934,-0.133674003
-0.176689204,-0.290741585
0.156777506,-0.064546389
-0.193416457,-0.108559293
-0.32194034,-0.325419558
-0.07732847,-0.083854628
0.146141678,-0.145940633
0.122228594,-0.019501771
-0.08254789,0.30148005
0.154524806,0.047532553
0.201031736,0.171161678
-0.04189004,0.194503658
-0.449140151,-0.210930114
-0.068135938,-0.119945517
-0.190851359,0.097543686
0.225841724,0.211014257
0.021175653,-0.225732691
0.173066896,-0.193110085
0.115176841,-0.094583913
0.461888314,0.373377274
-0.024976186,-0.317639659
-0.022762389,-0.114027312
-0.028768423,-0.064421666
-0.269909705,-0.101937425
-0.174546159,0.033683094
0.316113588,0.43677167
0.11015456,-0.089140792
0.024878611,-0.254619869
-0.358053694,-0.202671226
-0.246043831,-0.398296201
-0.298618066,-0.425764295
-0.201735695,-0.291177421
0.008724577,0.197176826
0.194207376,0.253089877
0.020131304,-0.21442048
-0.156876248,0.076145513
-0.350921567,-0.295236329
0.287399483,0.022057387
0.446624403,0.363675389
0.03943985,0.04905887
-0.149103182,-0.102046751
0.501755253,0.160488933
0.134498639,-0.218123939
0.067234889,0.141153489
-0.053180276,-0.223025302
-0.17510085,-0.070655026
0.213890318,0.375937483
-0.063664805,-0.126776603
0.528769256,0.623072879
-0.339764171,-0.162028138
0.228840614,-0.047067084
-0.197016676,-0.105984514
-0.139096305,-0.126676705
0.174311873,0.063697365
-0.132585353,-0.032180436
0.28940732,0.298457282
-0.03681684,0.052643079
0.036655924,-0.005998322
0.051487319,0.056407287
0.122502629,0.021108894
-0.239869771,-0.268317384
-0.411773542,-0.274651721
-0.102801051,-0.315948384
-0.071932761,-0.193967972
-0.077015491,-0.021488378
0.187932845,0.163520318
-0.281987232,-0.198881375
-0.009888968,-0.213805232
-0.22529498,-0.10704713
0.088224127,0.089218293
0.086290459,-0.031367223
-0.280159068,-0.169331756
-0.156187833,-0.094604097
0.126863264,-0.151028924
-0.115050399,-0.191347734
-0.530124838,-0.502407672
-0.061436168,0.055870356
-0.043404711,-0.2217058
-0.405980109,-0.137321685
-0.243934259,-0.339616827
-0.081613184,0.015477281
-0.049897483,-0.070650519
0.011127106,-0.230471048
0.105997167,0.149099802
-0.121038832,-0.027665611
0.345297515,0.293819494
-0.319892776,-0.39818095
0.495794002,0.19794403
0.071208742,0.025992573
-0.057165623,-0.234210962
-0.24023322,-0.394249496
-0.167292224,-0.167562372
-0.39509723,-0.35475804
0.161489341,0.024671976
-0.129170353,-0.135341822
-0.385489346,-0.336127394
-0.000888849,-0.063764253
-0.452905356,-0.314144021
0.046121716,0.054743618
0.02642278,0.030246911
-0.076661139,0.187489102
-0.23244516,-0.09132146
0.118361578,-0.027803215
0.044848418,-0.219940064
0.066870552,0.573177677
-0.111648513,-0.262219771
-0.224661202,-0.258134103
-0.409047427,-0.161505213
-0.010543028,-0.178009676
0.067658291,-0.261031725
-0.13470292,-0.259104071
0.028610444,-0.091107045
-0.023962733,0.005449403
0.159353933,-0.118353875
0.023764151,0.125207166
-0.258110382,-0.00749837
-0.359999825,-0.35183024
-0.282955263,-0.316189659
-0.074392765,-0.208767608
0.410011188,0.322793438
0.256785478,0.402524901
-0.0123605,0.042016295
-0.064672748,-0.121307972
-0.355520581,-0.430786701
-0.263114028,-0.473396023
-0.351793738,-0.41767085
-0.227522974,-0.242977034
-0.154972534,-0.384756162
-0.433182636,-0.498470573
-0.135534336,-0.306522294
-0.429060455,-0.021402883
0.120145097,0.265663819
-0.032922777,-0.216750116
-0.146081539,-0.020134114
-0.371343088,-0.058252304
0.15413738,-0.185404218
-0.113942111,-0.116267906
-0.085195559,-0.019741308
0.173278839,0.252837584
0.127013722,-0.065294966
-0.210281901,-0.283224168
-0.050150753,-0.148387332
-0.145120343,0.078526627
0.136872801,-0.014463089
-0.034359209,-0.013734807
-0.324569761,-0.204434509
0.004606174,0.035874109
0.381525721,0.436610748
0.137654228,0.012680406
-0.181440918,-0.31278229
0.133105937,-0.075415229
0.135931518,0.162601258
-0.295326074,-0.225287957
-0.019928986,0.191364594
-0.280506661,-0.297985941
-0.140063613,-0.256796586
-0.196480355,0.021832486
0.286510757,0.110066147
0.08321485,-0.066137762
0.129168517,-0.023675676
-0.322420503,-0.253798273
0.167630331,-0.094917304
0.314559765,-0.017906597
-0.17042416,-0.094370549
-0.021996783,0.452074644
-0.064561766,-0.161964704
-0.169915419,-0.372959764
-0.359955229,-0.022618515
0.177188075,-0.095125538
0.171400343,0.065746533
0.007055815,0.01289092
0.081029199,0.025326273
-0.159427854,-0.222980027
0.120904746,0.00149248
-0.078594282,-0.173573045
0.123646314,-0.127958263
0.169546527,0.126869499
-0.003190648,-0.016301785
-0.080941673,-0.0775012
0.264968133,0.056366981
-0.370199811,-0.237093639
-0.244426153,-0.327982088
0.487882982,0.227773797
0.008315704,-0.286505858
-0.326109581,-0.38448772
0.042984279,0.212674623
0.08709676,0.03286288
-0.011820898,-0.307729688
0.01711923,-0.22650511
0.319939109,0.020663848
0.054766368,-0.111180748
-0.072394042,-0.236358539
-0.198760452,-0.119298234
-0.084898302,-0.095135832
0.248206275,0.202715646
0.161003408,0.262863382
-0.115553391,0.066670236
0.014588273,-0.09933674
0.111381107,0.089823546
0.679061521,0.453430173
0.103801264,-0.102715664
0.314262613,-0.290077733
-0.019502584,-0.051111591
-0.02270979,-0.193932885
0.044448734,0.112898777
-0.520684986,-0.428974981
-0.247469494,-0.398397626
-0.128861067,-0.071227253
-0.162276689,0.168809868
-0.074993388,-0.07561051
-0.523254963,-0.45297533
-0.172265994,-0.257700191
-0.09394532,-0.134432625
-0.455276627,-0.490050865
0.015657331,-0.106492473
-0.036689478,-0.042428782
-0.153653388,-0.131526662
-0.024284667,-0.175121357
-0.032517128,-0.217333578
0.171001745,-0.096749498
-0.100867013,0.117256778
-0.218011313,-0.299157266
0.083141367,-0.110394604
0.269779128,0.101065826
0.123665852,0.015742802
0.104237434,0.04883528
0.127095798,-0.257812898
0.304098648,0.463686101
0.432379661,0.331345261
-0.006898414,0.161245946
0.158728919,0.06424802
-0.229958664,-0.315556645
0.148845618,0.0377607
-0.233435615,-0.014658004
0.076700521,0.047968284
-0.339008395,-0.424009387
-0.04155581,0.044408752
0.196489742,0.10478018
-0.326086526,-0.136941798
0.062220252,0.066501416
-0.034094002,0.114800514
-0.056790303,-0.068482146
0.087245194,0.062447392
-0.049969562,-0.050156455
0.10275125,-0.090332133
-0.249618794,0.024579303
-0.213517667,-0.262494467
0.306890946,0.023319068
0.024754884,0.078311274
0.493610885,0.411439608
0.039421318,0.111142978
0.049935075,-0.288190393
-0.021337063,0.231371744
0.060791796,-0.033861982
0.034260369,0.079911059
0.121714904,-0.07490227
-0.202309524,-0.224655368
0.143362199,-0.269535294
-0.179683555,-0.093412581
-0.229043651,-0.387753188
-0.256647537,-0.341493891
-0.206716315,-0.240737814
-0.02094061,-0.080148217
-0.101612638,-0.317332878
-0.081462859,0.264976394
-0.021557351,-0.373019091
0.13663923,0.016285224
-0.099396463,-0.15963003
-0.255946255,-0.388962011
0.004680926,0.094314553
-0.30649332,-0.332587361
0.14196045,-0.386269952
0.041189517,-0.105449168
0.031057816,-0.23156851
-0.273108711,-0.021157445
0.538370625,-0.290331373
0.280315978,-0.039383271
0.236441012,0.068742084
-0.083208125,0.117135715
-0.034011966,-0.035632471
0.029523364,0.002680655
-0.535932229,-0.313459781
0.260542641,0.167937583
-0.215657157,-0.174922788
-0.21135195,-0.213668528
-0.275098128,-0.187799594
0.315062157,0.242376234
-0.327015627,-0.215085754
0.318714542,0.365652621
-0.461839934,-0.211865253
-0.036630817,-0.264180279
-0.301307496,-0.401178551
-0.438877296,-0.318802511
-0.163716711,-0.078972531
-0.285709007,-0.473145851
0.120655796,0.12442662
0.340385459,-0.071428007
-0.023822615,-0.107646035
-0.093308192,-0.149608983
-0.16374018,-0.133959043
-0.463514972,-0.286624571
-0.359859672,-0.351904777
-0.529840129,-0.354411272
-0.103724868,-0.230359717
0.635584144,0.406293658
0.549563445,0.091338437
-0.190586588,-0.215664499
0.454770349,0.405237096
-0.21633828,-0.153379584
0.391391953,-0.021427191
-0.071423307,0.012715782
0.326104964,0.052549855
0.431575795,-0.104141834
-0.534890828,-0.342821468
-0.025596512,-0.163474934
0.208829075,0.012030453
0.073207876,-0.229239297
-0.267381552,-0.196028691
-0.140670403,-0.023780334
-0.142006344,-0.074020157
-0.049065517,0.057919748
0.049003699,-0.03285513
-0.111406854,-0.200093886
0.132592286,-0.237697344
0.007199178,-0.22136822
0.052350009,0.043033477
0.124080929,0.203472058
0.283448549,-0.203932939
-0.202251729,-0.267515773
0.212540209,0.214209908
-0.087725763,-0.028898033
0.354938823,-0.097142171
0.153855043,-0.123718355
-0.352402529,-0.187147544
-0.160576841,-0.251663479
-0.244595516,-0.224659131
0.165883807,-0.12224616
0.12133656,0.04509656
-0.262681132,-0.124723454
0.088133564,-0.260756834
-0.144295186,-0.207785599
-0.455720793,-0.369983497
-0.455682652,-0.264985032
-0.002561849,-0.015363856
-0.013148126,-0.246873312
0.122639261,0.028831661
0.085478629,-0.053691739
-0.198300821,-0.18903907
0.420445167,0.320262077
-0.151622178,-0.346055273
-0.358726575,-0.424813197
-0.410199114,-0.439136159
0.050393334,-0.132963642
0.144325082,0.270388694
0.190654349,0.24024558
-0.092758444,0.120979055
-0.033895069,0.306276553
-0.103548171,-0.364737945
0.153804427,0.039010809
-0.104719893,-0.331471194
-0.105713144,-0.238256141
-0.218359148,-0.110108574
0.370075502,-0.00099986
0.181772134,-0.314534082
-0.379736161,-0.310922356
0.21190506,-0.051285711
0.33110185,-0.190944126
0.003743926,0.199628243
-0.170271482,-0.067365547
-0.433822484,-0.743680575
0.169961769,-0.041587426
0.087874325,-0.137668729
-0.342302548,-0.006217442
0.057409874,-0.087340997
-0.078758042,-0.11625014
-0.177513318,-0.058930101
0.039763853,0.137439964
0.053467205,0.103110423
0.151160335,-0.157959992
-0.177285093,0.075725298
-0.056785865,-0.072916715
0.224333927,0.424793397
0.053185079,0.086328215
-0.138204397,-0.252347125
-0.237562734,-0.13203923
0.132466643,-0.043238098
-0.224230159,-0.13820926
-0.419721391,-0.273623848
-0.589663229,-0.239749901
-0.32559086,-0.330623363
0.151127425,-0.038712818
0.101842886,-0.025000483
0.067170532,0.108982609
-0.003179939,-0.18602096
-0.179497769,-0.136502912
0.087102145,-0.13752401
-0.19868687,-0.432096616
0.03098184,-0.037327287
0.016065036,0.261025828
-0.096046481,-0.210930882
-0.021524426,-0.190057807
0.246428295,0.265252863
-0.150313566,-0.420703713
-0.082696156,-0.199363588
0.120278617,0.151642003
0.165147264,0.284570454
-0.169547603,-0.496601294
0.254667442,-0.080023685
0.070672645,-0.01296647
0.027938535,0.276364034
-0.165865659,-0.179562702
-0.124152041,-0.168153602
-0.273734414,-0.117669065
0.20290777,-0.013289674
-0.130143719,-0.176356661
0.160382607,0.129985835
-0.151376376,-0.623182674
0.326037945,0.026542291
0.104345311,0.095644919
-0.568847575,-0.554209639
-0.029530698,0.11290077
-0.179238756,0.177107632
-0.227530555,0.034254874
0.195485891,0.039805524
-0.024126753,-0.016640723
0.167469083,0.06775628
0.265164847,0.273381595
-0.227069453,-0.124168695
0.215785388,0.280286308
0.320555538,0.052268469
-0.107566833,-0.074316771
-0.217284685,-0.180529315
-0.375014173,-0.194006585
-0.00031026,-0.346506659
-0.170962005,-0.052858729
0.260436611,-0.032129088
-0.499719542,-0.333516506
-0.072566197,-0.298780819
-0.195754575,-0.40067854
-0.174609259,-0.260845278
0.012289161,-0.078926881
-0.485267457,-0.479981501
0.179686783,0.015322109
0.060543699,0.166092838
0.06643471,-0.025677628
0.22917379,0.184318538
0.209404251,-0.192092442
0.212187447,0.097224949
-0.238055706,-0.126535349
-0.133291263,-0.061868448
0.017062932,-0.059720747
0.778331,0.593235448
0.302165844,0.058883768
-0.262936975,-0.459137292
0.051243511,0.019460053
-0.127560185,-0.139144396
-0.196068115,-0.407887567
-0.027099863,-0.088097495
0.259633527,0.163514127
-0.089303188,-0.112983609
-0.000903447,-0.001018272
-0.490784083,-0.244233329
-0.169669018,-0.403004984
0.271197134,0.394396548
-0.217007802,0.214502829
-0.030237614,0.042101447
-0.63905628,-0.301001765
-0.181297872,-0.364657279
-0.398078956,-0.530691665
0.016390995,0.055528539
0.01431991,0.134656249
-0.270776635,-0.194705923
-0.119945778,-0.241998587
-0.130371568,-0.219294392
0.016892359,-0.090960749
0.089062414,0.124930488
0.094185101,-0.038966082
-0.377283549,-0.284219786
0.01668566,0.152930317
0.284765519,0.127602835
-0.338572227,0.053687932
-0.263523563,-0.057304124
0.316095774,0.296487013
0.00222714,-0.156923747
-0.301960064,-0.472015563
-0.097393056,-0.145685884
-0.172865495,-0.227428868
-0.027541964,-0.180486614
0.023691318,0.066047394
-0.049672986,-0.063667674
-0.025139227,0.084768849
-0.009844668,-0.018332758
-0.169833939,-0.150654357
0.692857624,0.368132296
0.026384075,0.008746905
-0.037745959,-0.093978991
-0.208537257,-0.351567423
-0.380343044,-0.298504043
-0.244730429,-0.161725743
-0.253216092,-0.352843364
0.113940822,0.179396758
-0.143142272,-0.214047599
0.186792482,0.164761762
0.044255727,-0.221344724
-0.033023759,-0.144251387
-0.020492554,-0.156007526
-0.125764105,-0.359251425
-0.211909693,0.045476389
-0.007398973,-0.060813327
0.431909418,0.348327346
-0.318750015,-0.154009642
-0.226298125,-0.274197817
-0.107170629,-0.099153782
-0.104936971,-0.296071423
0.020025293,-0.090012608
0.219330712,0.074624147
-0.097708628,-0.110930863
-0.375924639,-0.219467116
-0.008099051,-0.024366084
0.306807144,-0.007802906
0.489643077,0.559565733
-0.130994001,-0.002344963
-0.11850641,-0.115330561
-0.263315564,-0.286297252
-0.101927253,0.161816891
0.247362045,0.011107809
-0.129103777,-0.185256428
-0.001422395,-0.047873456
-0.106449096,-0.329903547
-0.123575714,-0.13930726
-0.120954882,-0.229334824
0.007137264,0.212758543
0.288183137,0.405428653
-0.018621629,-0.128489056
-0.142595497,-0.250869037
-0.084836057,-0.284094365
0.075950616,0.006649644
-0.012984112,-0.090147187
0.108070313,0.02656016
0.072205522,-0.027581202
0.123688996,-0.428545164
0.188274643,0.309019404
-0.149304,-0.336075165
-0.559140023,-0.437331313
-0.409592388,-0.432111277
-0.157209831,-0.137062276
-0.347962614,-0.267625212
-0.040034368,-0.136132524
-0.074194318,0.035671818
-0.418449639,-0.329971028
0.013525932,-0.143507111
0.043144365,-0.04271339
0.073267022,-0.0360677
-0.259055633,-0.293599396
-0.387568853,-0.21150712
-0.174250214,-0.419952303
-0.283770203,-0.222850272
0.173823708,0.099152628
-0.414107739,-0.277544679
0.167986314,0.291620875
-0.187149676,-0.092747172
-0.083868401,-0.168551327
0.045144598,0.102087853
-0.061604025,-0.09074396
0.51002691,0.54154231
-0.084333659,-0.376604643
-0.152951635,-0.126249294
-0.259357117,-0.131442888
0.29290715,0.026989279
-0.487802722,-0.219194445
0.285104037,0.196689599
-0.16802799,-0.23439887
-0.387671563,-0.207773955
-0.028215301,-0.21269482
-0.1078312,-0.044342711
-0.482495627,-0.509771116
0.037694125,-0.126814737
-0.173077469,-0.006050628
0.145532946,0.015260095
-0.101909917,-0.349088847
0.114129649,0.048974827
-0.176204285,-0.032054013
0.277413806,-0.009458946
-0.228566892,-0.231746028
0.069929232,0.040509051
0.398581784,0.202473975
0.148040759,0.113238245
-0.4296039,-0.377678788
-0.094711561,-0.114107375
0.047375681,-0.048051054
0.109375248,-0.068383575
-0.04024056,0.084544991
-0.032156849,0.010743376
0.282987774,0.126963025
-0.126973783,-0.178516225
0.128158768,-0.068781212
-0.067815316,-0.285775282
-0.04972555,0.01912999
0.259346407,0.177602674
-0.308041855,-0.486390318
-0.078614182,-0.120276722
-0.036293635,0.293356284
-0.194242022,-0.294917017
-0.326489771,-0.343622059
-0.117377546,-0.158246907
0.160883378,0.025910694
-0.300763531,-0.166492668
-0.053910749,-0.051528346
-0.206239402,-0.269666068
-0.367682711,-0.214888035
-0.255107294,-0.067599781
-0.16383189,-0.398376032
0.115648598,0.201954314
0.005778704,-0.356567078
-0.223774181,-0.12802244
-0.44285627,-0.4764032
-0.005505974,0.042457412
-0.212769235,0.106788686
0.216199983,0.026962118
-0.104978421,-0.271294564
0.145811216,-0.07954754
0.15471612,0.10439918
0.151643395,0.106119109
0.122639539,0.087021699
0.415111536,0.188409373
-0.099732436,-0.133518915
-0.36771187,-0.228103689
0.144537992,0.243288861
-0.001783431,0.031337079
0.063275175,-0.219914474
-0.038771441,0.005421721
0.012410565,0.205142118
-0.057020412,-0.156582929
-0.148142931,-0.218797856
-0.416989815,-0.151288148
-0.1918198,0.100790464
0.03928481,-0.299056187
-0.293248333,0.041939309
-0.036109153,-0.050108604
0.202720059,-0.242090413
