cites,cocite.size
1,4
1,0
1,5
1,17
1,323
1,0
1,210
1,64
1,32
1,0
1,18
1,7
1,0
1,52
1,0
1,19
1,0
1,4
1,17
1,5
1,10
1,50
1,5
1,0
1,57
1,0
1,0
1,44
1,26
1,27
1,29
1,4
1,1
1,5
1,4
1,8
1,9
1,20
1,0
1,14
1,49
1,125
1,8
1,5
1,3
1,35
1,55
1,0
1,9
1,29
1,16
1,30
1,109
1,8
1,44
1,16
1,67
1,5
1,26
1,4
1,47
1,10
1,15
1,1
1,29
1,6
1,39
1,63
1,19
1,25
1,5
1,0
1,17
1,19
1,0
1,0
1,4
1,12
1,11
1,148
1,16
1,0
1,0
1,82
1,3
1,13
1,6
1,32
1,18
1,0
1,10
1,18
1,100
1,5
1,19
1,323
1,5
1,4
1,37
1,2
1,0
1,8
1,26
1,37
1,10
1,49
1,6
1,0
1,132
1,0
1,24
1,14
1,48
1,2
1,16
1,9
1,25
1,2
1,10
1,0
1,25
1,0
1,0
1,1
1,32
1,0
1,0
1,3
1,19
1,15
1,0
1,0
1,0
1,4
1,41
1,3
1,0
1,36
1,0
1,184
1,7
1,2
1,2
1,110
1,4
1,42
1,3
1,121
1,16
1,6
1,43
1,2
1,35
1,0
1,51
1,16
1,145
1,0
1,146
1,16
1,0
1,14
1,18
1,1
1,172
1,25
1,0
1,57
1,81
1,21
1,17
1,48
1,3
1,53
1,0
1,2
1,27
1,6
1,4
1,13
1,7
1,0
1,9
1,62
1,3
1,22
1,51
1,46
1,0
1,0
1,0
1,12
1,43
1,6
1,7
1,26
1,6
1,0
1,24
1,151
1,0
1,5
1,0
1,9
1,38
1,15
1,24
1,43
1,10
1,21
1,9
1,84
1,57
1,0
1,29
1,5
1,8
1,35
1,21
1,3
1,191
1,138
1,79
1,19
1,66
1,3
1,103
1,22
1,25
1,35
1,60
1,0
1,0
1,44
1,16
1,31
1,179
1,30
1,17
1,20
1,20
1,4
1,0
1,10
1,17
1,7
1,27
1,158
1,14
1,4
1,9
1,2
1,10
1,22
1,52
1,75
1,68
1,16
1,13
1,36
1,49
1,1
1,2
1,38
1,32
1,19
1,103
1,0
1,14
1,0
1,0
1,2
1,6
1,50
1,0
1,38
1,9
1,10
1,129
1,0
1,2
1,76
1,0
1,43
1,30
1,0
1,0
1,11
1,6
1,31
1,187
1,9
1,0
1,53
1,37
1,0
1,54
1,13
1,31
1,177
1,15
1,14
1,20
1,0
1,9
1,1
1,162
1,10
1,0
1,359
1,25
1,97
1,2
1,28
1,0
1,10
1,0
1,28
1,0
1,9
1,10
1,25
1,14
1,28
1,19
1,29
1,16
1,0
1,9
1,28
1,20
1,0
1,18
1,5
1,3
1,2
1,0
1,20
1,37
1,0
1,0
1,0
1,7
1,62
1,27
1,0
1,29
1,57
1,20
1,23
1,0
1,6
1,10
1,7
1,13
1,28
1,38
1,32
1,1
1,0
1,26
1,2
1,0
1,3
1,0
1,41
1,7
1,23
1,11
1,0
1,2
1,0
1,2
1,0
1,0
1,8
1,2
1,0
1,77
1,32
1,20
1,29
1,88
1,0
1,10
1,8
1,9
1,13
1,11
1,14
1,67
1,0
1,35
1,11
1,47
1,23
1,1
1,0
1,15
1,10
1,45
1,26
1,0
1,82
1,19
1,27
1,16
1,27
1,0
1,9
1,23
1,0
1,15
1,0
1,120
1,50
1,7
1,0
1,0
1,29
1,17
1,13
1,0
1,0
1,1
1,180
1,137
1,8
1,0
1,12
1,0
1,15
1,74
1,20
1,4
1,0
1,33
1,3
1,5
1,15
1,5
1,0
1,28
1,36
1,19
1,1
1,26
1,2
1,77
1,4
1,14
1,41
1,20
1,0
1,8
1,12
1,47
1,9
1,41
1,14
1,5
1,0
1,0
1,16
1,13
1,12
1,2
1,5
1,20
1,53
1,0
1,38
1,24
1,29
1,31
1,4
1,0
1,34
1,4
1,12
1,38
1,26
1,5
1,37
1,0
1,3
1,2
1,0
1,0
1,0
1,15
1,92
1,0
1,16
1,7
1,68
1,0
1,6
1,4
1,77
1,1
1,27
1,7
1,12
1,14
1,28
1,0
1,59
1,24
1,16
1,1
1,8
1,7
1,4
1,29
1,7
1,25
1,15
1,6
1,12
1,21
1,3
1,36
1,0
1,18
1,23
1,52
1,74
1,7
1,6
1,15
1,21
1,0
1,28
1,0
1,3
1,3
1,0
1,16
1,60
1,7
1,31
1,14
1,4
1,11
1,18
1,0
1,15
1,10
1,0
1,4
1,124
1,63
1,16
1,10
1,0
1,14
1,1
1,20
1,5
1,11
1,4
1,0
1,18
1,205
1,0
1,19
1,19
1,0
1,28
1,15
1,20
1,23
1,1
1,16
1,0
1,13
1,35
1,10
1,4
1,0
1,82
1,5
1,13
1,19
1,26
1,51
1,3
1,13
1,107
1,49
1,14
1,54
1,42
1,10
1,9
1,0
1,7
1,5
1,0
1,8
1,33
1,0
1,0
1,22
1,60
1,9
1,18
1,21
1,129
1,20
1,19
1,15
1,8
1,17
1,58
1,78
1,59
1,8
1,487
1,0
1,0
1,50
1,0
1,18
1,34
1,4
1,31
1,51
1,25
1,14
1,4
1,21
1,3
1,17
1,24
1,42
1,3
1,14
1,25
1,20
1,0
1,19
1,0
1,28
1,42
1,18
1,11
1,0
1,53
1,43
1,58
1,0
1,1
1,9
1,32
1,20
1,0
1,43
1,21
1,27
1,29
1,86
1,7
1,2
1,24
1,5
1,65
1,8
1,73
1,2
1,3
1,7
1,19
1,8
1,75
1,2
1,0
1,3
1,16
1,24
1,36
1,10
1,24
1,5
1,20
1,22
1,18
1,0
1,0
1,10
1,22
1,0
1,0
1,103
1,77
1,0
1,8
1,0
1,70
1,6
1,40
1,32
1,13
1,0
1,49
1,0
1,10
1,9
1,17
1,50
1,2
1,4
1,27
1,16
1,7
1,3
1,26
1,21
1,0
1,0
1,4
1,21
1,23
1,40
1,40
1,40
1,44
1,0
1,5
1,0
1,0
1,14
1,10
1,46
1,0
1,3
1,61
1,34
1,47
1,181
1,63
1,25
1,18
1,3
1,5
1,25
1,129
1,12
1,12
1,43
1,11
1,9
1,7
1,0
1,99
1,4
1,13
1,80
1,8
1,61
1,25
1,0
1,22
1,16
1,2
1,65
1,0
1,38
1,21
1,8
1,11
1,0
1,23
1,6
1,0
1,56
1,26
1,20
1,25
1,26
1,16
1,64
1,0
1,1
1,5
1,92
1,10
1,7
1,0
1,20
1,22
1,0
1,0
1,22
1,0
1,15
1,3
1,1
1,5
1,0
1,43
1,0
1,14
1,35
1,23
1,5
1,8
1,21
1,15
1,43
1,19
1,7
1,0
1,10
1,0
1,0
1,112
1,0
1,4
1,0
1,29
1,0
1,24
1,32
1,7
1,0
1,0
1,2
1,21
1,0
1,13
1,51
1,6
1,59
1,65
1,0
1,3
1,37
1,15
1,0
1,24
1,0
1,46
1,2
1,24
1,0
1,25
1,56
1,14
1,4
1,15
1,0
1,0
1,25
1,17
1,11
1,17
1,58
1,9
1,0
1,23
1,0
1,4
1,1
1,0
1,4
1,0
1,61
1,2
1,9
1,11
1,12
1,0
1,14
1,85
1,22
1,25
1,11
1,21
1,0
1,23
1,3
1,10
1,10
1,1
1,14
1,4
1,9
1,18
1,94
1,133
1,16
1,0
1,3
1,0
1,32
1,0
1,36
1,13
1,15
1,7
1,15
1,2
1,471
1,44
1,10
1,29
1,40
1,8
1,56
1,0
1,22
1,0
1,55
1,21
1,23
1,43
1,1
1,6
1,14
1,27
1,171
1,3
1,10
1,68
1,18
1,0
1,18
1,12
1,18
1,7
1,2
1,113
1,5
1,6
1,12
1,2
1,23
1,168
1,16
1,31
1,0
1,0
1,11
1,38
1,27
1,23
1,13
1,5
1,0
1,9
1,0
1,53
1,12
1,0
1,126
1,9
1,25
1,5
1,3
1,40
1,9
1,18
1,66
1,4
1,29
1,17
1,1
1,3
1,82
1,21
1,0
1,674
1,3
1,5
1,0
1,11
1,0
1,13
1,3
1,0
1,12
1,17
1,90
1,127
1,41
1,0
1,16
1,128
1,15
1,4
1,44
1,0
1,34
1,26
1,20
1,39
1,29
1,12
10,160
10,369
10,164
10,122
10,334
10,205
10,549
10,52
10,224
10,271
10,196
10,223
10,29
10,213
10,83
10,286
10,79
10,202
10,114
10,457
10,417
10,268
10,200
10,477
10,193
10,404
10,7
10,290
10,62
10,762
10,193
10,206
10,764
10,157
10,146
10,179
10,276
10,23
10,137
10,318
10,195
10,180
10,216
10,468
10,970
10,202
10,114
10,141
10,407
10,216
10,133
10,260
10,332
10,459
10,569
10,585
10,342
10,69
10,256
10,339
10,231
10,354
10,379
10,68
10,535
10,94
10,264
10,120
10,658
10,165
10,396
10,105
10,166
10,401
10,906
10,317
10,220
10,139
10,326
10,430
10,214
10,67
10,159
10,606
10,210
10,171
10,194
10,100
10,254
10,749
10,21
10,259
10,247
10,287
10,216
10,75
10,23
10,74
10,65
10,89
10,400
10,367
10,436
10,186
10,429
10,58
10,342
10,46
10,351
10,505
10,125
10,150
10,413
10,530
10,363
10,383
10,291
10,267
10,218
10,13
10,285
10,192
10,485
10,296
10,381
10,445
10,88
10,215
10,209
10,215
10,165
10,170
10,438
10,212
10,116
10,96
10,191
10,203
10,359
10,415
10,239
10,39
10,414
10,521
10,283
10,182
10,53
10,198
10,280
10,300
10,208
10,142
10,206
10,155
10,148
10,175
10,144
10,289
10,26
10,439
10,149
10,35
10,121
10,123
10,185
10,304
10,70
10,144
10,156
10,119
10,365
10,104
10,243
10,158
10,8
10,117
10,58
10,504
10,222
10,340
10,579
10,143
10,80
10,295
10,211
10,307
10,369
10,556
10,241
10,115
10,220
10,91
10,75
10,187
10,390
10,102
10,258
10,4
10,521
10,83
10,265
10,495
10,164
10,129
10,65
10,229
10,157
10,119
10,65
10,267
10,299
10,155
10,366
10,252
10,24
10,267
10,168
10,0
10,26
10,342
10,168
10,195
10,117
10,53
10,331
10,196
10,69
10,4
10,56
10,118
10,218
10,229
10,55
10,280
10,96
10,114
10,106
10,631
10,166
10,191
10,284
10,1
10,70
10,97
10,407
10,130
10,33
10,332
10,29
10,448
10,84
10,41
10,123
10,52
10,256
10,327
10,157
10,153
10,2
10,277
10,240
10,75
10,60
10,232
10,157
10,254
10,433
10,314
10,324
10,118
10,298
10,112
10,498
10,41
10,184
10,68
10,27
10,293
10,426
10,150
10,145
10,87
10,230
10,463
10,106
10,118
10,424
10,142
10,328
10,144
10,343
10,93
10,109
10,397
10,355
10,447
10,308
10,389
10,311
10,147
10,220
10,435
10,27
10,294
10,94
10,139
10,289
10,50
10,1652
10,422
10,77
10,22
10,302
10,145
10,105
10,91
10,92
10,322
10,352
10,124
10,276
10,907
10,142
10,6
10,107
10,259
10,457
10,93
10,119
10,227
10,56
10,500
10,31
10,159
10,11
10,168
10,420
10,157
10,233
10,31
10,78
10,276
10,34
10,30
10,421
10,19
10,233
10,472
10,97
10,73
10,396
10,146
10,174
10,193
10,247
10,247
10,70
10,133
10,233
10,301
10,124
10,145
10,23
10,336
10,105
10,716
10,83
10,318
10,155
10,325
10,418
10,190
10,114
10,312
10,113
10,133
10,85
10,361
10,216
10,204
10,198
10,70
10,451
10,172
10,77
10,245
10,363
10,485
10,556
10,92
10,315
10,193
10,521
10,278
10,517
10,75
10,276
10,284
10,0
10,317
10,140
10,347
10,64
10,671
10,66
10,177
10,165
10,21
10,206
10,216
10,539
10,378
10,300
10,119
10,39
10,237
10,888
10,531
10,345
10,86
10,79
10,389
10,12
10,149
10,183
10,259
10,626
10,243
10,240
10,198
10,150
10,21
10,141
10,53
10,628
10,117
10,318
10,144
10,78
10,50
10,786
10,17
10,70
10,213
10,130
10,116
10,244
10,271
10,203
10,270
10,188
10,635
10,384
10,349
10,96
10,332
10,427
10,7
10,400
10,186
10,391
10,232
10,440
10,122
10,182
10,339
10,299
10,175
10,113
10,134
10,234
10,490
10,124
10,33
10,413
10,1056
10,232
10,239
10,239
10,157
10,336
10,215
10,101
10,67
10,264
10,92
10,75
10,129
10,13
10,11
10,367
10,497
10,155
10,724
10,228
10,28
10,202
10,181
10,170
10,115
10,276
10,178
10,309
10,95
10,509
10,37
10,47
10,1242
10,206
10,86
10,637
10,216
10,33
10,160
10,475
10,213
10,75
10,274
10,242
10,310
10,194
10,201
10,76
10,173
10,340
10,57
10,201
10,304
10,456
10,779
10,175
10,596
10,281
10,32
10,94
10,138
10,84
10,354
10,94
10,594
10,1
10,109
10,287
10,396
10,115
10,77
10,135
10,220
10,218
10,103
10,757
10,355
10,19
10,99
10,357
10,588
10,311
10,684
10,142
10,172
10,139
10,153
10,168
10,140
10,1
10,81
10,116
10,312
10,249
10,191
10,53
10,223
10,67
10,56
10,629
10,135
10,302
10,116
10,614
10,254
10,333
10,169
10,92
10,60
10,277
10,149
10,138
10,193
10,169
10,139
10,313
10,178
10,166
10,11
10,81
10,280
10,179
10,237
10,114
10,354
10,197
10,0
10,70
10,159
10,126
10,217
10,114
10,109
10,14
10,193
10,121
10,41
10,190
10,414
10,97
10,299
10,378
10,336
10,465
10,92
10,77
10,67
10,79
10,266
10,94
10,82
10,193
10,188
10,57
10,155
10,202
10,325
10,524
10,102
10,31
10,248
10,348
10,68
10,166
10,124
10,352
10,2
10,116
10,37
10,123
10,207
10,227
10,295
10,957
10,73
10,291
10,292
10,87
10,460
10,18
10,171
10,369
10,275
10,192
10,94
10,20
10,209
10,60
10,126
10,95
10,166
10,610
10,231
10,135
10,230
10,124
10,27
10,155
10,24
10,35
10,90
10,168
10,318
10,520
10,143
10,531
10,31
10,145
10,141
10,221
10,104
10,383
10,127
10,329
10,200
10,173
10,27
10,47
10,194
10,123
10,443
10,124
10,107
10,24
10,97
10,163
10,701
10,338
10,8
10,67
10,217
10,209
10,196
10,91
10,96
10,160
10,17
10,168
10,85
10,597
10,180
10,192
10,274
10,207
10,381
10,136
10,153
10,26
10,282
10,89
10,178
10,339
10,220
10,203
10,245
10,150
10,42
10,172
10,63
10,156
10,146
10,74
10,78
10,333
10,81
10,14
10,25
10,210
10,164
10,187
10,267
10,390
10,217
10,551
10,134
10,197
10,45
10,162
10,140
10,259
10,95
10,151
10,543
10,69
10,96
10,69
10,7
10,78
10,80
10,197
10,242
10,337
10,183
10,174
10,78
10,191
10,122
10,126
10,145
10,203
10,3736
10,124
10,486
10,219
10,149
10,125
10,51
10,217
10,349
10,263
10,61
10,1922
10,129
10,113
10,178
10,263
10,246
10,195
10,844
10,22
10,316
10,93
10,196
10,332
10,56
10,78
10,126
10,1
10,377
10,288
10,15
10,298
10,116
10,21
10,328
10,162
10,47
10,102
10,830
10,90
10,123
10,147
10,105
10,147
10,103
10,166
10,918
10,111
10,91
10,58
10,102
10,394
10,116
10,232
10,94
10,215
10,86
10,95
10,256
10,219
10,302
10,401
10,98
10,706
10,317
10,416
10,328
10,200
10,137
10,303
10,176
10,21
10,143
10,365
10,313
10,364
10,291
10,264
10,450
10,98
10,194
10,321
10,291
10,87
10,924
10,16
10,366
10,123
10,197
10,315
10,228
10,193
10,177
10,222
10,193
10,173
10,491
10,345
10,78
10,369
10,87
10,443
10,263
10,66
10,296
10,54
10,16
10,219
10,433
10,189
10,106
10,31
10,277
10,346
10,188
10,43
10,314
10,34
10,148
10,605
10,17
10,123
10,126
10,1596
10,130
10,188
10,44
10,395
10,526
10,104
10,156
10,89
10,191
10,108
10,18
10,457
10,141
10,292
10,395
10,92
10,120
10,116
10,177
10,117
10,162
10,182
10,169
10,38
10,99
10,165
10,69
10,283
10,16
10,185
10,9
10,219
10,463
10,201
10,137
10,94
10,26
10,168
10,301
10,100
10,124
10,286
10,190
10,74
10,209
10,315
10,132
10,18
10,827
10,266
10,203
10,72
10,280
10,34
10,60
10,484
10,55
10,31
10,144
10,145
10,376
10,132
10,173
10,18
10,115
10,111
10,247
10,47
10,310
10,211
10,199
10,197
10,125
10,63
10,425
10,185
10,339
10,217
10,120
10,157
10,267
10,114
10,117
10,300
10,157
10,312
10,214
10,85
10,265
10,74
10,490
10,110
10,84
10,238
10,127
10,101
10,181
10,109
10,283
10,133
10,94
20,48
20,220
20,65
20,81
20,241
20,270
20,179
20,583
20,1012
20,375
20,361
20,47
20,185
20,165
20,1131
20,407
20,260
20,302
20,144
20,50
20,791
20,101
20,201
20,304
20,608
20,280
20,296
20,331
20,295
20,234
20,300
20,99
20,89
20,318
20,511
20,179
20,518
20,612
20,367
20,820
20,18
20,324
20,672
20,645
20,363
20,482
20,471
20,338
20,800
20,400
20,340
20,388
20,183
20,250
20,272
20,391
20,242
20,955
20,1193
20,407
20,877
20,269
20,311
20,245
20,260
20,621
20,945
20,708
20,998
20,499
20,289
20,479
20,294
20,860
20,782
20,401
20,257
20,630
20,271
20,463
20,940
20,908
20,678
20,717
20,945
20,313
20,402
20,263
20,706
20,7
20,253
20,490
20,508
20,523
20,202
20,696
20,593
20,37
20,138
20,188
20,75
20,430
20,271
20,376
20,794
20,183
20,85
20,584
20,152
20,868
20,35
20,619
20,508
20,868
20,250
20,51
20,400
20,313
20,115
20,55
20,1223
20,467
20,202
20,169
20,411
20,353
20,401
20,469
20,243
20,223
20,149
20,643
20,262
20,219
20,5
20,171
20,375
20,571
20,637
20,260
20,1366
20,234
20,319
20,1076
20,305
20,25
20,773
20,691
20,763
20,130
20,43
20,11
20,864
20,980
20,680
20,135
20,138
20,459
20,52
20,384
20,67
20,95
20,350
20,174
20,941
20,415
20,391
20,9
20,709
20,147
20,228
20,396
20,191
20,712
20,473
20,560
20,150
20,340
20,493
20,224
20,362
20,431
20,337
20,647
20,362
20,239
20,210
20,202
20,307
20,77
20,479
20,908
20,381
20,428
20,205
20,649
20,282
20,81
20,169
20,580
20,313
20,664
20,349
20,361
20,173
20,1039
20,44
20,798
20,163
20,1161
20,360
20,624
20,441
20,22
20,207
20,440
20,341
20,519
20,156
20,188
20,364
20,394
20,364
20,440
20,411
20,242
20,1366
20,993
20,397
20,243
20,413
20,529
20,310
20,355
20,116
20,928
20,129
20,434
20,844
20,313
20,179
20,87
20,396
20,328
20,800
20,283
20,125
20,441
20,2548
20,133
20,976
20,998
20,459
20,149
20,659
20,234
20,252
20,556
20,523
20,639
20,996
20,147
20,197
20,718
20,364
20,414
20,796
20,757
20,158
20,520
20,685
20,319
20,88
20,123
20,339
20,261
20,289
20,606
20,136
20,189
20,837
20,157
20,455
20,544
20,336
20,947
20,672
20,15
20,440
20,224
20,601
20,39
20,238
20,242
20,270
20,195
20,388
20,248
20,292
20,610
20,114
20,169
20,537
20,263
20,18
20,354
20,773
20,196
20,179
20,670
20,332
20,616
20,269
20,650
20,312
20,294
20,245
20,263
20,423
20,154
20,227
20,963
20,869
20,344
20,259
20,970
20,376
20,458
20,9
20,421
20,702
20,444
20,223
20,476
20,76
20,48
20,669
20,154
20,158
20,362
20,432
20,246
20,112
20,148
20,374
20,144
20,280
20,0
20,297
20,442
20,139
20,1506
20,303
20,146
20,718
20,669
20,477
20,734
20,376
20,569
20,503
20,593
20,824
20,126
20,323
20,35
20,412
20,433
20,269
20,99
20,936
20,231
20,726
20,262
20,822
20,178
20,245
20,673
20,889
20,261
20,363
20,191
20,687
20,122
20,157
20,175
20,147
20,97
20,292
20,162
20,346
20,276
20,170
20,404
20,734
20,24
20,749
20,405
20,403
20,417
20,331
20,409
20,301
20,613
20,109
20,34
20,381
20,189
20,380
20,890
20,227
20,727
20,111
20,484
20,200
20,302
20,537
20,658
20,46
20,973
20,610
20,225
20,328
20,626
20,69
20,216
20,715
20,334
20,444
20,408
20,906
20,787
20,705
20,307
20,143
20,65
20,816
20,143
20,475
20,491
20,967
20,109
20,883
20,487
20,783
20,328
20,171
20,531
20,796
20,260
20,329
20,93
20,171
20,548
20,524
20,345
20,325
20,433
20,203
20,175
20,657
20,733
20,1041
20,476
20,422
20,130
20,426
20,230
20,12
20,363
20,222
20,607
20,213
20,460
20,176
20,7
20,282
20,219
20,192
20,300
20,785
20,243
20,195
20,253
20,897
20,611
20,546
20,156
20,344
20,271
20,235
20,509
20,112
20,446
20,339
20,279
20,114
20,112
20,132
20,609
20,101
20,83
20,334
20,347
20,458
20,121
20,164
20,715
20,195
20,353
20,268
20,136
20,313
20,524
20,762
20,622
20,330
20,133
20,640
20,458
20,21
20,59
20,322
20,527
20,297
20,6
20,598
20,125
20,178
20,321
20,516
20,274
20,274
20,126
20,206
20,211
20,360
20,305
20,508
20,762
20,298
20,629
20,323
20,235
20,244
20,621
20,308
20,481
20,310
20,172
20,697
20,161
20,188
20,819
20,550
20,471
20,203
20,573
20,125
20,449
20,1521
20,373
20,472
20,0
20,199
20,34
20,68
20,709
20,154
20,283
20,160
20,892
20,986
20,148
20,129
20,758
20,503
20,707
20,425
20,141
20,221
20,158
20,279
20,89
20,438
20,338
20,624
20,1046
20,290
20,606
20,722
20,43
20,333
20,388
20,735
20,582
20,18
20,54
20,756
20,23
20,274
20,238
20,551
20,529
20,44
20,1057
20,38
20,64
20,409
20,262
20,615
20,482
20,583
20,574
20,457
20,413
20,270
20,588
20,529
20,522
20,210
20,119
20,136
20,718
20,481
20,870
20,252
20,362
20,271
20,494
20,179
20,665
20,576
20,798
20,417
20,570
20,87
20,268
20,312
20,285
20,35
20,451
20,456
20,329
20,457
20,334
20,447
20,149
20,568
20,30
20,498
20,315
20,228
20,316
20,448
20,220
20,350
20,528
20,62
20,981
20,641
20,635
20,118
20,141
20,729
20,334
20,354
20,810
20,410
20,643
20,593
20,545
20,545
20,910
20,682
20,82
20,1920
20,223
20,334
20,649
20,505
20,87
20,51
20,680
20,453
20,336
20,328
20,44
20,282
20,585
20,923
20,1105
20,567
20,156
20,141
20,194
20,1060
20,670
20,542
20,176
20,441
20,391
20,401
20,19
20,60
20,156
20,223
20,237
20,713
20,496
20,358
20,199
20,860
20,462
20,346
20,317
20,932
20,484
20,538
20,68
20,234
20,320
20,677
20,213
20,683
20,716
20,278
20,279
20,124
20,107
20,8
20,309
20,312
20,22
20,319
20,651
20,908
20,261
20,355
20,297
20,340
20,560
20,131
20,284
20,302
20,184
20,316
20,124
20,856
20,65
20,114
20,381
20,439
20,252
20,437
20,13
20,120
20,279
20,116
20,412
20,688
20,270
20,317
20,656
20,632
20,355
20,346
20,353
20,383
20,56
20,799
20,535
20,458
20,390
20,610
20,467
20,418
20,837
20,169
20,678
20,324
20,383
20,51
20,38
20,121
20,140
20,431
20,253
20,463
20,814
20,203
20,459
20,147
20,363
20,282
20,162
20,138
20,624
20,288
20,397
20,914
20,1016
20,680
20,554
20,25
20,416
20,319
20,34
20,309
20,871
20,67
20,69
20,596
20,205
20,491
20,182
20,620
20,781
20,52
20,316
20,457
20,203
20,160
20,331
20,448
20,240
20,303
20,603
20,460
20,605
20,106
20,17
20,372
20,738
20,382
20,492
20,253
20,114
20,608
20,384
20,745
20,158
20,476
20,171
20,531
20,101
20,163
20,263
20,453
20,297
20,408
20,478
20,199
20,475
20,431
20,490
20,1065
20,188
20,137
20,368
20,1169
20,669
20,345
20,399
20,113
20,99
20,375
20,39
20,307
20,336
20,135
20,347
20,874
20,804
20,372
20,433
20,342
20,323
20,111
20,218
20,580
20,184
20,202
20,222
20,308
20,758
20,33
20,352
20,431
20,87
20,13
20,471
20,93
20,248
20,170
20,296
20,386
20,420
20,20
20,151
20,536
20,481
20,546
20,641
20,285
20,349
20,281
20,73
20,284
20,624
20,809
20,1111
20,470
20,448
20,219
20,398
20,150
20,416
20,606
20,306
20,544
20,144
20,248
20,195
20,240
20,312
20,462
20,91
20,327
20,1316
20,845
20,196
20,162
20,85
20,142
20,316
20,889
20,436
20,744
20,237
20,763
20,118
20,382
20,186
20,0
20,714
20,474
20,453
20,614
20,367
20,147
20,1419
20,784
20,406
20,487
20,401
20,756
20,726
20,135
20,492
20,237
20,455
20,215
20,454
20,60
20,210
20,875
20,701
20,732
20,512
20,418
20,268
20,97
20,296
20,484
20,148
20,368
20,161
20,236
20,269
20,88
20,259
20,244
20,383
20,450
20,609
20,72
20,98
20,1095
20,650
20,2083
20,497
20,342
20,213
20,208
20,300
20,210
20,363
20,278
20,516
30,449
30,404
30,104
30,1132
30,355
30,1099
30,163
30,237
30,133
30,598
30,275
30,945
30,69
30,922
30,877
30,172
30,402
30,293
30,894
30,621
30,458
30,157
30,318
30,992
30,1468
30,1148
30,392
30,373
30,305
30,949
30,62
30,457
30,481
30,300
30,731
30,1231
30,664
30,1394
30,333
30,791
30,1246
30,691
30,0
30,1105
30,220
30,335
30,152
30,884
30,374
30,1056
30,758
30,134
30,1327
30,395
30,231
30,127
30,453
30,799
30,1007
30,318
30,103
30,685
30,360
30,137
30,866
30,910
30,8
30,905
30,695
30,457
30,833
30,195
30,15
30,125
30,903
30,295
30,632
30,1001
30,676
30,272
30,813
30,991
30,234
30,1189
30,108
30,368
30,331
30,452
30,453
30,331
30,936
30,123
30,617
30,1179
30,280
30,667
30,189
30,18
30,620
30,56
30,676
30,1218
30,52
30,689
30,1025
30,806
30,1793
30,822
30,271
30,834
30,297
30,283
30,56
30,152
30,407
30,285
30,2488
30,1142
30,547
30,480
30,498
30,274
30,28
30,1293
30,649
30,586
30,591
30,582
30,484
30,647
30,862
30,406
30,616
30,712
30,325
30,518
30,617
30,191
30,688
30,610
30,200
30,1064
30,641
30,270
30,263
30,436
30,517
30,321
30,109
30,671
30,1012
30,520
30,1542
30,776
30,550
30,1733
30,261
30,39
30,503
30,37
30,42
30,567
30,365
30,329
30,860
30,402
30,41
30,297
30,803
30,1811
30,553
30,553
30,68
30,1239
30,310
30,304
30,505
30,326
30,1175
30,381
30,442
30,49
30,260
30,1230
30,514
30,497
30,1166
30,896
30,1363
30,928
30,1904
30,769
30,805
30,382
30,197
30,447
30,763
30,841
30,839
30,599
30,229
30,354
30,814
30,790
30,160
30,896
30,234
30,34
30,290
30,434
30,286
30,1000
30,234
30,911
30,12
30,43
30,224
30,736
30,880
30,325
30,1476
30,818
30,1071
30,544
30,81
30,956
30,1086
30,983
30,173
30,1316
30,271
30,330
30,687
30,327
30,605
30,220
30,837
30,1231
30,219
30,742
30,177
30,658
30,547
30,879
30,869
30,829
30,445
30,518
30,659
30,915
30,266
30,290
30,38
30,337
30,637
30,219
30,146
30,735
30,1264
30,360
30,219
30,1271
30,633
30,1035
30,172
30,504
30,445
30,413
30,654
30,667
30,113
30,1172
30,929
30,710
30,429
30,474
30,1331
30,820
30,420
30,1117
30,131
30,454
30,119
30,117
30,323
30,713
30,882
30,74
30,372
30,727
30,334
30,318
30,298
30,821
30,232
30,81
30,675
30,573
30,1216
30,1447
30,597
30,339
30,348
30,450
30,238
30,117
30,1623
30,648
30,563
30,712
30,1405
30,385
30,1170
30,141
30,380
30,654
30,351
30,1502
30,499
30,612
30,1711
30,195
30,416
30,1465
30,1060
30,614
30,834
30,632
30,732
30,332
30,254
30,39
30,820
30,707
30,756
30,317
30,631
30,763
30,960
30,315
30,284
30,243
30,185
30,644
30,398
30,406
30,481
30,773
30,273
30,275
30,654
30,963
30,58
30,573
30,242
30,696
30,894
30,754
30,160
30,1497
30,300
30,926
30,251
30,591
30,1081
30,419
30,507
30,28
30,501
30,239
30,831
30,361
30,722
30,1342
30,607
30,468
30,1492
30,207
30,612
30,424
30,218
30,945
30,458
30,249
30,667
30,282
30,819
30,768
30,447
30,1554
30,355
30,540
30,448
30,350
30,56
30,794
30,283
30,424
30,175
30,31
30,362
30,560
30,272
30,1805
30,879
30,271
30,179
30,559
30,1604
30,1050
30,1221
30,234
30,1034
30,599
30,220
30,209
30,870
30,582
30,1362
30,1223
30,962
30,524
30,303
30,266
30,1590
30,333
30,356
30,623
30,338
30,71
30,402
30,1208
30,650
30,326
30,713
30,226
30,618
30,129
30,1578
30,995
30,367
30,220
30,1120
30,515
30,474
30,360
30,311
30,616
30,352
30,26
30,259
30,504
30,290
30,605
30,739
30,203
30,1117
30,505
30,366
30,412
30,1320
30,379
30,284
30,2643
30,566
30,996
30,190
30,637
30,512
30,671
30,437
30,373
30,1622
30,1842
30,337
30,509
30,966
30,24
30,216
30,367
30,918
30,438
30,140
30,642
30,648
30,201
30,210
30,902
30,591
30,731
30,243
30,668
30,259
30,902
30,317
30,1095
30,156
30,1138
30,318
30,1210
30,65
30,320
30,1104
30,292
30,983
30,1019
30,794
30,1302
30,199
30,814
30,497
30,519
30,178
30,899
30,1145
30,734
30,377
30,769
30,299
30,470
30,268
30,1092
30,55
30,262
30,571
30,419
30,459
30,522
30,1001
30,689
30,2088
30,1353
30,479
30,272
30,635
30,576
30,913
30,271
30,83
30,220
30,210
30,1202
30,606
30,101
30,510
30,900
30,1093
30,649
30,41
30,646
30,888
30,317
30,1439
30,885
30,547
30,566
30,724
30,785
30,166
30,134
30,885
30,1197
30,1247
30,626
30,283
30,206
30,915
30,420
30,469
30,535
30,1284
30,483
30,431
30,1176
30,660
30,286
30,280
30,966
30,1040
30,391
30,839
30,609
30,1042
30,682
30,537
30,27
30,174
30,1240
30,399
30,768
30,73
30,144
30,215
30,366
30,364
30,374
30,508
30,227
30,416
30,517
30,295
30,1384
30,379
30,379
30,527
30,617
30,715
30,592
30,877
30,788
30,710
30,774
30,1270
30,49
30,537
30,48
30,763
30,412
30,579
30,1099
30,434
30,235
30,202
30,268
30,68
30,927
30,11
30,132
30,242
30,835
30,392
30,35
30,888
30,645
30,380
30,39
30,377
30,699
30,296
30,311
30,213
30,574
30,499
30,308
30,886
30,660
30,783
30,189
30,834
30,323
30,728
30,618
30,1403
30,29
30,384
30,145
30,692
30,1383
30,858
30,577
30,502
30,954
30,208
30,267
30,239
30,748
30,101
30,427
30,594
30,681
30,634
30,690
30,614
30,1429
30,1056
30,325
30,1007
30,423
30,38
30,395
30,410
30,403
30,816
30,724
30,634
30,1496
30,197
30,313
30,893
30,1133
30,712
30,443
30,88
30,673
30,102
30,315
30,372
30,915
30,9
30,427
30,823
30,460
30,565
30,423
30,1156
30,474
30,1126
30,329
30,1131
30,80
30,354
30,788
30,659
30,741
30,580
30,325
30,424
30,364
30,1048
30,1363
30,903
30,360
30,1288
30,1360
30,485
30,177
30,905
30,1519
30,34
30,1058
30,372
30,1150
30,368
30,735
30,841
30,931
30,764
30,312
30,665
30,732
30,411
30,58
30,45
30,399
30,54
30,163
30,819
30,811
30,648
30,541
30,1036
30,630
30,454
30,266
30,677
30,175
30,20
30,962
30,195
30,903
30,1047
30,127
30,664
30,579
30,77
30,1475
30,636
30,170
30,1282
30,773
30,1061
30,35
30,173
30,624
30,846
30,330
30,355
30,319
30,683
30,901
30,417
30,518
30,924
30,739
30,682
30,269
30,595
30,464
30,340
30,446
30,613
30,1401
30,776
30,714
30,1543
30,826
30,973
30,378
30,206
30,527
30,852
30,442
30,87
30,294
30,889
30,251
30,397
30,755
30,212
30,221
30,903
30,763
30,413
30,980
30,354
30,464
30,707
30,550
30,665
30,78
30,7
30,478
30,755
30,287
30,711
30,641
30,666
30,640
30,551
30,602
30,575
30,1314
30,87
30,965
30,80
30,323
30,523
30,320
30,435
30,580
30,211
30,479
30,1001
30,591
30,895
30,1245
30,962
30,509
30,462
30,796
30,302
30,95
30,631
30,1379
30,430
30,547
30,646
30,659
30,924
30,763
30,1466
30,470
30,1666
30,275
30,287
30,414
30,342
30,522
30,391
30,773
30,352
30,1371
30,748
30,859
30,405
30,390
30,721
30,174
30,255
30,570
30,609
30,310
30,284
30,1129
30,249
30,159
30,393
30,253
30,137
30,251
30,478
30,1434
30,257
30,1109
30,669
30,419
30,1596
30,165
30,943
30,643
30,730
30,665
30,807
30,341
30,275
30,370
30,42
30,716
30,679
30,370
30,555
30,985
30,589
30,101
30,981
30,76
30,533
30,347
30,539
30,106
30,388
30,593
30,346
30,716
30,646
30,1491
30,260
30,1088
30,443
30,588
30,498
30,741
30,907
30,946
30,448
30,330
30,251
30,304
30,566
30,885
30,917
30,774
30,1019
30,456
30,1450
30,219
30,1181
30,341
30,507
30,378
30,884
30,510
30,659
30,465
30,876
30,81
30,1116
30,168
30,259
30,158
30,501
30,541
30,307
30,205
30,383
30,1872
30,75
30,287
30,59
30,720
30,759
30,282
30,456
30,7
30,304
30,903
30,473
30,92
30,105
30,265
30,31
30,467
30,613
30,280
30,4
30,918
30,788
30,482
30,1036
30,238
30,556
30,169
30,391
30,278
30,960
30,668
30,358
30,727
30,269
30,200
40,471
40,1209
40,715
40,57
40,1011
40,380
40,866
40,2728
40,637
40,206
40,941
40,700
40,104
40,384
40,110
40,249
40,292
40,944
40,801
40,1148
40,439
40,677
40,176
40,1260
40,1329
40,503
40,773
40,1598
40,1624
40,906
40,755
40,1093
40,248
40,180
40,270
40,651
40,1377
40,202
40,473
40,11
40,1324
40,1391
40,846
40,345
40,362
40,1017
40,1304
40,82
40,1309
40,951
40,664
40,590
40,766
40,868
40,883
40,814
40,471
40,649
40,1041
40,395
40,186
40,1448
40,399
40,877
40,1262
40,1075
40,81
40,498
40,764
40,1051
40,326
40,578
40,587
40,525
40,753
40,392
40,923
40,561
40,1306
40,1525
40,395
40,688
40,431
40,705
40,254
40,769
40,1389
40,1372
40,108
40,719
40,800
40,745
40,35
40,497
40,726
40,537
40,1135
40,321
40,708
40,407
40,801
40,32
40,1172
40,266
40,1358
40,919
40,1105
40,274
40,981
40,445
40,335
40,995
40,288
40,7
40,928
40,882
40,1414
40,1790
40,3028
40,2099
40,889
40,1406
40,860
40,435
40,114
40,474
40,548
40,703
40,1082
40,575
40,404
40,692
40,355
40,709
40,792
40,962
40,591
40,1653
40,66
40,1535
40,941
40,1059
40,289
40,675
40,390
40,27
40,763
40,1363
40,1256
40,706
40,637
40,518
40,1675
40,1149
40,756
40,1630
40,680
40,741
40,1568
40,923
40,755
40,399
40,376
40,394
40,1179
40,943
40,905
40,973
40,413
40,440
40,273
40,388
40,314
40,887
40,730
40,810
40,1056
40,2074
40,559
40,1491
40,1155
40,1417
40,20
40,943
40,1559
40,160
40,1095
40,556
40,268
40,1128
40,272
40,446
40,1385
40,642
40,338
40,2978
40,293
40,969
40,541
40,463
40,1579
40,768
40,943
40,1529
40,1376
40,871
40,183
40,1011
40,436
40,110
40,639
40,831
40,1098
40,37
40,300
40,551
40,1222
40,746
40,784
40,528
40,1005
40,608
40,691
40,371
40,886
40,66
40,860
40,89
40,91
40,21
40,864
40,603
40,830
40,536
40,1408
40,770
40,592
40,532
40,1194
40,730
40,1298
40,1398
40,231
40,934
40,254
40,215
40,304
40,451
40,249
40,663
40,328
40,2067
40,956
40,1018
40,1755
40,944
40,605
40,904
40,878
40,847
40,275
40,699
40,513
40,752
40,521
40,774
40,896
40,731
40,1251
40,1179
40,1766
40,347
40,799
40,148
40,595
40,570
40,679
40,244
40,2
40,550
40,1775
40,219
40,821
40,643
40,745
40,215
40,87
40,567
40,617
40,1081
40,455
40,1439
40,243
40,548
40,1093
40,943
40,1098
40,669
40,2610
40,1453
40,1180
40,1072
40,1463
40,685
40,1886
40,303
40,411
40,1330
40,1815
40,999
40,387
40,242
40,220
40,435
40,1380
40,791
40,981
40,731
40,853
40,825
40,601
40,927
40,113
40,817
40,587
40,977
40,897
40,375
40,597
40,466
40,9
40,1155
40,1153
40,37
40,797
40,258
40,200
40,586
40,57
40,1369
40,414
40,870
40,1157
40,72
40,831
40,235
40,99
40,508
40,431
40,95
40,271
40,569
40,704
40,224
40,872
40,1329
40,498
40,1012
40,441
40,2150
40,1704
40,1029
40,1120
40,344
40,686
40,861
40,1967
40,474
40,627
40,583
40,2833
40,859
40,1080
40,51
40,1115
40,285
40,1008
40,462
40,728
40,1479
40,1510
40,1535
40,1006
40,1379
40,678
40,513
40,940
40,1970
40,1041
40,338
40,997
40,575
40,459
40,654
40,268
40,568
40,1056
40,215
40,1162
40,741
40,899
40,1659
40,845
40,624
40,594
40,676
40,825
40,698
40,375
40,288
40,861
40,692
40,158
40,4647
40,240
40,688
40,452
40,264
40,666
40,254
40,1213
40,379
40,193
40,748
40,764
40,1098
40,1897
40,1418
40,788
40,848
40,942
40,1350
40,512
40,372
40,568
40,1233
40,955
40,1626
40,927
40,424
40,46
40,1403
40,726
40,1531
40,1093
40,1266
40,51
40,584
40,2049
40,866
40,1220
40,1404
40,478
40,425
40,303
40,863
40,1187
40,1367
40,493
40,18
40,1463
40,1110
40,463
40,953
40,69
40,106
40,1865
40,1005
40,1276
40,390
40,727
40,497
40,54
40,140
40,1347
40,695
40,1281
40,664
40,747
40,680
40,1289
40,1104
40,1001
40,1683
40,636
40,402
40,2029
40,521
40,539
40,1273
40,622
40,989
40,325
40,617
40,636
40,759
40,360
40,586
40,1021
40,971
40,823
40,330
40,757
40,295
40,1287
40,638
40,133
40,671
40,270
40,810
40,846
40,729
40,123
40,575
40,559
40,514
40,573
40,671
40,466
40,633
40,553
40,1269
40,123
40,1930
40,504
40,654
40,324
40,347
40,431
40,1223
40,806
40,444
40,1604
40,886
40,485
40,254
40,657
40,1025
40,1116
40,785
40,807
40,830
40,631
40,726
40,808
40,692
40,653
40,1144
40,280
40,1147
40,577
40,645
40,1263
40,882
40,1236
40,1049
40,1021
40,529
40,368
40,1603
40,203
40,209
40,654
40,595
40,1090
40,490
40,1197
40,587
40,1099
40,755
40,2349
40,1639
40,273
40,1074
40,1275
40,944
40,1600
40,1164
40,362
40,386
40,699
40,627
40,771
40,952
40,622
40,906
40,533
40,1026
40,757
40,1162
40,940
40,165
40,2567
40,278
40,279
40,1241
40,823
40,180
40,772
40,497
40,1486
40,992
40,818
40,987
40,1054
40,745
40,592
40,875
40,109
40,193
40,901
40,909
40,461
40,516
40,1659
40,2423
40,855
40,235
40,436
40,573
40,459
40,1206
40,823
40,461
40,366
40,320
40,1069
40,482
40,769
40,1162
40,954
40,167
40,1740
40,380
40,341
40,599
40,1138
40,797
40,171
40,3
40,996
40,345
40,1197
40,290
40,379
40,966
40,1135
40,575
40,596
40,905
40,503
40,1118
40,631
40,601
40,2014
40,245
40,402
40,530
40,797
40,873
40,119
40,865
40,811
40,790
40,133
40,871
40,1241
40,608
40,526
40,658
40,222
40,1154
40,864
40,1628
40,1046
40,419
40,983
40,1056
40,1225
40,1599
40,282
40,1036
40,1133
40,780
40,237
40,1184
40,918
40,322
40,735
40,1305
40,1056
40,966
40,1488
40,1178
40,615
40,408
40,233
40,2128
40,1101
40,551
40,727
40,806
40,1537
40,955
40,1233
40,188
40,4661
40,333
40,609
40,1602
40,578
40,977
40,961
40,690
40,1716
40,1391
40,1814
40,1426
40,652
40,1333
40,694
40,9
40,104
40,431
40,560
40,484
40,570
40,707
40,713
40,1122
40,730
40,1146
40,1043
40,817
40,311
40,68
40,2464
40,818
40,681
40,150
40,429
40,1158
40,435
40,1887
40,712
40,400
40,751
40,700
40,678
40,1137
40,791
40,2168
40,609
40,644
40,1337
40,554
40,196
40,540
40,1181
40,76
40,1021
40,282
40,1721
40,1000
40,293
40,1105
40,1142
40,187
40,1597
40,469
40,979
40,1127
40,800
40,720
40,1093
40,713
40,1414
40,211
40,532
40,1082
40,742
40,1054
40,1369
40,907
40,1418
40,651
40,870
40,115
40,1180
40,519
40,1201
40,916
40,677
40,465
40,1502
40,1232
40,680
40,594
40,1665
40,1002
40,274
40,936
40,66
40,1202
40,562
40,591
40,537
40,918
40,707
40,1459
40,262
40,893
40,318
40,158
40,650
40,2612
40,764
40,113
40,1963
40,370
40,1384
40,980
40,136
40,943
40,1239
40,949
40,411
40,682
40,1321
40,503
40,958
40,304
40,460
40,21
40,353
40,1559
40,480
40,595
40,276
40,1826
40,1197
40,316
40,775
40,862
40,813
40,470
40,1507
40,1035
40,727
40,1807
40,728
40,547
40,234
40,478
40,1160
40,382
40,437
40,1191
40,829
40,1238
40,842
40,923
40,1226
40,588
40,22
40,951
40,513
40,616
40,27
40,943
40,120
40,543
40,1461
40,434
40,80
40,677
40,458
40,1204
40,1423
40,662
40,792
40,524
40,803
40,1552
40,998
40,588
40,378
40,600
40,862
40,1386
40,1236
40,570
40,817
40,982
40,435
40,1319
40,671
40,507
40,814
40,1059
40,534
40,824
40,77
40,1142
40,200
40,246
40,441
40,332
40,1490
40,967
40,2048
40,43
40,53
40,73
40,728
40,694
40,369
40,279
40,1102
40,688
40,609
40,573
40,1490
40,740
40,1430
40,544
40,37
40,336
40,1843
40,1285
40,442
40,939
40,172
40,903
40,566
40,1051
40,227
40,1080
40,1317
40,453
40,437
40,526
40,348
40,641
40,974
40,784
40,624
40,287
40,520
40,320
40,2030
40,407
40,1540
40,1830
40,673
40,1737
40,624
40,894
40,520
40,1355
40,272
40,223
40,1735
40,1190
40,33
40,1182
40,1126
40,1260
40,727
40,828
40,2480
40,893
40,774
40,701
40,106
40,883
40,605
40,177
40,388
40,658
40,917
40,1064
40,920
40,246
40,542
40,1020
40,862
40,391
40,699
40,998
40,300
40,449
40,131
40,77
40,1228
40,1861
40,1517
40,680
40,1729
40,402
50,305
50,1385
50,320
50,1052
50,1082
50,1556
50,1191
50,313
50,642
50,812
50,1268
50,881
50,661
50,1267
50,726
50,810
50,438
50,764
50,1435
50,385
50,168
50,1293
50,948
50,1332
50,1189
50,351
50,167
50,978
50,378
50,1571
50,518
50,760
50,132
50,1418
50,656
50,156
50,1219
50,1272
50,1578
50,914
50,1096
50,96
50,1667
50,1175
50,526
50,872
50,298
50,1076
50,532
50,1211
50,1284
50,725
50,582
50,857
50,1633
50,1087
50,37
50,1161
50,865
50,2213
50,449
50,515
50,852
50,316
50,270
50,717
50,2211
50,777
50,1282
50,1398
50,780
50,850
50,438
50,211
50,752
50,414
50,608
50,154
50,840
50,658
50,579
50,3138
50,452
50,147
50,767
50,451
50,20
50,1235
50,1679
50,499
50,1344
50,2403
50,192
50,668
50,678
50,254
50,595
50,1384
50,1178
50,1164
50,567
50,294
50,2320
50,852
50,1300
50,1219
50,1021
50,284
50,294
50,663
50,1504
50,100
50,1658
50,1656
50,442
50,1107
50,372
50,2016
50,639
50,1616
50,768
50,1144
50,1548
50,1760
50,679
50,859
50,548
50,812
50,1034
50,985
50,1411
50,967
50,331
50,867
50,748
50,1504
50,402
50,1269
50,475
50,1196
50,1233
50,924
50,2470
50,521
50,940
50,669
50,1186
50,764
50,534
50,1539
50,777
50,1336
50,1138
50,1546
50,1316
50,951
50,1073
50,695
50,980
50,1017
50,839
50,1116
50,504
50,592
50,527
50,1022
50,362
50,705
50,906
50,175
50,765
50,1678
50,1161
50,1292
50,2397
50,1741
50,573
50,1402
50,840
50,103
50,1888
50,4232
50,863
50,886
50,1328
50,1220
50,857
50,573
50,1202
50,990
50,194
50,619
50,1681
50,307
50,800
50,889
50,577
50,133
50,2250
50,883
50,697
50,491
50,1175
50,1247
50,996
50,917
50,1665
50,1329
50,2275
50,974
50,1782
50,618
50,1258
50,568
50,120
50,2264
50,428
50,693
50,1539
50,150
50,1221
50,808
50,923
50,1372
50,619
50,1966
50,1220
50,534
50,1330
50,59
50,1120
50,1101
50,522
50,770
50,910
50,189
50,1255
50,882
50,55
50,1062
50,1
50,461
50,1352
50,619
50,1003
50,762
50,1695
50,818
50,1447
50,1127
50,494
50,831
50,513
50,1015
50,1291
50,850
50,1236
50,385
50,341
50,1585
50,1614
50,971
50,698
50,1555
50,958
50,957
50,910
50,196
50,296
50,998
50,1014
50,1262
50,1067
50,1357
50,2320
50,676
50,453
50,49
50,2368
50,335
50,523
50,905
50,613
50,899
50,1242
50,1830
50,957
50,1119
50,215
50,888
50,756
50,1584
50,1739
50,1440
50,474
50,677
50,1725
50,1392
50,18
50,1509
50,529
50,3554
50,1776
50,812
50,404
50,652
50,1213
50,1489
50,1422
50,846
50,761
50,640
50,2688
50,353
50,923
50,741
50,400
50,1189
50,1062
50,632
50,1544
50,1877
50,1144
50,996
50,1591
50,1568
50,1953
50,1032
50,1673
50,320
50,1023
50,445
50,719
50,904
50,291
50,513
50,843
50,1506
50,1917
50,971
50,1079
50,260
50,501
50,1518
50,1849
50,636
50,790
50,490
50,1940
50,903
50,883
50,577
50,689
50,1047
50,223
50,1838
50,460
50,545
50,769
50,1046
50,479
50,671
50,895
50,792
50,483
50,1292
50,1109
50,1624
50,1158
50,614
50,1058
50,536
50,1514
50,641
50,1347
50,929
50,2254
50,677
50,511
50,1199
50,1210
50,763
50,1533
50,989
50,1394
50,457
50,514
50,1712
50,905
50,925
50,978
50,291
50,59
50,1460
50,1001
50,1579
50,857
50,981
50,538
50,1186
50,2190
50,1153
50,203
50,1069
50,961
50,314
50,388
50,891
50,68
50,1082
50,55
50,1227
50,444
50,1026
50,54
50,748
50,838
50,90
50,903
50,1161
50,586
50,1374
50,471
50,1300
50,1426
50,539
50,1718
50,1045
50,281
50,1674
50,1900
50,1452
50,845
50,549
50,288
50,557
50,976
50,1126
50,667
50,461
50,1882
50,456
50,477
50,997
50,809
50,568
50,1742
50,129
50,868
50,116
50,728
50,513
50,65
50,1525
50,979
50,889
50,317
50,1310
50,1443
50,984
50,130
50,474
50,738
50,1491
50,486
50,790
50,981
50,555
50,724
50,456
50,288
50,1708
50,1110
50,1386
50,331
50,1562
50,495
50,173
50,1130
50,996
50,28
50,509
50,935
50,1764
50,899
50,1526
50,179
50,1197
50,733
50,1550
50,72
50,1060
50,739
50,1079
50,241
50,617
50,1358
50,954
50,882
50,1146
50,2504
50,1080
50,129
50,1168
50,887
50,2172
50,1293
50,1404
50,635
50,998
50,1371
50,1269
50,803
50,559
50,503
50,150
50,1090
50,1608
50,728
50,1086
50,52
50,143
50,1913
50,4587
50,1353
50,857
50,1367
50,515
50,818
50,1371
50,300
50,1586
50,931
50,883
50,698
50,2501
50,606
50,1081
50,2119
50,722
50,2244
50,701
50,1212
50,710
50,131
50,2062
50,1412
50,1404
50,765
50,475
50,1191
50,1069
50,908
50,1289
50,1597
50,610
50,2081
50,1795
50,406
50,555
50,374
50,688
50,1150
50,348
50,1636
50,1299
50,619
50,1690
50,373
50,1605
50,40
50,126
50,826
50,1144
50,797
50,687
50,1255
50,534
50,818
50,1573
50,1020
50,1610
50,1403
50,846
50,2875
50,778
50,1534
50,719
50,1189
50,1180
50,844
50,1628
50,1490
50,1066
50,133
50,1715
50,627
50,588
50,721
50,899
50,1197
50,1276
50,1670
50,183
50,491
50,591
50,941
50,1182
50,639
50,573
50,14
50,3110
50,1155
50,674
50,915
50,134
50,2879
50,637
50,1665
50,823
50,615
50,669
50,1302
50,451
50,1287
50,1093
50,2255
50,45
50,2069
50,138
50,727
50,449
50,398
50,829
50,1420
50,2137
50,1186
50,754
50,925
50,1107
50,348
50,584
50,1328
50,2883
50,315
50,1039
50,314
50,584
50,833
50,854
50,673
50,441
50,845
50,2173
50,1471
50,1518
50,1250
50,1575
50,2543
50,1659
50,1099
50,763
50,476
50,893
50,1988
50,553
50,597
50,1467
50,873
50,866
50,1015
50,1343
50,2181
50,731
50,679
50,437
50,1561
50,204
50,346
50,390
50,660
50,2049
50,502
50,1301
50,1331
50,283
50,140
50,584
50,943
50,870
50,170
50,1776
50,1613
50,1198
50,712
50,713
50,1179
50,1230
50,1270
50,808
50,98
50,623
50,1236
50,363
50,1365
50,751
50,307
50,998
50,652
50,1290
50,1356
50,670
50,1823
50,2002
50,409
50,1638
50,957
50,398
50,542
50,657
50,458
50,1071
50,962
50,523
50,1695
50,1064
50,542
50,819
50,1409
50,1974
50,1413
50,345
50,1235
50,669
50,369
50,1082
50,1364
50,1545
50,1515
50,808
50,481
50,735
50,1911
50,771
50,1119
50,974
50,277
50,820
50,1125
50,1224
50,686
50,724
50,608
50,887
50,1046
50,1079
50,437
50,894
50,640
50,844
50,1788
50,1342
50,1665
50,1582
50,819
50,529
50,410
50,531
50,533
50,1167
50,898
50,556
50,559
50,865
50,1068
50,881
50,740
50,1282
50,1182
50,1579
50,838
50,801
50,1469
50,1593
50,613
50,662
50,674
50,516
50,668
50,417
50,45
50,893
50,203
50,2273
50,681
50,795
50,711
50,1178
50,1564
50,2638
50,230
50,237
50,758
50,1483
50,723
50,1857
50,148
50,1495
50,655
50,1141
50,1332
50,681
50,1605
50,479
50,1152
50,104
50,934
50,754
50,669
50,832
50,1087
50,2060
50,1272
50,3176
50,490
50,1562
50,1619
50,550
50,87
50,878
50,199
50,803
50,763
50,1375
50,1249
50,501
50,1144
50,776
50,2127
50,2185
50,1037
50,715
50,1387
50,820
50,507
50,718
50,398
50,749
50,901
50,809
50,1172
50,1257
50,638
50,728
50,1393
50,1467
50,1730
50,561
50,1141
50,1256
50,399
50,1111
50,672
50,619
50,1861
50,924
50,463
50,229
50,1412
50,746
50,373
50,1746
50,284
50,1013
50,2407
50,1122
50,295
50,236
50,435
50,916
50,505
50,736
50,1325
50,688
50,767
50,618
50,879
50,1501
50,1021
50,1601
50,517
50,112
50,527
50,714
50,913
50,2459
50,2678
50,982
50,1900
50,865
50,163
50,635
50,1092
50,1536
50,999
50,58
50,758
50,1937
50,902
50,1017
50,167
50,422
50,1166
50,534
50,466
50,446
50,533
50,765
50,457
50,1735
50,411
50,286
50,1135
50,727
50,492
50,468
50,577
50,791
50,946
50,356
50,254
50,1179
50,312
50,1032
50,577
50,917
50,4048
50,1439
50,1809
50,1030
50,1079
50,1683
50,1591
50,2483
50,525
50,1524
50,1181
50,892
50,2322
50,293
50,1244
50,576
50,889
50,3082
50,328
50,541
50,605
50,983
50,1098
50,970
50,1042
50,697
50,1479
50,1779
50,1945
50,542
50,1216
50,707
50,1313
50,1553
50,534
50,651
50,1094
50,720
50,774
50,1344
50,458
50,1623
50,1344
50,1150
50,861
50,1941
50,598
50,507
50,763
50,635
50,1620
50,797
50,583
50,1112
50,225
50,491
50,238
50,201
50,1767
50,796
50,35
50,552
50,4
50,1002
60,240
60,428
60,879
60,1033
60,1549
60,816
60,1079
60,12
60,595
60,12
60,1569
60,2632
60,2719
60,379
60,1511
60,1274
60,740
60,943
60,1059
60,830
60,1045
60,436
60,233
60,686
60,1040
60,1629
60,429
60,665
60,1462
60,1757
60,1077
60,718
60,1616
60,1591
60,1810
60,2792
60,1132
60,985
60,903
60,1561
60,473
60,548
60,247
60,1363
60,557
60,2003
60,1169
60,401
60,415
60,1440
60,1350
60,1515
60,593
60,1133
60,77
60,612
60,1505
60,1159
60,1211
60,1662
60,344
60,845
60,1057
60,1109
60,574
60,1202
60,177
60,2570
60,1090
60,405
60,1628
60,1833
60,722
60,1020
60,1502
60,270
60,1224
60,1299
60,1443
60,1228
60,1674
60,226
60,1047
60,2358
60,2036
60,2212
60,961
60,620
60,791
60,544
60,1485
60,1137
60,1485
60,1255
60,1421
60,1054
60,867
60,1050
60,1312
60,719
60,730
60,55
60,394
60,964
60,1014
60,532
60,1577
60,719
60,1646
60,93
60,1575
60,1027
60,1581
60,367
60,1388
60,1826
60,467
60,699
60,31
60,23
60,449
60,250
60,1336
60,1001
60,1273
60,2087
60,1017
60,468
60,1397
60,417
60,666
60,847
60,1311
60,2554
60,513
60,731
60,1125
60,810
60,1512
60,721
60,35
60,878
60,1859
60,780
60,1579
60,2040
60,1795
60,1218
60,492
60,1226
60,1777
60,1638
60,2
60,1136
60,87
60,1055
60,350
60,447
60,5658
60,1435
60,2005
60,2193
60,568
60,1380
60,1606
60,1009
60,2444
60,1074
60,1397
60,807
60,1032
60,1473
60,1841
60,1069
60,964
60,1282
60,1796
60,674
60,1815
60,1806
60,1580
60,1936
60,1093
60,861
60,2020
60,583
60,1102
60,521
60,650
60,1514
60,1575
60,692
60,1353
60,869
60,1066
60,2442
60,844
60,468
60,689
60,276
60,0
60,1396
60,59
60,926
60,414
60,1746
60,582
60,2423
60,1287
60,386
60,86
60,1270
60,278
60,1073
60,1402
60,1698
60,1154
60,1667
60,359
60,2128
60,2131
60,354
60,2500
60,84
60,864
60,12
60,1472
60,1304
60,787
60,1338
60,2416
60,1689
60,269
60,88
60,1274
60,977
60,1121
60,960
60,2449
60,917
60,1111
60,93
60,1116
60,629
60,46
60,584
60,1647
60,566
60,532
60,1178
60,1635
60,2042
60,1017
60,1246
60,1546
60,1108
60,1263
60,2943
60,1166
60,250
60,742
60,491
60,1035
60,708
60,900
60,1041
60,791
60,42
60,1767
60,1743
60,893
60,759
60,1288
60,717
60,996
60,625
60,324
60,1798
60,864
60,1126
60,780
60,887
60,634
60,1345
60,592
60,915
60,1594
60,1457
60,1369
60,1045
60,551
60,1177
60,609
60,158
60,951
60,1666
60,2169
60,1365
60,941
60,2199
60,1637
60,1615
60,497
60,334
60,671
60,1024
60,2340
60,964
60,809
60,722
60,965
60,684
60,1202
60,499
60,2040
60,1408
60,1210
60,644
60,131
60,1643
60,1057
60,712
60,1528
60,852
60,756
60,892
60,905
60,763
60,689
60,3521
60,2182
60,638
60,984
60,829
60,616
60,1987
60,1700
60,975
60,1062
60,1678
60,2199
60,1687
60,1515
60,1209
60,1260
60,1796
60,1688
60,1576
60,1107
60,2120
60,981
60,2231
60,2080
60,1317
60,1028
60,526
60,175
60,687
60,1467
60,757
60,699
60,1362
60,1211
60,969
60,1063
60,1422
60,686
60,60
60,657
60,49
60,451
60,1479
60,3252
60,669
60,1436
60,1112
60,541
60,849
60,1126
60,634
60,1417
60,684
60,191
60,1745
60,1514
60,561
60,812
60,762
60,29
60,805
60,2412
60,1100
60,591
60,559
60,1819
60,1684
60,715
60,146
60,831
60,991
60,1110
60,713
60,1648
60,1903
60,32
60,413
60,1209
60,597
60,2050
60,912
60,1299
60,807
60,82
60,1664
60,917
60,333
60,178
60,1221
60,703
60,487
60,963
60,2560
60,1668
60,2385
60,1686
60,1000
60,1218
60,1178
60,1004
60,1238
60,325
60,1836
60,674
60,1606
60,1263
60,1517
60,1243
60,25
60,1004
60,729
60,719
60,806
60,1024
60,1784
60,661
60,1706
60,89
60,638
60,1231
60,1644
60,1611
60,40
60,1087
60,1978
60,457
60,1712
60,1548
60,445
60,1919
60,678
60,1231
60,1124
60,780
60,1129
60,1602
60,1362
60,1323
60,1044
60,1211
60,124
60,1539
60,2099
60,1752
60,1356
60,1954
60,964
60,293
60,742
60,1622
60,779
60,1223
60,1171
60,1958
60,1116
60,571
60,1921
60,1543
60,955
60,1874
60,248
60,1843
60,819
60,932
60,878
60,604
60,891
60,633
60,68
60,756
60,2270
60,357
60,960
60,289
60,3813
60,1921
60,168
60,924
60,730
60,973
60,1041
60,126
60,1469
60,1032
60,996
60,1529
60,615
60,1417
60,1252
60,1852
60,1496
60,683
60,524
60,2538
60,2659
60,794
60,1456
60,572
60,426
60,456
60,1345
60,1606
60,1308
60,441
60,1111
60,1070
60,1545
60,49
60,627
60,368
60,222
60,275
60,1057
60,1120
60,2433
60,812
60,143
60,1689
60,972
60,239
60,1113
60,857
60,2133
60,416
60,2231
60,1260
60,399
60,14
60,495
60,1090
60,200
60,707
60,957
60,305
60,566
60,1386
60,628
60,2167
60,1332
60,348
60,1032
60,1147
60,1724
60,754
60,1781
60,221
60,5581
60,1415
60,684
60,232
60,627
60,1369
60,1631
60,442
60,318
60,366
60,1534
60,1118
60,349
60,1134
60,2032
60,1813
60,421
60,958
60,957
60,960
60,2025
60,611
60,876
60,2155
60,183
60,1057
60,756
60,1645
60,106
60,1076
60,352
60,489
60,2217
60,1148
60,914
60,1208
60,1368
60,550
60,4505
60,132
60,935
60,442
60,546
60,970
60,316
60,971
60,1301
60,758
60,78
60,1063
60,1044
60,964
60,1455
60,2342
60,66
60,561
60,1663
60,999
60,48
60,1296
60,732
60,663
60,2446
60,1973
60,593
60,1344
60,324
60,573
60,651
60,425
60,1779
60,1515
60,254
60,1621
60,1280
60,619
60,1583
60,1506
60,1683
60,517
60,913
60,2042
60,2190
60,865
60,724
60,698
60,1628
60,678
60,218
60,2099
60,1039
60,2186
60,416
60,265
60,50
60,2511
60,634
60,781
60,962
60,2449
60,1560
60,1201
60,2327
60,1521
60,596
60,763
60,1459
60,1304
60,1201
60,1869
60,1355
60,915
60,1085
60,1130
60,692
60,1502
60,1933
60,704
60,1146
60,887
60,727
60,266
60,1072
60,1396
60,922
60,1119
60,626
60,1504
60,606
60,2184
60,1137
60,1219
60,81
60,484
60,264
60,194
60,764
60,850
60,1125
60,1070
60,1875
60,473
60,1107
60,174
60,1793
60,2049
60,833
60,384
60,1194
60,998
60,345
60,2303
60,449
60,267
60,488
60,1017
60,1016
60,1461
60,1166
60,1200
60,1632
60,460
60,720
60,367
60,631
60,1875
60,1173
60,2318
60,1370
60,1277
60,100
60,2096
60,481
60,914
60,183
60,991
60,1567
60,611
60,1025
60,684
60,1250
60,1656
60,1430
60,567
60,684
60,1154
60,1476
60,1913
60,586
60,516
60,932
60,1720
60,512
60,2373
60,1279
60,1200
60,1065
60,42
60,1063
60,1204
60,1026
60,1382
60,1530
60,1673
60,887
60,1269
60,75
60,4403
60,62
60,1238
60,524
60,97
60,740
60,1392
60,1136
60,123
60,1057
60,1607
60,637
60,1025
60,376
60,502
60,507
60,1912
60,2278
60,1524
60,2724
60,345
60,2002
60,1126
60,1986
60,903
60,660
60,151
60,799
60,717
60,1943
60,1018
60,1316
60,1173
60,799
60,59
60,1209
60,25
60,2119
60,837
60,822
60,722
60,1293
60,1347
60,890
60,1279
60,1125
60,1872
60,657
60,86
60,1907
60,2123
60,177
60,1203
60,307
60,1201
60,940
60,1599
60,1870
60,1895
60,709
60,980
60,1042
60,1077
60,1034
60,743
60,2482
60,1612
60,1377
60,386
60,1630
60,1587
60,86
60,1477
60,473
60,792
60,1361
60,1479
60,1464
60,1280
60,668
60,1035
60,882
60,1699
60,685
60,1768
60,667
60,980
60,415
60,431
60,1284
60,1187
60,1669
60,1219
60,595
60,1111
60,932
60,648
60,1487
60,1555
60,912
60,1566
60,988
60,1710
60,622
60,1818
60,1130
60,466
60,685
60,2592
60,910
60,993
60,275
60,6
60,0
60,995
60,609
60,1669
60,608
60,216
60,842
60,842
60,226
60,1021
60,24
60,875
60,1185
60,1716
60,813
60,2050
60,1213
60,61
60,1268
60,990
60,1027
60,665
60,780
60,45
60,719
60,903
60,1615
60,1010
60,798
60,1759
60,1594
60,52
60,12
60,614
60,716
60,834
60,444
60,1002
60,957
60,1629
60,1135
60,745
60,1627
60,2055
60,1875
60,1469
60,788
60,651
60,877
60,787
60,464
60,2408
60,1233
60,229
60,1271
60,1200
60,1234
60,739
60,471
60,483
60,1851
60,184
60,378
60,3065
60,76
60,582
60,8
60,1224
60,1199
60,1331
60,2540
60,887
60,735
60,798
60,1415
60,281
60,1423
60,1888
60,1137
60,1245
60,1421
60,1822
60,1999
60,588
60,2282
60,2464
60,1532
60,579
60,654
60,1069
60,269
60,703
60,1423
60,580
60,374
60,1459
60,950
60,1972
60,1821
60,1522
60,1385
60,269
60,905
60,471
60,711
70,1787
70,392
70,2086
70,1770
70,851
70,4064
70,2017
70,1519
70,1707
70,1224
70,1185
70,895
70,159
70,309
70,1717
70,1058
70,1110
70,1243
70,1379
70,2329
70,1565
70,1406
70,1263
70,391
70,1266
70,949
70,876
70,936
70,489
70,583
70,2614
70,1410
70,889
70,1548
70,1389
70,2603
70,1725
70,2087
70,1097
70,2617
70,2504
70,1485
70,2033
70,104
70,1777
70,460
70,48
70,997
70,1259
70,1641
70,2268
70,307
70,1211
70,651
70,1017
70,411
70,1173
70,1454
70,248
70,1360
70,1829
70,1799
70,2774
70,834
70,400
70,1105
70,2494
70,1571
70,1558
70,1159
70,18
70,1543
70,2470
70,1656
70,719
70,1804
70,1916
70,1586
70,1424
70,432
70,455
70,1546
70,1182
70,2196
70,759
70,1864
70,713
70,1902
70,1488
70,2078
70,949
70,772
70,1034
70,1685
70,1955
70,1496
70,794
70,1538
70,448
70,835
70,477
70,1601
70,737
70,442
70,1799
70,3598
70,980
70,1232
70,3643
70,1363
70,1832
70,1136
70,804
70,959
70,702
70,702
70,339
70,713
70,591
70,1075
70,1345
70,1287
70,1139
70,1733
70,1131
70,1385
70,891
70,1286
70,112
70,1006
70,1492
70,1188
70,1793
70,2104
70,537
70,963
70,46
70,832
70,1253
70,762
70,1825
70,2078
70,605
70,1454
70,1938
70,1873
70,837
70,1361
70,305
70,1541
70,1906
70,1282
70,639
70,1737
70,61
70,1662
70,1975
70,1661
70,1165
70,1871
70,536
70,588
70,3019
70,960
70,1502
70,1341
70,1331
70,212
70,26
70,676
70,1339
70,1398
70,1761
70,341
70,1469
70,822
70,997
70,1463
70,710
70,254
70,2046
70,2046
70,636
70,1114
70,1391
70,907
70,95
70,2117
70,1047
70,1706
70,1301
70,2438
70,1282
70,878
70,1443
70,1342
70,1367
70,2122
70,260
70,146
70,3073
70,1413
70,689
70,3730
70,997
70,561
70,1069
70,1900
70,1764
70,2561
70,1417
70,1530
70,73
70,599
70,247
70,1081
70,1362
70,1007
70,266
70,1458
70,2282
70,472
70,1339
70,3477
70,1269
70,1259
70,872
70,2298
70,662
70,2111
70,1180
70,2028
70,3813
70,163
70,992
70,565
70,1623
70,895
70,558
70,689
70,1031
70,2607
70,1390
70,1611
70,1526
70,825
70,263
70,1702
70,2381
70,1581
70,1396
70,828
70,1201
70,943
70,3065
70,1002
70,1831
70,875
70,1870
70,636
70,1079
70,1737
70,544
70,968
70,1315
70,1272
70,90
70,2013
70,884
70,2130
70,852
70,52
70,559
70,1444
70,1090
70,2042
70,1669
70,1635
70,2108
70,1833
70,1667
70,1256
70,3144
70,1257
70,1101
70,983
70,552
70,1685
70,342
70,476
70,1522
70,509
70,424
70,863
70,2267
70,1789
70,2569
70,1019
70,344
70,920
70,227
70,543
70,2546
70,1016
70,153
70,2645
70,92
70,2771
70,2264
70,231
70,422
70,1134
70,1712
70,1353
70,55
70,1091
70,1001
70,437
70,1361
70,1989
70,81
70,1013
70,1204
70,3105
70,234
70,1317
70,833
70,1308
70,2102
70,98
70,422
70,723
70,2106
70,429
70,1077
70,1694
70,939
70,786
70,1379
70,3004
70,2580
70,1260
70,1390
70,807
70,295
70,1428
70,623
70,5005
70,521
70,323
70,1950
70,1564
70,752
70,2037
70,3003
70,656
70,1184
70,3685
70,21
70,2447
70,1810
70,1106
70,60
70,1796
70,496
70,1636
70,807
70,64
70,851
70,1549
70,995
70,498
70,434
70,1016
70,3002
70,480
70,121
70,464
70,1745
70,1276
70,992
70,895
70,2236
70,1049
70,1208
70,406
70,583
70,1338
70,384
70,564
70,3026
70,1289
70,1265
70,1075
70,749
70,1511
70,811
70,1682
70,1852
70,2527
70,1411
70,2619
70,704
70,1241
70,1954
70,536
70,1636
70,1003
70,784
70,2471
70,235
70,797
70,907
70,1086
70,1294
70,1272
70,2140
70,544
70,1104
70,1049
70,2042
70,948
70,1991
70,66
70,1130
70,84
70,614
70,1033
70,2341
70,435
70,601
70,1414
70,1446
70,4940
70,1813
70,127
70,1908
70,1591
70,1640
70,993
70,1729
70,2736
70,1616
70,1353
70,1378
70,1762
70,2011
70,645
70,165
70,1316
70,1303
70,1700
70,2468
70,397
70,2421
70,1983
70,1197
70,1638
70,705
70,2408
70,2155
70,638
70,1506
70,440
70,50
70,830
70,60
70,733
70,823
70,1910
70,685
70,1642
70,1352
70,2250
70,487
70,1691
70,1413
70,68
70,724
70,1464
70,1438
70,2829
70,3138
70,1672
70,1684
70,1658
70,1676
70,1036
70,336
70,1163
70,1237
70,1810
70,1014
70,1414
70,1509
70,2188
70,2053
70,2
70,917
70,1941
70,206
70,673
70,964
70,202
70,1822
70,1146
70,782
70,1203
70,751
70,222
70,1241
70,1585
70,2081
70,947
70,1014
70,2253
70,2438
70,2243
70,259
70,2460
70,2352
70,2770
70,1052
70,118
70,2145
70,1102
70,967
70,2226
70,1544
70,1525
70,1472
70,914
70,665
70,2043
70,1533
70,418
70,142
70,862
70,1828
70,2419
70,2155
70,1906
70,1894
70,3546
70,820
70,1897
70,618
70,779
70,4806
70,1698
70,1527
70,472
70,1038
70,1518
70,432
70,1140
70,1532
70,1215
70,1395
70,1172
70,2108
70,639
70,1091
70,414
70,814
70,2017
70,1119
70,1000
70,1290
70,1336
70,915
70,20
70,883
70,1755
70,1079
70,2335
70,2393
70,1017
70,350
70,263
70,2071
70,634
70,1609
70,1670
70,864
70,1792
70,1112
70,2222
70,842
70,397
70,659
70,1358
70,2297
70,2648
70,1038
70,2461
70,1316
70,1242
70,2648
70,153
70,1984
70,1967
70,1029
70,1634
70,1621
70,1459
70,1250
70,1551
70,745
70,1928
70,1203
70,1921
70,217
70,729
70,1584
70,716
70,473
70,2617
70,2060
70,1704
70,2010
70,1087
70,245
70,2522
70,2812
70,610
70,767
70,2167
70,1892
70,1409
70,454
70,1497
70,794
70,2337
70,821
70,53
70,2421
70,1037
70,1437
70,297
70,1834
70,3419
70,1871
70,1470
70,1590
70,1261
70,1479
70,1023
70,1369
70,2798
70,1645
70,831
70,978
70,1359
70,1776
70,1313
70,664
70,832
70,1844
70,200
70,1138
70,1191
70,1306
70,1081
70,2018
70,1568
70,1163
70,1957
70,1487
70,996
70,185
70,1438
70,504
70,1985
70,1308
70,732
70,671
70,39
70,606
70,771
70,179
70,1039
70,775
70,2093
70,1390
70,1765
70,1505
70,1296
70,882
70,1502
70,883
70,1440
70,1127
70,1084
70,2141
70,1305
70,433
70,2548
70,2294
70,1068
70,2182
70,1387
70,1222
70,967
70,1311
70,370
70,5324
70,2119
70,1726
70,1279
70,2853
70,1846
70,1388
70,690
70,1012
70,602
70,1761
70,1381
70,1925
70,851
70,55
70,1519
70,2638
70,544
70,868
70,1033
70,1797
70,2276
70,460
70,133
70,2170
70,130
70,1958
70,1530
70,1421
70,2011
70,2197
70,1836
70,244
70,1364
70,2129
70,773
70,1059
70,492
70,381
70,928
70,567
70,1366
70,495
70,823
70,1193
70,1318
70,1499
70,998
70,1341
70,712
70,937
70,2208
70,1196
70,2875
70,1307
70,524
70,1161
70,893
70,1092
70,754
70,1877
70,529
70,589
70,1099
70,1031
70,1181
70,964
70,1324
70,1829
70,2171
70,2432
70,994
70,1408
70,1106
70,2243
70,736
70,1437
70,948
70,646
70,116
70,2948
70,694
70,2353
70,1186
70,991
70,2487
70,2320
70,1128
70,760
70,649
70,2952
70,1622
70,2480
70,1541
70,756
70,5696
70,1567
70,1156
70,411
70,1684
70,149
70,1468
70,895
70,525
70,1374
70,4710
70,1105
70,949
70,1720
70,1790
70,2497
70,957
70,1654
70,1231
70,111
70,2257
70,1121
70,424
70,1810
70,2389
70,699
70,459
70,1522
70,1701
70,747
70,1235
70,806
70,2045
70,1824
70,2514
70,1417
70,2278
70,887
70,2332
70,1350
70,107
70,2950
70,635
70,2179
70,976
70,2041
70,963
70,1068
70,2614
70,1954
70,823
70,1094
70,148
70,2627
70,305
70,1466
70,981
70,1216
70,543
70,816
70,1466
70,604
70,733
70,223
70,1849
70,2579
70,1922
70,1501
70,881
70,963
70,1038
70,655
70,1138
70,399
70,1866
70,2948
70,1227
70,1033
70,1821
70,2362
70,833
70,1431
70,1966
70,2043
70,1718
70,2524
70,1848
70,1045
70,160
70,183
70,1252
70,1419
70,1491
70,1263
70,499
70,864
70,564
70,921
70,630
70,1692
70,915
70,1291
70,823
70,250
70,624
70,1368
70,804
70,2022
70,986
70,1899
70,2039
70,2433
70,222
70,1077
70,1207
70,986
70,665
70,1178
70,47
70,1696
70,384
70,692
70,1818
70,1101
70,1012
70,765
70,2622
70,587
70,523
70,1314
70,1812
70,1480
70,1620
70,1223
70,1897
70,1394
70,1731
70,288
70,1318
70,1594
70,1584
70,978
70,1660
70,2155
70,1347
70,1231
70,2402
70,1540
70,2344
70,769
70,1727
70,1563
70,468
70,352
70,2652
70,2295
70,2487
70,1576
70,926
70,2801
70,1225
70,2874
70,828
70,178
70,1292
70,1758
70,1207
70,759
70,2497
70,567
70,2499
70,1479
70,1624
70,2307
70,786
70,1236
70,353
70,1750
70,1213
70,2005
70,1100
70,1470
70,1336
70,890
70,1197
70,1843
70,608
70,953
70,1639
70,2
70,1486
70,965
70,743
70,2060
70,1565
70,1746
70,860
70,1936
70,198
80,2898
80,1682
80,114
80,914
80,3157
80,274
80,1839
80,1770
80,81
80,1072
80,1752
80,1455
80,2042
80,529
80,1326
80,1606
80,1661
80,1324
80,1735
80,1674
80,255
80,1027
80,813
80,1306
80,4390
80,1569
80,4363
80,780
80,452
80,1191
80,1074
80,1755
80,653
80,990
80,1581
80,1495
80,136
80,307
80,1212
80,2285
80,232
80,959
80,525
80,1984
80,2011
80,1986
80,887
80,1560
80,1603
80,460
80,1450
80,1289
80,1052
80,791
80,2292
80,3057
80,528
80,1640
80,1974
80,1507
80,2365
80,937
80,2327
80,1893
80,1735
80,1171
80,1885
80,1807
80,767
80,475
80,1621
80,1960
80,2121
80,2
80,1016
80,899
80,512
80,1598
80,2051
80,1301
80,1643
80,2107
80,1432
80,796
80,1249
80,121
80,1593
80,2111
80,776
80,1550
80,1784
80,1704
80,1481
80,1183
80,1526
80,701
80,1004
80,2753
80,2664
80,584
80,3066
80,1190
80,2667
80,2041
80,3126
80,1429
80,1359
80,1042
80,711
80,649
80,2041
80,1069
80,810
80,1007
80,1840
80,2916
80,112
80,1682
80,2036
80,729
80,1557
80,1433
80,584
80,1249
80,1167
80,1612
80,939
80,3756
80,2686
80,2028
80,1776
80,1272
80,1899
80,1742
80,2120
80,2114
80,855
80,580
80,759
80,283
80,1552
80,1228
80,843
80,2174
80,3075
80,785
80,1116
80,2582
80,1529
80,1866
80,1688
80,1726
80,1143
80,1419
80,297
80,463
80,36
80,2349
80,2556
80,397
80,2458
80,2662
80,1030
80,1123
80,572
80,1523
80,9
80,1323
80,2138
80,2448
80,1311
80,1604
80,1651
80,902
80,2755
80,9
80,1274
80,918
80,2416
80,6830
80,942
80,2460
80,2162
80,1605
80,359
80,344
80,1630
80,1597
80,2222
80,1477
80,745
80,170
80,1046
80,1166
80,2380
80,1589
80,695
80,2330
80,1350
80,538
80,1962
80,1959
80,1265
80,1669
80,1517
80,1691
80,3384
80,1674
80,2536
80,3481
80,892
80,996
80,2317
80,1789
80,2022
80,968
80,298
80,910
80,1549
80,184
80,315
80,1148
80,1002
80,144
80,1041
80,3266
80,1369
80,1354
80,1816
80,976
80,431
80,1184
80,1736
80,705
80,1481
80,846
80,2213
80,272
80,540
80,2467
80,195
80,2213
80,1460
80,232
80,698
80,3879
80,951
80,2018
80,2283
80,2089
80,858
80,2304
80,2264
80,1863
80,1802
80,803
80,1535
80,2051
80,1199
80,1743
80,699
80,1961
80,769
80,165
80,403
80,958
80,754
80,2397
80,242
80,1579
80,473
80,2217
80,1683
80,589
80,1942
80,1262
80,1519
80,3566
80,2515
80,1507
80,631
80,738
80,501
80,1464
80,1618
80,1393
80,609
80,3189
80,1361
80,3637
80,1087
80,1162
80,1583
80,673
80,2869
80,509
80,724
80,1242
80,1470
80,2526
80,1696
80,1584
80,774
80,777
80,2799
80,834
80,2453
80,663
80,1341
80,2220
80,1738
80,665
80,528
80,1741
80,1115
80,3163
80,788
80,341
80,1915
80,689
80,2441
80,1046
80,1034
80,2389
80,2150
80,237
80,2653
80,1935
80,626
80,83
80,1498
80,1447
80,1609
80,1804
80,541
80,213
80,1556
80,372
80,660
80,344
80,914
80,163
80,890
80,1443
80,849
80,1707
80,832
80,2102
80,16
80,1756
80,1911
80,1140
80,1595
80,2404
80,1878
80,1303
80,1200
80,671
80,2538
80,1385
80,201
80,956
80,3327
80,1294
80,704
80,280
80,824
80,1012
80,1521
80,2026
80,2345
80,1731
80,3300
80,3448
80,1782
80,1646
80,2809
80,1577
80,1934
80,5204
80,1157
80,597
80,844
80,2416
80,2177
80,1808
80,3745
80,588
80,2918
80,1382
80,1086
80,972
80,1870
80,894
80,2174
80,2465
80,912
80,1569
80,2359
80,1094
80,1195
80,948
80,891
80,1175
80,2186
80,1065
80,1706
80,2905
80,1569
80,2228
80,610
80,329
80,536
80,1040
80,2224
80,2008
80,584
80,1370
80,2102
80,1819
80,1421
80,1258
80,1681
80,885
80,1712
80,1062
80,2570
80,1519
80,1878
80,802
80,2653
80,1237
80,221
80,1519
80,1935
80,99
80,1391
80,2673
80,2670
80,1658
80,737
80,1222
80,1887
80,2526
80,2140
80,2466
80,1997
80,2242
80,1453
80,1455
80,546
80,329
80,2253
80,2566
80,1541
80,1669
80,1178
80,2349
80,1637
80,170
80,782
80,1471
80,733
80,1197
80,1999
80,2655
80,290
80,1912
80,305
80,1952
80,1472
80,940
80,4057
80,1519
80,617
80,1623
80,970
80,1310
80,1108
80,616
80,886
80,869
80,681
80,2836
80,2186
80,1526
80,2012
80,1602
80,2069
80,1432
80,2239
80,2652
80,2793
80,3190
80,1740
80,95
80,1884
80,1321
80,2507
80,955
80,1069
80,504
80,628
80,2518
80,862
80,1143
80,713
80,1546
80,528
80,1768
80,1966
80,870
80,1271
80,1013
80,439
80,3434
80,2284
80,2153
80,976
80,2266
80,2143
80,982
80,2009
80,1652
80,990
80,5620
80,2684
80,808
80,2197
80,1672
80,110
80,31
80,1488
80,735
80,1333
80,1922
80,429
80,76
80,961
80,15
80,1531
80,822
80,637
80,1970
80,923
80,1488
80,701
80,2254
80,2617
80,264
80,760
80,993
80,533
80,1139
80,427
80,1343
80,1563
80,321
80,1874
80,2121
80,2211
80,1474
80,1401
80,2163
80,2099
80,854
80,3540
80,973
80,475
80,2800
80,1750
80,2202
80,407
80,3307
80,1231
80,1399
80,1878
80,2175
80,115
80,1270
80,187
80,2259
80,290
80,784
80,2313
80,3509
80,2049
80,524
80,2973
80,390
80,1080
80,1925
80,2361
80,1081
80,1120
80,2885
80,2482
80,836
80,1620
80,743
80,3951
80,1525
80,1030
80,613
80,1290
80,845
80,2150
80,589
80,2167
80,909
80,569
80,1080
80,1740
80,2338
80,1513
80,506
80,2891
80,976
80,727
80,1088
80,479
80,1227
80,1971
80,812
80,748
80,805
80,799
80,2172
80,1588
80,778
80,1637
80,734
80,101
80,782
80,1313
80,2112
80,1238
80,907
80,656
80,428
80,290
80,1916
80,1556
80,1903
80,231
80,1940
80,938
80,1237
80,1647
80,1400
80,2004
80,448
80,1511
80,560
80,1706
80,1001
80,591
80,982
80,2600
80,1958
80,3002
80,1541
80,1037
80,541
80,1727
80,981
80,365
80,1827
80,1881
80,2520
80,2527
80,1506
80,2110
80,1935
80,1345
80,1940
80,1208
80,1971
80,4019
80,593
80,1583
80,1731
80,2505
80,1214
80,1144
80,672
80,882
80,2372
80,1403
80,1719
80,2021
80,3614
80,426
80,1400
80,2543
80,1200
80,1311
80,2712
80,1161
80,1266
80,712
80,1501
80,1935
80,1090
80,2584
80,1054
80,450
80,886
80,691
80,1911
80,33
80,1465
80,795
80,1270
80,153
80,1772
80,2349
80,2133
80,1696
80,922
80,1680
80,2023
80,2034
80,1020
80,269
80,1109
80,1667
80,1686
80,2316
80,3112
80,1868
80,2266
80,3512
80,1185
80,1816
80,364
80,2284
80,938
80,3091
80,1181
80,949
80,1943
80,2741
80,2905
80,1298
80,3971
80,1519
80,2251
80,1174
80,823
80,2383
80,2257
80,1665
80,1965
80,2452
80,1415
80,1121
80,1167
80,1901
80,853
80,1692
80,2889
80,587
80,2313
80,1218
80,1603
80,1001
80,2399
80,2839
80,831
80,388
80,127
80,680
80,282
80,993
80,840
80,2020
80,1645
80,1211
80,2437
80,1462
80,1262
80,3140
80,1560
80,887
80,758
80,1014
80,2199
80,925
80,827
80,2665
80,1453
80,1069
80,948
80,271
80,1799
80,1014
80,1505
80,1612
80,2775
80,1067
80,1326
80,933
80,2472
80,1238
80,1471
80,1096
80,2683
80,2698
80,2846
80,2214
80,897
80,2923
80,1841
80,1449
80,2252
80,1769
80,2102
80,662
80,1571
80,1760
80,2411
80,1595
80,1152
80,541
80,2988
80,919
80,666
80,2768
80,909
80,958
80,236
80,1942
80,2760
80,1424
80,2588
80,1978
80,1325
80,787
80,2298
80,413
80,2108
80,1529
80,890
80,309
80,1954
80,713
80,317
80,873
80,1424
80,1795
80,1283
80,1104
80,1900
80,2569
80,1937
80,1803
80,513
80,1775
80,1312
80,1421
80,2121
80,2008
80,1137
80,580
80,1325
80,3261
80,1322
80,2779
80,673
80,1308
80,1657
80,1820
80,1652
80,2779
80,1112
80,1325
80,1592
80,1031
80,788
80,2336
80,1102
80,2082
80,1480
80,1181
80,36
80,1896
80,1190
80,1063
80,3100
80,443
80,2236
80,2511
80,1440
80,616
80,1091
80,1683
80,2513
80,1335
80,1205
80,970
80,910
80,1451
80,1441
80,2296
80,1132
80,1880
80,1676
80,1788
80,220
80,1380
80,1530
80,1689
80,1831
80,844
80,2206
80,1617
80,1430
80,687
80,1878
80,693
80,657
80,110
80,251
80,1022
80,30
80,523
80,762
80,2448
80,2440
80,1747
80,710
80,3098
80,1852
80,2351
80,1237
80,2083
80,1211
80,2020
80,219
80,536
80,2828
80,1946
80,2647
80,1441
80,93
80,734
80,2636
80,1249
80,2507
80,1136
80,2421
80,1406
80,2083
80,1204
80,1581
80,1698
80,1941
80,733
80,142
80,1206
80,562
80,1971
80,1904
80,680
80,2364
80,2263
80,3204
80,258
80,2206
80,2211
80,1197
80,1331
80,3404
80,2293
80,2124
80,1610
80,1852
80,1168
80,1183
80,846
80,1454
80,1011
80,701
80,952
80,1752
80,1621
80,1318
80,591
80,544
80,3445
80,2286
80,1624
80,729
80,802
80,73
80,3369
80,469
80,174
80,1626
90,1337
90,2174
90,354
90,502
90,1267
90,1259
90,783
90,875
90,2052
90,601
90,1144
90,4231
90,946
90,2722
90,776
90,960
90,1160
90,308
90,1210
90,2142
90,130
90,424
90,925
90,2659
90,3834
90,676
90,1322
90,2596
90,12
90,2978
90,2733
90,2545
90,2274
90,2304
90,3140
90,1069
90,2825
90,1520
90,1538
90,1664
90,932
90,1742
90,3789
90,2946
90,678
90,2342
90,552
90,1494
90,3509
90,1516
90,1265
90,839
90,2872
90,435
90,823
90,1174
90,2181
90,2635
90,2186
90,583
90,148
90,1721
90,826
90,2364
90,1762
90,1835
90,205
90,3583
90,2809
90,1526
90,1620
90,616
90,731
90,1545
90,1650
90,573
90,1224
90,273
90,2203
90,1616
90,1908
90,1326
90,2564
90,1256
90,1509
90,1727
90,2647
90,1926
90,4381
90,373
90,659
90,2272
90,1462
90,1587
90,362
90,2992
90,1723
90,1147
90,110
90,1740
90,1657
90,1593
90,1245
90,2313
90,2426
90,1293
90,2015
90,989
90,279
90,72
90,1261
90,1100
90,1874
90,2849
90,789
90,2174
90,1539
90,816
90,213
90,1505
90,1342
90,2391
90,1783
90,169
90,1066
90,2619
90,2002
90,2487
90,372
90,2365
90,1426
90,1121
90,2384
90,3762
90,1799
90,294
90,919
90,1630
90,26
90,433
90,1564
90,2387
90,38
90,795
90,3074
90,1567
90,1718
90,2029
90,1856
90,1028
90,3536
90,1895
90,1382
90,1981
90,2020
90,1935
90,1659
90,869
90,1940
90,1304
90,389
90,1610
90,1408
90,2639
90,194
90,1404
90,4140
90,1553
90,994
90,882
90,1278
90,619
90,415
90,2349
90,1750
90,209
90,2136
90,3223
90,26
90,1980
90,1699
90,2435
90,877
90,2031
90,1632
90,1547
90,383
90,514
90,965
90,585
90,2590
90,2039
90,1995
90,1528
90,1063
90,674
90,1852
90,2867
90,1841
90,1620
90,1658
90,874
90,1189
90,1445
90,2395
90,1453
90,1075
90,566
90,1982
90,1734
90,1391
90,829
90,1632
90,1334
90,1748
90,1780
90,2469
90,837
90,2090
90,251
90,1252
90,1729
90,2832
90,8
90,1620
90,185
90,1745
90,377
90,2741
90,976
90,1376
90,1357
90,333
90,1001
90,1405
90,1526
90,131
90,578
90,1559
90,2340
90,1626
90,1275
90,3650
90,2611
90,2709
90,1736
90,590
90,691
90,393
90,1330
90,1828
90,1220
90,972
90,2157
90,594
90,1549
90,1971
90,3411
90,5594
90,3093
90,1120
90,2820
90,1482
90,1038
90,3564
90,1124
90,905
90,766
90,1307
90,3959
90,403
90,317
90,975
90,1046
90,1793
90,1128
90,595
90,1830
90,1218
90,1617
90,1648
90,496
90,837
90,1523
90,2694
90,2534
90,1470
90,2526
90,1796
90,1103
90,1432
90,1594
90,2194
90,681
90,1962
90,2735
90,2531
90,974
90,4683
90,1545
90,1081
90,917
90,667
90,2696
90,2304
90,2874
90,1279
90,1772
90,891
90,1141
90,1926
90,1405
90,1319
90,300
90,1169
90,1927
90,1462
90,1871
90,125
90,1002
90,1442
90,3706
90,4803
90,1954
90,1328
90,750
90,1441
90,354
90,1701
90,413
90,1097
90,983
90,1011
90,704
90,1163
90,2400
90,422
90,1991
90,1075
90,849
90,1488
90,716
90,2451
90,2367
90,1643
90,2819
90,1627
90,1828
90,759
90,900
90,2885
90,1043
90,761
90,1256
90,1517
90,2467
90,161
90,2057
90,872
90,710
90,2274
90,2818
90,2858
90,2163
90,1081
90,277
90,1258
90,312
90,3462
90,711
90,3457
90,1897
90,575
90,1096
90,2112
90,1165
90,2572
90,2161
90,1071
90,1417
90,1062
90,885
90,1592
90,4028
90,191
90,506
90,2320
90,380
90,749
90,2267
90,1109
90,2492
90,513
90,2537
90,1962
90,2561
90,2948
90,3083
90,1798
90,2510
90,1497
90,1781
90,3131
90,1064
90,2281
90,924
90,1025
90,1792
90,530
90,1622
90,1533
90,1919
90,353
90,1797
90,903
90,1464
90,1570
90,552
90,1515
90,2213
90,1195
90,2386
90,1896
90,231
90,1789
90,1077
90,571
90,768
90,1578
90,4068
90,459
90,1566
90,3130
90,4278
90,933
90,652
90,394
90,113
90,1404
90,1259
90,95
90,156
90,2954
90,734
90,1765
90,1629
90,1263
90,932
90,1557
90,3116
90,1615
90,2856
90,2008
90,1391
90,2137
90,1799
90,2459
90,228
90,1275
90,1248
90,1920
90,1059
90,2231
90,10
90,104
90,1799
90,1961
90,1148
90,2813
90,1117
90,976
90,2941
90,963
90,96
90,1600
90,1348
90,2441
90,827
90,1667
90,1932
90,1182
90,1780
90,1330
90,5638
90,2570
90,1895
90,1777
90,2203
90,2738
90,385
90,2834
90,1152
90,3857
90,1840
90,1184
90,4167
90,1983
90,636
90,1215
90,1097
90,64
90,533
90,1129
90,895
90,587
90,1945
90,1574
90,3828
90,1886
90,2523
90,373
90,2079
90,259
90,557
90,1688
90,479
90,701
90,1812
90,1374
90,641
90,1321
90,2483
90,671
90,2535
90,577
90,1836
90,2080
90,429
90,1418
90,993
90,2598
90,1441
90,767
90,269
90,1908
90,2789
90,81
90,903
90,1288
90,4550
90,601
90,1183
90,641
90,830
90,2361
90,1758
90,917
90,5344
90,2817
90,2706
90,1789
90,1663
90,1347
90,1716
90,763
90,652
90,1253
90,2253
90,1354
90,933
90,161
90,1389
90,1441
90,1774
90,1749
90,2058
90,2873
90,1262
90,2891
90,3102
90,433
90,1038
90,2661
90,3508
90,1439
90,1938
90,64
90,1895
90,1479
90,798
90,157
90,1091
90,1855
90,943
90,1519
90,1441
90,527
90,2745
90,586
90,1470
90,2709
90,2271
90,1060
90,1409
90,262
90,1102
90,1617
90,739
90,2065
90,1336
90,2164
90,2813
90,2988
90,1426
90,2891
90,1972
90,1419
90,1140
90,4388
90,1580
90,297
90,1845
90,2182
90,857
90,974
90,1305
90,40
90,660
90,1226
90,1845
90,2075
90,1605
90,1752
90,1179
90,858
90,1801
90,1099
90,3344
90,4338
90,1342
90,2227
90,1518
90,3561
90,845
90,2686
90,1302
90,1310
90,808
90,1804
90,257
90,1657
90,956
90,1145
90,1105
90,1888
90,2515
90,2481
90,3469
90,1762
90,353
90,2449
90,702
90,1932
90,3523
90,861
90,2677
90,1650
90,1380
90,2097
90,1378
90,3397
90,1291
90,737
90,1596
90,3074
90,2520
90,545
90,1062
90,201
90,1102
90,888
90,2701
90,2770
90,1497
90,462
90,2307
90,2191
90,2031
90,1444
90,399
90,596
90,2916
90,2002
90,2678
90,827
90,1751
90,1632
90,838
90,2149
90,1950
90,1434
90,2876
90,1719
90,1351
90,2492
90,331
90,1348
90,138
90,1435
90,876
90,3208
90,402
90,1558
90,2670
90,1865
90,1113
90,3256
90,1697
90,1194
90,1357
90,956
90,749
90,2199
90,2307
90,1721
90,1228
90,775
90,406
90,3013
90,1092
90,759
90,1531
90,1244
90,999
90,1693
90,417
90,1589
90,1110
90,1542
90,1804
90,823
90,193
90,518
90,1293
90,1835
90,811
90,962
90,1142
90,1495
90,1071
90,1725
90,690
90,2521
90,552
90,1115
90,1621
90,1220
90,2028
90,493
90,1025
90,1388
90,202
90,1291
90,2339
90,1947
90,1637
90,2295
90,706
90,1515
90,2543
90,3304
90,2528
90,855
90,2087
90,807
90,1415
90,613
90,1934
90,2805
90,587
90,988
90,689
90,1874
90,81
90,2633
90,471
90,2214
90,3357
90,1213
90,3752
90,2564
90,1057
90,3778
90,2601
90,2641
90,1981
90,1395
90,1230
90,1457
90,1771
90,1550
90,1952
90,1706
90,21
90,805
90,1221
90,494
90,2871
90,2837
90,3382
90,1635
90,523
90,1465
90,456
90,1594
90,2567
90,1278
90,2448
90,1063
90,1710
90,2118
90,519
90,3031
90,2826
90,1559
90,259
90,1629
90,1315
90,150
90,1540
90,2377
90,2383
90,2208
90,1906
90,2362
90,1423
90,1235
90,632
90,914
90,1869
90,839
90,3383
90,852
90,2045
90,2472
90,2436
90,670
90,488
90,2151
90,294
90,2622
90,1737
90,1477
90,912
90,2274
90,2619
90,1448
90,758
90,1867
90,1553
90,1860
90,1245
90,1892
90,2142
90,1618
90,1133
90,1187
90,1658
90,2650
90,1006
90,3615
90,469
90,2259
90,1642
90,1014
90,1308
90,786
90,370
90,2382
90,753
90,1544
90,1848
90,690
90,276
90,1176
90,716
90,1594
90,1916
90,1469
90,3163
90,1633
90,17
90,34
90,3329
90,2120
90,1225
90,2663
90,3083
90,602
90,4711
90,1181
90,1211
90,1577
90,1770
90,1735
90,1364
90,2032
90,1412
90,301
90,1647
90,1031
90,2496
90,90
90,19
90,1991
90,1999
90,1474
90,2372
90,3003
90,2152
90,2944
90,3543
90,2843
90,2116
90,60
90,2349
90,576
90,1022
90,1832
90,1101
90,1277
90,2053
90,842
90,1719
90,1764
90,1188
90,1016
90,341
90,1991
90,908
90,679
90,3334
90,718
90,1335
90,397
90,876
90,1255
90,2123
90,1479
90,418
90,3680
90,3357
90,394
90,494
90,1782
90,2208
90,993
90,2260
90,1205
90,1023
90,5909
90,1208
90,85
90,2667
90,1234
90,900
90,752
90,1798
90,1336
90,3888
90,2014
90,3760
90,757
90,3057
90,2703
90,2678
90,3462
90,1836
90,1796
90,1946
90,1163
90,599
90,1045
90,908
90,1089
90,1837
90,1427
90,1499
90,2504
90,2259
90,1551
90,1356
90,1201
90,1929
90,2004
90,1895
90,3466
90,3119
90,2202
90,1490
90,2162
90,2489
90,244
90,2532
90,1709
90,1416
90,752
90,2150
90,1662
90,2141
100,3521
100,704
100,1
100,2339
100,1213
100,2717
100,1759
100,547
100,948
100,882
100,240
100,388
100,1806
100,13
100,211
100,3245
100,3573
100,1882
100,2378
100,2073
100,4325
100,2351
100,1615
100,2067
100,560
100,584
100,2393
100,2333
100,3087
100,1387
100,1537
100,630
100,1543
100,2680
100,3235
100,2701
100,2208
100,947
100,2173
100,2307
100,1133
100,1205
100,3149
100,41
100,1100
100,532
100,2088
100,309
100,1467
100,2820
100,1658
100,3252
100,2117
100,1788
100,2672
100,2633
100,380
100,2736
100,3843
100,2757
100,768
100,1357
100,1960
100,366
100,5098
100,2451
100,2400
100,571
100,2968
100,3119
100,1294
100,1673
100,3714
100,2760
100,1602
100,1817
100,2347
100,1731
100,1272
100,2265
100,840
100,2253
100,381
100,2663
100,490
100,1178
100,1852
100,1118
100,2593
100,724
100,1072
100,2658
100,1983
100,783
100,1596
100,2779
100,1791
100,5301
100,2006
100,217
100,173
100,3570
100,907
100,2760
100,1553
100,153
100,996
100,2101
100,1061
100,1334
100,2290
100,2966
100,1844
100,3003
100,1720
100,2424
100,152
100,2579
100,4156
100,391
100,527
100,1396
100,2466
100,985
100,519
100,1309
100,690
100,1802
100,1788
100,199
100,3979
100,2393
100,897
100,2730
100,2901
100,1909
100,1555
100,1264
100,3386
100,3285
100,1431
100,1780
100,10
100,2248
100,1497
100,2223
100,1582
100,4038
100,1861
100,591
100,1986
100,1570
100,1704
100,1932
100,841
100,1701
100,1451
100,2641
100,1603
100,1127
100,2808
100,836
100,2063
100,1740
100,2080
100,3539
100,1429
100,1214
100,1979
100,1003
100,2860
100,5996
100,2015
100,1511
100,2723
100,2774
100,2256
100,2384
100,2036
100,3203
100,944
100,1954
100,1187
100,1861
100,1751
100,2365
100,2273
100,3281
100,2935
100,2761
100,555
100,1280
100,2832
100,3856
100,1303
100,2807
100,804
100,530
100,1869
100,1397
100,3485
100,4727
100,569
100,2618
100,647
100,2997
100,1865
100,1551
100,2879
100,700
100,1907
100,2115
100,1567
100,2948
100,2089
100,2286
100,4795
100,1318
100,2661
100,655
100,1936
100,790
100,2343
100,2885
100,1895
100,1994
100,2610
100,2092
100,1265
100,728
100,1756
100,1754
100,2065
100,2877
100,1611
100,2083
100,935
100,1805
100,2712
100,1224
100,1636
100,2774
100,1631
100,1637
100,594
100,2668
100,1613
100,1130
100,1321
100,684
100,1438
100,2184
100,2978
100,2016
100,510
100,2070
100,1176
100,1944
100,1118
100,834
100,2664
100,782
100,1006
100,2146
100,1617
100,1050
100,2601
100,1283
100,57
100,1474
100,570
100,1466
100,488
100,3621
100,2768
100,964
100,1520
100,806
100,1529
100,2503
100,1813
100,1276
100,2053
100,1978
100,717
100,904
100,284
100,2945
100,1864
100,1273
100,2296
100,465
100,2502
100,488
100,1585
100,1830
100,521
100,2317
100,1849
100,813
100,1755
100,2907
100,933
100,640
100,2371
100,1351
100,5094
100,1837
100,884
100,1005
100,2876
100,1151
100,1834
100,454
100,1390
100,2069
100,1986
100,1230
100,1992
100,1918
100,1815
100,1641
100,3779
100,3602
100,1534
100,3471
100,2469
100,1147
100,923
100,2215
100,2335
100,3610
100,1568
100,1361
100,1506
100,2698
100,1141
100,2072
100,3281
100,1459
100,1770
100,1563
100,2062
100,906
100,684
100,3377
100,1572
100,2392
100,1201
100,645
100,837
100,1115
100,1980
100,3871
100,407
100,2740
100,1994
100,1091
100,385
100,208
100,1407
100,883
100,3519
100,343
100,766
100,896
100,685
100,2755
100,1102
100,1957
100,679
100,2048
100,3292
100,4024
100,3801
100,1577
100,4885
100,1988
100,1077
100,1213
100,1595
100,2590
100,2245
100,1054
100,1453
100,743
100,1355
100,5867
100,1581
100,554
100,933
100,1490
100,616
100,3741
100,1076
100,783
100,3884
100,678
100,1178
100,1781
100,770
100,3302
100,1842
100,148
100,1732
100,2268
100,1808
100,1562
100,1678
100,1723
100,2575
100,1756
100,2819
100,1524
100,1905
100,430
100,3001
100,980
100,811
100,3007
100,2524
100,3585
100,841
100,1360
100,545
100,1202
100,1879
100,352
100,2592
100,3311
100,81
100,1574
100,850
100,2096
100,1927
100,975
100,1521
100,1190
100,1927
100,3307
100,1817
100,1888
100,3127
100,51
100,2055
100,946
100,1734
100,2204
100,267
100,2992
100,2738
100,1809
100,2116
100,3620
100,3936
100,1142
100,1595
100,2189
100,2173
100,1846
100,2285
100,1046
100,1684
100,4530
100,2005
100,1302
100,1156
100,927
100,1538
100,2703
100,1407
100,649
100,2999
100,738
100,1409
100,4322
100,2812
100,2383
100,2640
100,2409
100,1748
100,1692
100,1113
100,1310
100,3781
100,2771
100,1668
100,1877
100,1977
100,1685
100,1902
100,3194
100,1146
100,406
100,2788
100,2543
100,1678
100,2756
100,2266
100,2429
100,2156
100,1532
100,1345
100,3593
100,1473
100,1486
100,1144
100,2436
100,1949
100,775
100,871
100,2683
100,1779
100,1244
100,3215
100,1195
100,3475
100,337
100,50
100,3140
100,1060
100,1242
100,649
100,457
100,1553
100,1169
100,1022
100,279
100,2748
100,871
100,1938
100,3258
100,958
100,1296
100,1386
100,1140
100,1545
100,665
100,3975
100,303
100,2827
100,1920
100,2482
100,1595
100,2931
100,2542
100,1029
100,2884
100,517
100,837
100,1725
100,1607
100,470
100,1766
100,1649
100,2543
100,1658
100,2248
100,3684
100,1422
100,2087
100,1939
100,1378
100,2104
100,2476
100,1662
100,1967
100,673
100,902
100,4060
100,1113
100,1241
100,110
100,3311
100,1852
100,2229
100,1846
100,2060
100,1888
100,1519
100,1455
100,574
100,3099
100,3026
100,2019
100,1803
100,1573
100,3677
100,380
100,1811
100,3451
100,1014
100,3337
100,171
100,2372
100,1172
100,1203
100,1909
100,1233
100,2031
100,989
100,3212
100,911
100,424
100,838
100,1907
100,1793
100,2537
100,2121
100,1442
100,2954
100,2300
100,1253
100,1613
100,3165
100,2986
100,1771
100,2080
100,1475
100,1623
100,2500
100,621
100,2085
100,1968
100,1627
100,1303
100,1114
100,1792
100,3373
100,1721
100,2854
100,454
100,954
100,2993
100,187
100,1142
100,879
100,1751
100,1551
100,1508
100,2443
100,2557
100,1406
100,1306
100,2613
100,1163
100,1638
100,2038
100,2033
100,778
100,84
100,2902
100,2211
100,2034
100,1121
100,2092
100,2376
100,1537
100,2012
100,1126
100,2567
100,669
100,1677
100,90
100,1818
100,2346
100,1761
100,710
100,2449
100,2797
100,747
100,1687
100,873
100,2380
100,889
100,2328
100,2746
100,460
100,1489
100,819
100,1489
100,967
100,2499
100,3215
100,2203
100,1544
100,5069
100,2467
100,707
100,2689
100,160
100,852
100,1489
100,1413
100,463
100,3092
100,1616
100,2499
100,937
100,1888
100,1122
100,607
100,547
100,1404
100,1088
100,2943
100,2338
100,3299
100,2571
100,1699
100,1947
100,1411
100,828
100,249
100,2653
100,2109
100,1214
100,846
100,3346
100,958
100,1727
100,1354
100,301
100,1710
100,1493
100,3366
100,2750
100,1909
100,424
100,1787
100,457
100,1679
100,1986
100,1852
100,3425
100,2490
100,2267
100,1622
100,2552
100,1763
100,2060
100,1430
100,2152
100,520
100,2207
100,372
100,1556
100,1130
100,1381
100,2261
100,1262
100,3544
100,3260
100,2902
100,2621
100,2042
100,2805
100,646
100,1352
100,1043
100,3954
100,4902
100,1717
100,1720
100,832
100,388
100,1264
100,844
100,1347
100,2108
100,432
100,2728
100,862
100,1958
100,2155
100,2100
100,2335
100,1724
100,2719
100,4261
100,794
100,3159
100,1095
100,1435
100,1451
100,3765
100,3091
100,945
100,1793
100,825
100,1582
100,943
100,3521
100,5528
100,3259
100,2091
100,1408
100,2341
100,3483
100,191
100,1784
100,1526
100,1460
100,1605
100,2317
100,1930
100,1369
100,3829
100,2552
100,1777
100,1383
100,2691
100,2120
100,1551
100,1930
100,4001
100,4284
100,246
100,800
100,2487
100,1688
100,2851
100,2226
100,2341
100,255
100,3144
100,1844
100,1060
100,2042
100,2933
100,1094
100,778
100,2504
100,1175
100,3450
100,1243
100,862
100,2434
100,579
100,350
100,1657
100,705
100,2717
100,2275
100,2276
100,2210
100,5066
100,820
100,174
100,1979
100,1965
100,2317
100,111
100,2703
100,1788
100,4729
100,1988
100,622
100,1179
100,1724
100,1187
100,2508
100,3643
100,850
100,1247
100,3045
100,2084
100,521
100,2733
100,697
100,117
100,1444
100,2111
100,1449
100,2231
100,1436
100,190
100,1112
100,2185
100,1616
100,1189
100,1844
100,2452
100,2304
100,807
100,1901
100,1425
100,1389
100,1206
100,1278
100,2551
100,593
100,704
100,2706
100,1529
100,2437
100,1723
100,1283
100,333
100,3839
100,1256
100,661
100,1928
100,409
100,855
100,752
100,2895
100,326
100,828
100,1792
100,3196
100,3524
100,1143
100,2807
100,1847
100,1360
100,2762
100,3254
100,798
100,3154
100,3119
100,994
100,1285
100,1840
100,1988
100,551
100,613
100,212
100,1729
100,2048
100,2109
100,2716
100,1967
100,1013
100,1924
100,1551
100,2605
100,1912
100,1129
100,222
100,1777
100,1349
100,3650
100,2074
100,871
100,1259
100,1613
100,59
100,1561
100,2228
100,3230
100,2873
100,790
100,1606
100,1909
100,137
100,2420
100,1698
100,2045
100,1876
100,699
100,1985
100,703
100,950
100,2653
100,3615
100,1281
100,3407
100,156
100,1410
100,1196
100,1283
100,797
100,1698
100,3336
100,2017
100,2755
100,217
100,3620
100,97
100,3615
100,1971
100,3184
100,1812
100,976
100,1277
100,3562
100,2042
100,4037
100,2467
100,2104
100,1671
100,3026
100,2988
100,1088
100,1483
100,1054
100,1258
100,2445
100,1661
